Date,open,high,low,close,adj close,volume
2007-12-27,50.59000015258789,50.59000015258789,50.36000061035156,50.36000061035156,36.150978088378906,30600
2007-12-28,50.27000045776367,50.27000045776367,50.13999938964844,50.16999816894531,36.01456451416016,26300
2007-12-31,49.959999084472656,50.130001068115234,49.77000045776367,50.130001068115234,35.985870361328125,67800
2008-01-02,50.09999847412109,50.119998931884766,49.119998931884766,49.52999877929688,35.555152893066406,123800
2008-01-03,50.5,50.5,49.27000045776367,49.369998931884766,35.4403076171875,28900
2008-01-04,50.560001373291016,50.560001373291016,48.400001525878906,48.40999984741211,34.75115966796875,33300
2008-01-07,49.0,49.0,48.36000061035156,48.5099983215332,34.822940826416016,46700
2008-01-08,49.9900016784668,49.9900016784668,47.95000076293945,48.04999923706055,34.49272537231445,80600
2008-01-09,47.869998931884766,48.43999862670898,47.650001525878906,48.43999862670898,34.772701263427734,37300
2008-01-10,46.959999084472656,49.220001220703125,46.959999084472656,48.9900016784668,35.167518615722656,27200
2008-01-11,51.0,51.0,48.43000030517578,48.59999847412109,34.88755798339844,29000
2008-01-14,50.470001220703125,50.470001220703125,48.5,48.77000045776367,35.00958251953125,17700
2008-01-15,48.970001220703125,48.970001220703125,47.70000076293945,47.709999084472656,34.248653411865234,10200
2008-01-16,47.72999954223633,47.91999816894531,47.400001525878906,47.869998931884766,34.36353302001953,10100
2008-01-17,48.84999847412109,48.84999847412109,46.0,46.0099983215332,33.02831268310547,18100
2008-01-18,48.959999084472656,48.959999084472656,45.119998931884766,45.83000183105469,32.89909362792969,14200
2008-01-22,46.790000915527344,46.790000915527344,43.4900016784668,45.150001525878906,32.41098403930664,28200
2008-01-23,44.54999923706055,46.58000183105469,44.11000061035156,46.310001373291016,33.24367904663086,40800
2008-01-24,46.43999862670898,46.7599983215332,46.25,46.4900016784668,33.37289047241211,5200
2008-01-25,49.150001525878906,49.150001525878906,45.79999923706055,45.79999923706055,32.8775749206543,27600
2008-01-28,46.77999877929688,46.77999877929688,43.08000183105469,46.7400016784668,33.55235290527344,17400
2008-01-29,48.68000030517578,48.68000030517578,47.0099983215332,47.34000015258789,33.98306655883789,7000
2008-01-30,47.540000915527344,47.77999877929688,47.0,47.0,33.738990783691406,11300
2008-01-31,46.2400016784668,48.04999923706055,46.2400016784668,47.61000061035156,34.176876068115234,17300
2008-02-01,47.84000015258789,48.43999862670898,47.79999923706055,48.36000061035156,34.71525955200195,13000
2008-02-04,49.81999969482422,49.81999969482422,47.90999984741211,47.90999984741211,34.39222717285156,30300
2008-02-05,48.52000045776367,48.52000045776367,46.220001220703125,46.220001220703125,33.17906951904297,12700
2008-02-06,46.77000045776367,46.77000045776367,45.959999084472656,45.959999084472656,32.992427825927734,16700
2008-02-07,45.95000076293945,46.540000915527344,45.95000076293945,46.27999877929688,33.222129821777344,4000
2008-02-08,46.11000061035156,46.18000030517578,45.5099983215332,45.72999954223633,32.827327728271484,24800
2008-02-11,47.52999877929688,47.52999877929688,45.290000915527344,45.7400016784668,32.83449935913086,12400
2008-02-12,46.16999816894531,47.400001525878906,46.11000061035156,46.27999877929688,33.222129821777344,80300
2008-02-13,47.959999084472656,47.959999084472656,46.5099983215332,46.880001068115234,33.65285873413086,17600
2008-02-14,48.650001525878906,48.650001525878906,46.27000045776367,46.27000045776367,33.21495819091797,66200
2008-02-15,46.0,46.45000076293945,45.9900016784668,46.45000076293945,33.34417724609375,15300
2008-02-19,49.27000045776367,49.27000045776367,46.29999923706055,46.38999938964844,33.30110168457031,15900
2008-02-20,45.5,46.709999084472656,45.5,46.52999877929688,33.4015998840332,30500
2008-02-21,46.75,46.75,46.0,46.02000045776367,33.03550338745117,90100
2008-02-22,45.869998931884766,46.560001373291016,45.59999847412109,46.560001373291016,33.42314147949219,4700
2008-02-25,48.41999816894531,48.41999816894531,46.41999816894531,47.2400016784668,33.911277770996094,12000
2008-02-26,45.84999847412109,47.4900016784668,40.06999969482422,47.290000915527344,33.947174072265625,24900
2008-02-27,47.20000076293945,47.59999847412109,47.18000030517578,47.369998931884766,34.00458908081055,12400
2008-02-28,47.0,47.11000061035156,46.68999862670898,46.84000015258789,33.6241455078125,11600
2008-02-29,46.27999877929688,46.31999969482422,45.310001373291016,45.310001373291016,32.52581787109375,69900
2008-03-03,45.52999877929688,45.58000183105469,45.150001525878906,45.470001220703125,32.64067077636719,3800
2008-03-04,45.09999847412109,45.290000915527344,44.77000045776367,45.25,32.482749938964844,18500
2008-03-05,45.5,45.68000030517578,45.220001220703125,45.220001220703125,32.46122360229492,4800
2008-03-06,44.810001373291016,44.810001373291016,44.41999816894531,44.41999816894531,31.886932373046875,5100
2008-03-07,44.43000030517578,44.43999862670898,43.59000015258789,43.9900016784668,31.578258514404297,26500
2008-03-10,43.95000076293945,43.959999084472656,43.34000015258789,43.38999938964844,31.14755249023437,34400
2008-03-11,46.33000183105469,46.33000183105469,44.060001373291016,45.2400016784668,32.475582122802734,14500
2008-03-12,45.41999816894531,45.68000030517578,44.72999954223633,45.43999862670898,32.619136810302734,11400
2008-03-13,44.13999938964844,45.11000061035156,43.790000915527344,44.880001068115234,32.21715545654297,24100
2008-03-14,45.0,45.0,43.38999938964844,43.880001068115234,31.49930000305176,66200
2008-03-17,43.22999954223633,43.93999862670898,42.9900016784668,43.72999954223633,31.39160919189453,14100
2008-03-18,44.58000183105469,45.630001068115234,44.54999923706055,45.630001068115234,32.75554275512695,12500
2008-03-19,45.91999816894531,46.16999816894531,44.75,44.75,32.12383270263672,10300
2008-03-20,45.20000076293945,46.060001373291016,45.11000061035156,46.060001373291016,33.064208984375,11000
2008-03-24,46.54999923706055,46.84999847412109,46.29999923706055,46.5,33.380062103271484,24300
2008-03-25,46.220001220703125,46.33000183105469,45.93000030517578,46.16999816894531,33.32233047485352,156600
2008-03-26,45.959999084472656,46.060001373291016,45.630001068115234,45.68999862670898,32.975887298583984,13800
2008-03-27,45.959999084472656,46.02000045776367,45.41999816894531,45.41999816894531,32.781028747558594,136000
2008-03-28,45.619998931884766,45.619998931884766,44.91999816894531,44.91999816894531,32.4201545715332,4700
2008-03-31,44.810001373291016,45.34999847412109,44.810001373291016,45.08000183105469,32.535640716552734,30600
2008-04-01,45.81999969482422,46.630001068115234,45.81999969482422,46.630001068115234,33.65433120727539,13900
2008-04-02,47.02000045776367,47.130001068115234,46.70000076293945,46.7599983215332,33.748138427734375,22900
2008-04-03,46.59999847412109,47.0,46.59999847412109,46.84000015258789,33.8058967590332,5100
2008-04-04,46.810001373291016,47.02000045776367,46.59000015258789,46.68000030517578,33.69041061401367,25300
2008-04-07,47.40999984741211,47.40999984741211,46.86000061035156,46.93000030517578,33.87084197998047,11400
2008-04-08,46.65999984741211,46.81999969482422,46.5,46.70000076293945,33.7048454284668,69000
2008-04-09,46.70000076293945,46.70000076293945,46.13999938964844,46.25,33.38006591796875,44400
2008-04-10,46.25,46.4900016784668,46.09999847412109,46.2400016784668,33.37285614013672,5200
2008-04-11,45.45000076293945,45.720001220703125,45.16999816894531,45.20000076293945,32.62225341796875,17700
2008-04-14,45.119998931884766,45.20000076293945,44.88999938964844,45.02000045776367,32.49233627319336,51200
2008-04-15,45.33000183105469,45.33000183105469,44.93000030517578,45.22999954223633,32.64390563964844,17900
2008-04-16,45.560001373291016,46.16999816894531,45.560001373291016,46.16999816894531,33.32233047485352,9800
2008-04-17,46.09000015258789,46.380001068115234,45.93000030517578,46.27000045776367,33.394493103027344,15500
2008-04-18,47.09000015258789,47.09000015258789,46.810001373291016,46.93999862670898,33.87807083129883,21300
2008-04-21,46.66999816894531,46.66999816894531,46.34999847412109,46.58000183105469,33.61825180053711,6300
2008-04-22,46.41999816894531,46.45000076293945,46.2400016784668,46.40999984741211,33.49552917480469,19400
2008-04-23,46.310001373291016,46.650001525878906,46.2599983215332,46.34000015258789,33.44502258300781,14000
2008-04-24,46.459999084472656,47.13999938964844,46.25,46.86000061035156,33.82032775878906,10000
2008-04-25,47.09000015258789,47.25,46.75,47.25,34.101783752441406,16800
2008-04-28,47.29999923706055,47.36000061035156,47.09999847412109,47.33000183105469,34.1595344543457,5300
2008-04-29,47.09000015258789,47.119998931884766,46.81999969482422,46.93000030517578,33.87084197998047,24000
2008-04-30,47.08000183105469,47.5099983215332,46.86000061035156,46.86000061035156,33.82032775878906,22700
2008-05-01,46.83000183105469,47.56999969482422,46.79999923706055,47.40999984741211,34.2172737121582,4200
2008-05-02,48.15999984741211,48.15999984741211,47.66999816894531,47.79999923706055,34.49873733520508,9200
2008-05-05,47.77000045776367,47.77000045776367,47.41999816894531,47.54999923706055,34.31831741333008,29900
2008-05-06,47.27999877929688,47.869998931884766,47.09999847412109,47.84000015258789,34.52761459350586,6500
2008-05-07,47.59999847412109,47.70000076293945,46.810001373291016,46.810001373291016,33.78424072265625,22100
2008-05-08,46.720001220703125,47.0099983215332,46.720001220703125,46.880001068115234,33.83476638793945,4000
2008-05-09,46.56999969482422,46.56999969482422,46.43000030517578,46.5099983215332,33.56772232055664,9500
2008-05-12,46.63999938964844,47.02000045776367,46.619998931884766,47.02000045776367,33.93579864501953,15300
2008-05-13,47.08000183105469,47.119998931884766,46.83000183105469,46.900001525878906,33.84919357299805,13100
2008-05-14,47.06999969482422,47.43000030517578,47.06999969482422,47.33000183105469,34.1595344543457,4800
2008-05-15,47.18000030517578,47.540000915527344,47.04999923706055,47.540000915527344,34.311092376708984,21600
2008-05-16,47.70000076293945,47.70000076293945,47.31999969482422,47.52999877929688,34.30387878417969,11500
2008-05-19,47.65999984741211,48.08000183105469,47.61000061035156,47.66999816894531,34.404911041259766,9400
2008-05-20,47.619998931884766,47.619998931884766,47.09000015258789,47.22999954223633,34.08736038208008,22100
2008-05-21,47.27999877929688,47.29999923706055,46.540000915527344,46.540000915527344,33.58936309814453,24700
2008-05-22,46.59999847412109,46.83000183105469,46.58000183105469,46.61000061035156,33.639888763427734,14300
2008-05-23,46.5099983215332,46.5099983215332,45.900001525878906,45.900001525878906,33.12746047973633,30900
2008-05-27,45.88999938964844,46.09000015258789,45.70000076293945,46.0099983215332,33.206844329833984,11200
2008-05-28,46.08000183105469,46.08000183105469,45.75,45.790000915527344,33.04806900024414,9500
2008-05-29,46.119998931884766,46.63999938964844,46.119998931884766,46.40999984741211,33.49552917480469,8100
2008-05-30,46.59999847412109,46.59999847412109,46.2400016784668,46.2400016784668,33.37285614013672,7300
2008-06-02,46.08000183105469,46.08000183105469,45.59000015258789,45.790000915527344,33.04806900024414,4200
2008-06-03,46.02000045776367,46.02000045776367,45.33000183105469,45.540000915527344,32.86764144897461,17800
2008-06-04,45.41999816894531,45.66999816894531,45.209999084472656,45.27000045776367,32.67277908325195,21800
2008-06-05,45.56999969482422,46.16999816894531,45.56999969482422,46.150001525878906,33.30789566040039,15500
2008-06-06,45.540000915527344,45.540000915527344,44.66999816894531,44.66999816894531,32.2397346496582,29600
2008-06-09,44.91999816894531,45.0099983215332,44.400001525878906,44.630001068115234,32.21084976196289,11100
2008-06-10,44.45000076293945,44.77999877929688,44.45000076293945,44.58000183105469,32.174774169921875,9800
2008-06-11,44.43000030517578,44.43000030517578,43.900001525878906,43.900001525878906,31.68398666381836,13300
2008-06-12,44.290000915527344,44.43999862670898,43.88999938964844,43.88999938964844,31.67678642272949,25100
2008-06-13,44.27999877929688,44.47999954223633,43.93999862670898,44.47999954223633,32.10260391235352,12200
2008-06-16,44.459999084472656,44.709999084472656,44.38999938964844,44.61000061035156,32.19642639160156,16800
2008-06-17,44.7599983215332,44.7599983215332,44.20000076293945,44.20000076293945,31.900522232055664,13100
2008-06-18,43.95000076293945,43.95000076293945,43.59999847412109,43.7400016784668,31.568523406982425,10000
2008-06-19,43.7599983215332,43.810001373291016,43.47999954223633,43.619998931884766,31.48192024230957,27300
2008-06-20,43.36000061035156,43.38999938964844,42.959999084472656,42.959999084472656,31.005565643310547,28900
2008-06-23,43.040000915527344,43.04999923706055,42.869998931884766,42.93999862670898,30.991130828857425,9700
2008-06-24,42.650001525878906,43.0,42.38999938964844,42.720001220703125,31.0100212097168,6500
2008-06-25,43.040000915527344,43.4900016784668,43.02999877929688,43.02999877929688,31.23504066467285,13900
2008-06-26,42.43999862670898,42.47999954223633,41.75,41.790000915527344,30.334938049316406,10200
2008-06-27,41.900001525878906,41.97999954223633,41.5,41.52999877929688,30.146196365356445,9400
2008-06-30,41.470001220703125,41.900001525878906,41.470001220703125,41.65999984741211,30.24056434631348,19300
2008-07-01,41.34000015258789,41.810001373291016,41.16999816894531,41.77000045776367,30.320411682128903,18800
2008-07-02,42.09999847412109,42.18000030517578,41.290000915527344,41.290000915527344,29.971982955932617,23800
2008-07-03,41.2599983215332,41.68999862670898,41.22999954223633,41.52999877929688,30.146196365356445,8800
2008-07-07,41.66999816894531,41.66999816894531,40.540000915527344,41.0,29.761474609375,83700
2008-07-08,40.97999954223633,41.790000915527344,40.709999084472656,41.790000915527344,30.334938049316406,35800
2008-07-09,41.77999877929688,41.959999084472656,41.18000030517578,41.18000030517578,29.89213752746582,8100
2008-07-10,40.880001068115234,41.119998931884766,40.630001068115234,41.02000045776367,29.775997161865234,12300
2008-07-11,40.34999847412109,41.04999923706055,40.06999969482422,40.38999938964844,29.318693161010746,13400
2008-07-14,40.84999847412109,40.86000061035156,39.880001068115234,39.900001525878906,28.96299362182617,17000
2008-07-15,40.34999847412109,40.34999847412109,38.97999954223633,39.25,28.49117851257324,37600
2008-07-16,39.34999847412109,40.41999816894531,39.34999847412109,40.41999816894531,29.340465545654297,13700
2008-07-17,40.84999847412109,41.06999969482422,40.400001525878906,41.060001373291016,29.80503273010254,28900
2008-07-18,41.4900016784668,41.4900016784668,40.93999862670898,41.36000061035156,30.02279281616211,77700
2008-07-21,41.77000045776367,41.77000045776367,41.220001220703125,41.29999923706055,29.97924423217773,59900
2008-07-22,41.08000183105469,41.91999816894531,40.86000061035156,41.91999816894531,30.429292678833008,110400
2008-07-23,42.47999954223633,42.63999938964844,42.20000076293945,42.40999984741211,30.78498649597168,52800
2008-07-24,42.369998931884766,42.369998931884766,41.27999877929688,41.27999877929688,29.9647216796875,14100
2008-07-25,41.59999847412109,41.59999847412109,41.02000045776367,41.27999877929688,29.9647216796875,2300
2008-07-28,41.34999847412109,41.34999847412109,40.40999984741211,40.40999984741211,29.333208084106445,23900
2008-07-29,40.52999877929688,41.41999816894531,40.45000076293945,41.41999816894531,30.06635284423828,15100
2008-07-30,41.86000061035156,42.2599983215332,41.650001525878906,42.2599983215332,30.67609596252441,21400
2008-07-31,41.93000030517578,42.20000076293945,41.59000015258789,41.630001068115234,30.21878433227539,38800
2008-08-01,41.66999816894531,41.7400016784668,41.380001068115234,41.52999877929688,30.146196365356445,49000
2008-08-04,41.2599983215332,41.41999816894531,41.209999084472656,41.220001220703125,29.921173095703125,6200
2008-08-05,41.70000076293945,42.40999984741211,41.70000076293945,42.40999984741211,30.78498649597168,58300
2008-08-06,42.2599983215332,42.4900016784668,42.11000061035156,42.43999862670898,30.80675506591797,16200
2008-08-07,41.93000030517578,42.040000915527344,41.43000030517578,41.5099983215332,30.13167762756348,44000
2008-08-08,41.54999923706055,42.650001525878906,41.54999923706055,42.54999923706055,30.886613845825195,47400
2008-08-11,42.630001068115234,43.22999954223633,42.540000915527344,42.79999923706055,31.06808280944824,17300
2008-08-12,42.619998931884766,42.720001220703125,42.0,42.060001373291016,30.53093147277832,7100
2008-08-13,41.90999984741211,42.09999847412109,41.56999969482422,41.88999938964844,30.407527923583984,29700
2008-08-14,41.68000030517578,42.310001373291016,41.560001373291016,42.130001068115234,30.58172607421875,45200
2008-08-15,42.5,42.5,42.2400016784668,42.34000015258789,30.734167098999023,700
2008-08-18,42.209999084472656,42.2599983215332,41.61000061035156,41.650001525878906,30.233306884765625,14500
2008-08-19,41.52000045776367,41.52000045776367,41.08000183105469,41.20000076293945,29.90665054321289,45500
2008-08-20,41.09000015258789,41.47999954223633,41.0,41.47999954223633,30.10991096496582,22600
2008-08-21,41.20000076293945,41.70000076293945,41.16999816894531,41.630001068115234,30.21878433227539,27400
2008-08-22,41.9900016784668,42.04999923706055,41.84999847412109,42.02000045776367,30.50188446044922,19400
2008-08-25,42.040000915527344,42.040000915527344,41.27999877929688,41.27999877929688,29.9647216796875,22200
2008-08-26,41.54999923706055,41.54999923706055,41.18999862670898,41.47999954223633,30.10991096496582,14800
2008-08-27,41.45000076293945,41.869998931884766,41.45000076293945,41.77000045776367,30.320411682128903,32300
2008-08-28,42.06999969482422,42.650001525878906,42.040000915527344,42.650001525878906,30.959192276000977,7400
2008-08-29,42.560001373291016,42.650001525878906,42.25,42.25,30.668834686279297,11300
2008-09-02,42.709999084472656,42.86000061035156,42.20000076293945,42.290000915527344,30.69787979125977,11900
2008-09-03,42.20000076293945,42.47999954223633,42.18000030517578,42.47999954223633,30.835786819458008,50900
2008-09-04,42.16999816894531,42.20000076293945,41.13999938964844,41.13999938964844,29.86310768127441,10000
2008-09-05,40.7400016784668,41.54999923706055,40.650001525878906,41.4900016784668,30.11717414855957,21900
2008-09-08,43.27000045776367,43.630001068115234,41.91999816894531,42.5,30.850311279296875,6300
2008-09-09,42.52000045776367,42.52000045776367,41.150001525878906,41.150001525878906,29.87035751342773,13100
2008-09-10,41.09999847412109,41.43999862670898,40.900001525878906,41.43999862670898,30.08087921142578,2000
2008-09-11,40.5,41.27999877929688,40.25,41.27999877929688,29.9647216796875,14600
2008-09-12,41.13999938964844,41.470001220703125,41.13999938964844,41.369998931884766,30.03005790710449,7900
2008-09-15,41.2599983215332,41.2599983215332,39.36000061035156,39.369998931884766,28.57827377319336,46900
2008-09-16,38.09999847412109,40.0,38.0,39.84999847412109,28.926700592041016,103100
2008-09-17,39.18999862670898,39.290000915527344,38.09999847412109,38.09999847412109,27.65639877319336,36400
2008-09-18,38.84999847412109,40.11000061035156,37.40999984741211,39.77000045776367,28.86863136291504,44000
2008-09-19,42.15999984741211,42.15999984741211,41.709999084472656,42.15999984741211,30.603515625,21100
2008-09-22,43.06999969482422,43.06999969482422,40.619998931884766,40.630001068115234,29.492904663085938,24500
2008-09-23,40.52999877929688,40.959999084472656,39.84999847412109,40.08000183105469,29.09365463256836,49700
2008-09-24,39.56999969482422,39.91999816894531,38.77999877929688,39.459999084472656,28.845853805541992,223700
2008-09-25,40.25,40.86000061035156,39.810001373291016,40.290000915527344,29.45258903503418,52800
2008-09-26,39.68999862670898,40.7599983215332,39.619998931884766,40.7599983215332,29.79616355895996,64900
2008-09-29,39.63999938964844,39.93999862670898,37.15999984741211,38.119998931884766,27.866283416748047,129200
2008-09-30,39.97999954223633,39.97999954223633,37.93000030517578,39.16999816894531,28.633846282958984,95200
2008-10-01,38.720001220703125,39.5,38.470001220703125,39.45000076293945,28.838537216186523,24400
2008-10-02,39.91999816894531,39.91999816894531,38.08000183105469,38.15999984741211,27.895526885986328,32400
2008-10-03,39.70000076293945,39.70000076293945,37.560001373291016,37.560001373291016,27.456920623779297,33700
2008-10-06,36.5099983215332,36.59999847412109,34.75,36.47999954223633,26.667421340942383,58500
2008-10-07,36.560001373291016,36.560001373291016,34.27000045776367,34.29999923706055,25.073808670043945,44400
2008-10-08,33.459999084472656,34.650001525878906,32.88999938964844,33.5099983215332,24.496307373046875,57800
2008-10-09,33.650001525878906,33.849998474121094,30.309999465942383,31.030000686645508,22.683395385742188,44500
2008-10-10,29.0,31.01000022888184,27.989999771118164,30.40999984741211,22.23015785217285,77400
2008-10-13,34.0,34.0,31.1299991607666,33.619998931884766,24.57672119140625,104400
2008-10-14,35.689998626708984,36.43999862670898,32.97999954223633,34.18000030517578,24.986083984375,77900
2008-10-15,33.439998626708984,33.439998626708984,31.01000022888184,31.01000022888184,22.66877174377441,62000
2008-10-16,31.6299991607666,32.2599983215332,29.3799991607666,32.2599983215332,23.58253669738769,124900
2008-10-17,31.6299991607666,33.40999984741211,31.6299991607666,31.940000534057617,23.348617553710938,160400
2008-10-20,32.720001220703125,33.43000030517578,32.25,33.43000030517578,24.43782615661621,56500
2008-10-21,33.650001525878906,33.720001220703125,32.77000045776367,32.779998779296875,23.96266365051269,75700
2008-10-22,32.040000915527344,32.040000915527344,30.1299991607666,30.76000022888184,22.48601722717285,133000
2008-10-23,31.209999084472656,31.76000022888184,29.799999237060547,31.530000686645508,23.04890251159668,107400
2008-10-24,27.76000022888184,31.0,27.76000022888184,30.5,22.295955657958984,44900
2008-10-27,30.950000762939453,30.950000762939453,29.489999771118164,29.489999771118164,21.55763053894043,50300
2008-10-28,31.06999969482422,32.45000076293945,29.559999465942383,32.45000076293945,23.7214298248291,26800
2008-10-29,31.670000076293945,33.380001068115234,31.670000076293945,31.75,23.209720611572266,40700
2008-10-30,33.52000045776367,33.52000045776367,32.0,32.650001525878906,23.867637634277344,40500
2008-10-31,32.77000045776367,33.599998474121094,32.52000045776367,33.13999938964844,24.2258358001709,28000
2008-11-03,33.279998779296875,33.38999938964844,32.86000061035156,33.33000183105469,24.364727020263672,87700
2008-11-04,33.83000183105469,34.720001220703125,33.75,34.709999084472656,25.37352180480957,36900
2008-11-05,34.34000015258789,34.43000030517578,32.540000915527344,32.540000915527344,23.787221908569336,85600
2008-11-06,32.599998474121094,32.709999084472656,30.88999938964844,30.959999084472656,22.632226943969727,68900
2008-11-07,31.40999984741211,32.0,31.229999542236328,32.0,23.39247703552246,74700
2008-11-10,32.91999816894531,32.91999816894531,31.100000381469727,31.600000381469727,23.100074768066406,41400
2008-11-11,30.940000534057617,31.21999931335449,30.43000030517578,30.959999084472656,22.632226943969727,283700
2008-11-12,30.43000030517578,30.6200008392334,29.270000457763672,29.350000381469727,21.455284118652344,82900
2008-11-13,29.5,31.350000381469727,28.290000915527344,31.350000381469727,22.917312622070312,153500
2008-11-14,31.040000915527344,31.670000076293945,30.020000457763672,30.209999084472656,22.083959579467773,134000
2008-11-17,29.63999938964844,30.530000686645508,29.479999542236328,29.51000022888184,21.572250366210938,120600
2008-11-18,29.56999969482422,30.0,28.6299991607666,29.68000030517578,21.69652366638184,48200
2008-11-19,29.68000030517578,29.700000762939453,27.86000061035156,27.89999961853028,20.395313262939453,101400
2008-11-20,27.540000915527344,28.229999542236328,25.6299991607666,25.8799991607666,18.91866683959961,172300
2008-11-21,26.68000030517578,27.39999961853028,25.5,27.39999961853028,20.029809951782227,54000
2008-11-24,28.299999237060547,29.86000061035156,27.84000015258789,29.25,21.38218688964844,54000
2008-11-25,29.8700008392334,30.1200008392334,28.959999084472656,29.65999984741211,21.68190193176269,271900
2008-11-26,29.15999984741211,30.739999771118164,29.09000015258789,30.739999771118164,22.471399307250977,473800
2008-11-28,30.940000534057617,31.65999984741211,30.6200008392334,31.209999084472656,22.814977645874023,17300
2008-12-01,30.239999771118164,30.239999771118164,28.18000030517578,28.18000030517578,20.599998474121094,70000
2008-12-02,29.270000457763672,29.6200008392334,28.420000076293945,29.57999992370605,21.623422622680664,136900
2008-12-03,28.63999938964844,30.489999771118164,28.63999938964844,30.489999771118164,22.28864097595215,87600
2008-12-04,30.01000022888184,30.68000030517578,29.13999938964844,29.540000915527344,21.594179153442383,62800
2008-12-05,29.1299991607666,30.8799991607666,28.75,30.8700008392334,22.56643295288086,132700
2008-12-08,31.709999084472656,32.310001373291016,31.440000534057617,31.989999771118164,23.385168075561523,108400
2008-12-09,31.65999984741211,32.02000045776367,31.020000457763672,31.07999992370605,22.71994400024414,81800
2008-12-10,31.549999237060547,31.799999237060547,31.06999969482422,31.549999237060547,23.063520431518555,76900
2008-12-11,31.450000762939453,31.670000076293945,30.43000030517578,30.6200008392334,22.383676528930664,98000
2008-12-12,29.81999969482422,30.739999771118164,29.38999938964844,30.739999771118164,22.471399307250977,91200
2008-12-15,31.13999938964844,31.13999938964844,29.950000762939453,30.38999938964844,22.21554374694824,56300
2008-12-16,30.75,32.13999938964844,30.700000762939453,32.13999938964844,23.494815826416016,70900
2008-12-17,31.5,32.20000076293945,31.299999237060547,31.61000061035156,23.107378005981445,86700
2008-12-18,31.670000076293945,31.84000015258789,30.39999961853028,30.75,22.47870445251465,116800
2008-12-19,30.940000534057617,31.46999931335449,30.6299991607666,30.81999969482422,22.52988624572754,157700
2008-12-22,30.600000381469727,30.600000381469727,29.40999984741211,29.86000061035156,22.03400039672852,117800
2008-12-23,30.229999542236328,30.229999542236328,29.549999237060547,29.690000534057617,21.90855407714844,116200
2008-12-24,29.700000762939453,29.89999961853028,29.57999992370605,29.84000015258789,22.019243240356445,45100
2008-12-26,30.290000915527344,30.290000915527344,29.850000381469727,30.07999992370605,22.19634246826172,124000
2008-12-29,30.14999961853028,30.14999961853028,29.61000061035156,29.90999984741211,22.07090950012207,57900
2008-12-30,30.38999938964844,30.6200008392334,30.1200008392334,30.6200008392334,22.59480667114257,84600
2008-12-31,30.76000022888184,31.420000076293945,30.63999938964844,31.3799991607666,23.155630111694336,89000
2009-01-02,31.350000381469727,32.220001220703125,31.1200008392334,32.15999984741211,23.7311954498291,27800
2009-01-05,31.979999542236328,32.150001525878906,31.65999984741211,31.799999237060547,23.465551376342773,186400
2009-01-06,32.209999084472656,32.36000061035156,31.799999237060547,31.90999984741211,23.54672241210937,35200
2009-01-07,31.420000076293945,31.540000915527344,30.790000915527344,30.90999984741211,22.808807373046875,18300
2009-01-08,30.799999237060547,31.059999465942383,30.729999542236328,31.01000022888184,22.88259696960449,103900
2009-01-09,31.200000762939453,31.200000762939453,30.40999984741211,30.43000030517578,22.454608917236328,204500
2009-01-12,30.299999237060547,30.299999237060547,29.43000030517578,29.68000030517578,21.90117835998535,126200
2009-01-13,29.489999771118164,29.84000015258789,29.38999938964844,29.690000534057617,21.90855407714844,131700
2009-01-14,29.170000076293945,29.170000076293945,28.38999938964844,28.700000762939453,21.178022384643555,64100
2009-01-15,28.559999465942383,28.770000457763672,27.540000915527344,28.420000076293945,20.97141456604004,230700
2009-01-16,28.8700008392334,28.959999084472656,27.82999992370605,28.479999542236328,21.015687942504883,152100
2009-01-20,28.1299991607666,28.18000030517578,26.790000915527344,26.790000915527344,19.768617630004883,231900
2009-01-21,27.21999931335449,28.13999938964844,26.780000686645508,28.13999938964844,20.764793395996094,234400
2009-01-22,27.559999465942383,28.059999465942383,27.020000457763672,27.600000381469727,20.366323471069336,274500
2009-01-23,26.8799991607666,27.920000076293945,26.850000381469727,27.670000076293945,20.417978286743164,267900
2009-01-26,27.989999771118164,28.46999931335449,27.65999984741211,27.86000061035156,20.558183670043945,73300
2009-01-27,28.049999237060547,28.39999961853028,27.82999992370605,28.299999237060547,20.882856369018555,131200
2009-01-28,28.86000061035156,29.420000076293945,28.799999237060547,29.280000686645508,21.606014251708984,75600
2009-01-29,28.790000915527344,28.809999465942383,28.18000030517578,28.200000762939453,20.80907821655273,102600
2009-01-30,28.36000061035156,28.38999938964844,27.459999084472656,27.600000381469727,20.366323471069336,35200
2009-02-02,27.18000030517578,27.670000076293945,27.13999938964844,27.46999931335449,20.270395278930664,58300
2009-02-03,27.71999931335449,27.8700008392334,27.3700008392334,27.71999931335449,20.454872131347656,193100
2009-02-04,27.940000534057617,28.13999938964844,27.3700008392334,27.479999542236328,20.27777671813965,114500
2009-02-05,27.270000457763672,28.0,26.959999084472656,27.75,20.47701072692871,59400
2009-02-06,28.25,28.739999771118164,28.18000030517578,28.63999938964844,21.133752822875977,95600
2009-02-09,28.670000076293945,28.959999084472656,28.549999237060547,28.790000915527344,21.244441986083984,113600
2009-02-10,28.68000030517578,28.68000030517578,27.0,27.13999938964844,20.02688789367676,133900
2009-02-11,27.3799991607666,27.57999992370605,27.040000915527344,27.39999961853028,20.218748092651367,106200
2009-02-12,26.96999931335449,27.34000015258789,26.450000762939453,27.34000015258789,20.17447280883789,124000
2009-02-13,27.36000061035156,27.479999542236328,26.989999771118164,26.989999771118164,19.916200637817383,149300
2009-02-17,25.90999984741211,26.059999465942383,25.56999969482422,25.56999969482422,18.868364334106445,45900
2009-02-18,25.76000022888184,25.76000022888184,25.229999542236328,25.459999084472656,18.787202835083008,66900
2009-02-19,25.76000022888184,25.81999969482422,25.07999992370605,25.15999984741211,18.56582260131836,109800
2009-02-20,24.530000686645508,24.96999931335449,24.100000381469727,24.68000030517578,18.21162414550781,154100
2009-02-23,25.14999961853028,25.14999961853028,23.89999961853028,23.89999961853028,17.63605308532715,61000
2009-02-24,24.100000381469727,25.100000381469727,23.93000030517578,25.049999237060547,18.484655380249023,184400
2009-02-25,24.940000534057617,25.450000762939453,24.39999961853028,24.8700008392334,18.3518295288086,86000
2009-02-26,25.36000061035156,25.549999237060547,24.6299991607666,24.6299991607666,18.17472648620605,61300
2009-02-27,23.959999084472656,24.350000381469727,23.75,23.75,17.52536964416504,81600
2009-03-02,23.14999961853028,23.3799991607666,22.51000022888184,22.549999237060547,16.639873504638672,100900
2009-03-03,23.030000686645508,23.030000686645508,22.100000381469727,22.299999237060547,16.455398559570312,109600
2009-03-04,22.780000686645508,23.059999465942383,22.32999992370605,22.68000030517578,16.73580551147461,53900
2009-03-05,21.989999771118164,22.36000061035156,21.43000030517578,21.6200008392334,15.953619956970217,87100
2009-03-06,21.89999961853028,22.299999237060547,21.18000030517578,21.81999969482422,16.101198196411133,81400
2009-03-09,21.290000915527344,22.270000457763672,21.290000915527344,21.65999984741211,15.983139038085938,62900
2009-03-10,22.31999969482422,23.170000076293945,22.309999465942383,23.13999938964844,17.07524299621582,110400
2009-03-11,23.63999938964844,23.68000030517578,22.959999084472656,23.209999084472656,17.12689781188965,66200
2009-03-12,23.5,24.420000076293945,23.5,24.34000015258789,17.960735321044922,20100
2009-03-13,24.68000030517578,24.709999084472656,24.1299991607666,24.6299991607666,18.17472648620605,37000
2009-03-16,24.84000015258789,25.440000534057617,24.59000015258789,24.63999938964844,18.18210792541504,36100
2009-03-17,24.549999237060547,25.309999465942383,24.540000915527344,25.309999465942383,18.676511764526367,22400
2009-03-18,25.32999992370605,26.440000534057617,25.0,26.1200008392334,19.27422142028809,68500
2009-03-19,26.63999938964844,26.690000534057617,25.6200008392334,25.63999938964844,18.92001724243164,35000
2009-03-20,25.670000076293945,25.700000762939453,24.979999542236328,24.989999771118164,18.440380096435547,33600
2009-03-23,25.96999931335449,26.959999084472656,25.709999084472656,26.90999984741211,19.85716438293457,47200
2009-03-24,26.6299991607666,27.049999237060547,26.3700008392334,26.3700008392334,19.45869445800781,94700
2009-03-25,26.59000015258789,26.84000015258789,25.76000022888184,26.489999771118164,19.75702476501465,52000
2009-03-26,26.82999992370605,26.959999084472656,26.36000061035156,26.86000061035156,20.03297996520996,60300
2009-03-27,26.3799991607666,26.68000030517578,26.21999931335449,26.459999084472656,19.73465919494629,568900
2009-03-30,25.809999465942383,25.809999465942383,25.040000915527344,25.26000022888184,18.83965492248535,359000
2009-03-31,25.600000381469727,26.040000915527344,25.38999938964844,25.57999992370605,19.078319549560547,97200
2009-04-01,25.21999931335449,26.21999931335449,25.200000762939453,26.13999938964844,19.495990753173828,102400
2009-04-02,27.01000022888184,27.229999542236328,26.739999771118164,26.8799991607666,20.04789924621582,205000
2009-04-03,26.89999961853028,27.18000030517578,26.670000076293945,27.15999984741211,20.25673484802246,37500
2009-04-06,26.8799991607666,27.030000686645508,26.61000061035156,26.959999084472656,20.107568740844727,32400
2009-04-07,26.479999542236328,26.56999969482422,26.309999465942383,26.32999992370605,19.63769721984864,142000
2009-04-08,26.450000762939453,26.600000381469727,26.190000534057617,26.489999771118164,19.75702476501465,108000
2009-04-09,27.520000457763672,27.799999237060547,27.239999771118164,27.790000915527344,20.726612091064453,33400
2009-04-13,27.479999542236328,28.190000534057617,27.440000534057617,28.049999237060547,20.920522689819336,28100
2009-04-14,27.63999938964844,27.8700008392334,27.239999771118164,27.239999771118164,20.3164005279541,40800
2009-04-15,27.14999961853028,27.82999992370605,27.06999969482422,27.81999969482422,20.748979568481445,25200
2009-04-16,28.040000915527344,28.239999771118164,27.540000915527344,28.040000915527344,20.913063049316406,67400
2009-04-17,28.049999237060547,28.81999969482422,27.989999771118164,28.25,21.06968879699707,64800
2009-04-20,27.440000534057617,27.450000762939453,26.739999771118164,26.75,19.950942993164062,60900
2009-04-21,26.5,27.40999984741211,26.450000762939453,27.350000381469727,20.398441314697266,73800
2009-04-22,26.989999771118164,27.709999084472656,26.989999771118164,27.13999938964844,20.241819381713867,149600
2009-04-23,27.280000686645508,27.40999984741211,26.82999992370605,27.39999961853028,20.43573760986328,87200
2009-04-24,27.6299991607666,28.040000915527344,27.520000457763672,27.82999992370605,20.756437301635746,38500
2009-04-27,27.280000686645508,27.82999992370605,27.280000686645508,27.549999237060547,20.547607421875,87100
2009-04-28,27.440000534057617,27.700000762939453,27.350000381469727,27.3799991607666,20.420812606811523,30400
2009-04-29,27.81999969482422,28.229999542236328,27.799999237060547,27.959999084472656,20.85340118408203,34200
2009-04-30,28.530000686645508,28.530000686645508,27.8700008392334,28.020000457763672,20.898149490356445,48400
2009-05-01,28.0,28.25,27.81999969482422,28.170000076293945,21.010019302368164,21600
2009-05-04,28.56999969482422,29.40999984741211,28.56999969482422,29.40999984741211,21.934844970703125,36000
2009-05-05,29.36000061035156,29.3700008392334,29.09000015258789,29.229999542236328,21.80059814453125,27800
2009-05-06,29.709999084472656,30.21999931335449,29.540000915527344,30.21999931335449,22.538970947265625,37300
2009-05-07,30.670000076293945,30.75,29.670000076293945,29.790000915527344,22.21826171875,51600
2009-05-08,30.39999961853028,30.850000381469727,30.190000534057617,30.81999969482422,22.98647117614746,53400
2009-05-11,30.25,30.34000015258789,29.93000030517578,29.940000534057617,22.33013916015625,25300
2009-05-12,30.280000686645508,30.280000686645508,29.489999771118164,29.8700008392334,22.27792930603028,23600
2009-05-13,29.440000534057617,29.57999992370605,28.979999542236328,29.049999237060547,21.66634750366211,29000
2009-05-14,29.15999984741211,29.489999771118164,28.950000762939453,29.3799991607666,21.912477493286133,22600
2009-05-15,29.350000381469727,29.38999938964844,28.780000686645508,28.90999984741211,21.561941146850582,18900
2009-05-18,29.299999237060547,29.920000076293945,29.299999237060547,29.8700008392334,22.27792930603028,25700
2009-05-19,29.81999969482422,30.1299991607666,29.76000022888184,29.76000022888184,22.195890426635746,32200
2009-05-20,30.100000381469727,30.280000686645508,29.46999931335449,29.520000457763672,22.01689338684082,21600
2009-05-21,29.020000457763672,29.229999542236328,28.780000686645508,29.100000381469727,21.70363998413086,45200
2009-05-22,29.030000686645508,29.34000015258789,29.020000457763672,29.059999465942383,21.673812866210938,21000
2009-05-26,28.850000381469727,29.75,28.82999992370605,29.68000030517578,22.1362247467041,44800
2009-05-27,29.690000534057617,29.81999969482422,29.059999465942383,29.07999992370605,21.688724517822266,28400
2009-05-28,29.39999961853028,29.670000076293945,29.0,29.600000381469727,22.076555252075195,33200
2009-05-29,29.850000381469727,30.09000015258789,29.530000686645508,30.09000015258789,22.4420108795166,33600
2009-06-01,30.56999969482422,30.82999992370605,30.3799991607666,30.68000030517578,22.88205337524414,38500
2009-06-02,30.63999938964844,30.809999465942383,30.559999465942383,30.700000762939453,22.8969669342041,35400
2009-06-03,30.450000762939453,30.450000762939453,29.979999542236328,30.190000534057617,22.516599655151367,66700
2009-06-04,30.3799991607666,30.6200008392334,30.15999984741211,30.6200008392334,22.837299346923828,32600
2009-06-05,30.90999984741211,31.030000686645508,30.450000762939453,30.489999771118164,22.74034309387207,53500
2009-06-08,30.280000686645508,30.700000762939453,30.1299991607666,30.489999771118164,22.74034309387207,21500
2009-06-09,30.68000030517578,30.690000534057617,30.40999984741211,30.600000381469727,22.82239151000977,36600
2009-06-10,30.88999938964844,30.88999938964844,30.13999938964844,30.3799991607666,22.65830421447754,81100
2009-06-11,30.59000015258789,31.13999938964844,30.59000015258789,30.90999984741211,23.053590774536133,27100
2009-06-12,30.64999961853028,30.8700008392334,30.59000015258789,30.8700008392334,23.023759841918945,27500
2009-06-15,30.520000457763672,30.520000457763672,29.959999084472656,30.11000061035156,22.45693016052246,19700
2009-06-16,30.25,30.25,29.68000030517578,29.700000762939453,22.151138305664062,29000
2009-06-17,29.63999938964844,29.700000762939453,29.350000381469727,29.489999771118164,21.994518280029297,14200
2009-06-18,29.56999969482422,29.90999984741211,29.56999969482422,29.770000457763672,22.203346252441406,37600
2009-06-19,30.100000381469727,30.100000381469727,29.68000030517578,29.82999992370605,22.24809837341309,67000
2009-06-22,29.56999969482422,29.56999969482422,28.8799991607666,28.8799991607666,21.53956413269043,188900
2009-06-23,28.989999771118164,29.06999969482422,28.780000686645508,29.030000686645508,21.651439666748047,34200
2009-06-24,29.06999969482422,29.270000457763672,28.780000686645508,28.84000015258789,21.67849540710449,49300
2009-06-25,28.81999969482422,29.540000915527344,28.799999237060547,29.5,22.174606323242188,23300
2009-06-26,29.459999084472656,29.540000915527344,29.26000022888184,29.459999084472656,22.144535064697266,9800
2009-06-29,29.520000457763672,29.809999465942383,29.459999084472656,29.770000457763672,22.37755584716797,21100
2009-06-30,29.82999992370605,29.84000015258789,29.350000381469727,29.5,22.174606323242188,32500
2009-07-01,29.670000076293945,29.850000381469727,29.6299991607666,29.6299991607666,22.27231979370117,8700
2009-07-02,29.299999237060547,29.299999237060547,28.75,28.75,21.610849380493164,40000
2009-07-06,28.39999961853028,28.790000915527344,28.34000015258789,28.790000915527344,21.64090919494629,24800
2009-07-07,28.729999542236328,28.729999542236328,28.200000762939453,28.25,21.235004425048828,23600
2009-07-08,28.39999961853028,28.39999961853028,27.729999542236328,28.100000381469727,21.12225341796875,32400
2009-07-09,28.229999542236328,28.36000061035156,28.049999237060547,28.14999961853028,21.159835815429688,16700
2009-07-10,28.11000061035156,28.11000061035156,27.82999992370605,28.01000022888184,21.05459976196289,25400
2009-07-13,28.170000076293945,28.809999465942383,28.030000686645508,28.799999237060547,21.648426055908203,11400
2009-07-14,28.850000381469727,28.989999771118164,28.739999771118164,28.950000762939453,21.76117515563965,22900
2009-07-15,29.43000030517578,29.96999931335449,29.43000030517578,29.940000534057617,22.505346298217773,15600
2009-07-16,29.799999237060547,30.200000762939453,29.670000076293945,30.059999465942383,22.595542907714844,24700
2009-07-17,30.059999465942383,30.06999969482422,29.84000015258789,29.989999771118164,22.542924880981445,117200
2009-07-20,30.13999938964844,30.31999969482422,30.01000022888184,30.25,22.73836135864257,11900
2009-07-21,30.540000915527344,30.540000915527344,30.14999961853028,30.440000534057617,22.881187438964844,35900
2009-07-22,30.239999771118164,30.61000061035156,30.239999771118164,30.43000030517578,22.87366104125977,25800
2009-07-23,30.450000762939453,31.270000457763672,30.450000762939453,31.18000030517578,23.43742752075196,26400
2009-07-24,31.07999992370605,31.40999984741211,31.0,31.40999984741211,23.61031150817871,17400
2009-07-27,31.3700008392334,31.56999969482422,31.25,31.56999969482422,23.73058319091797,29500
2009-07-28,31.5,31.540000915527344,31.15999984741211,31.38999938964844,23.595277786254883,19900
2009-07-29,31.209999084472656,31.299999237060547,31.0,31.200000762939453,23.45246696472168,20400
2009-07-30,31.81999969482422,31.950000762939453,31.63999938964844,31.670000076293945,23.805757522583008,28200
2009-07-31,31.65999984741211,31.8700008392334,31.6299991607666,31.729999542236328,23.850849151611328,27200
2009-08-03,32.150001525878906,32.34000015258789,31.950000762939453,32.2599983215332,24.249244689941406,27000
2009-08-04,32.150001525878906,32.439998626708984,32.099998474121094,32.41999816894531,24.369516372680664,25100
2009-08-05,32.11000061035156,32.619998931884766,32.11000061035156,32.540000915527344,24.45971870422364,54000
2009-08-06,32.75,32.7599983215332,32.27000045776367,32.45000076293945,24.39206886291504,21000
2009-08-07,32.7599983215332,33.150001525878906,32.68000030517578,32.880001068115234,24.715288162231445,19200
2009-08-10,32.7599983215332,32.849998474121094,32.61000061035156,32.779998779296875,24.640111923217773,18700
2009-08-11,32.68000030517578,32.68000030517578,32.20000076293945,32.279998779296875,24.2642765045166,17500
2009-08-12,32.22999954223633,32.84000015258789,32.22999954223633,32.619998931884766,24.51984977722168,73600
2009-08-13,32.81999969482422,32.86000061035156,32.5,32.86000061035156,24.70024681091309,17600
2009-08-14,32.93000030517578,32.93000030517578,32.279998779296875,32.58000183105469,24.489782333374023,29900
2009-08-17,31.959999084472656,32.060001373291016,31.790000915527344,31.850000381469727,23.941057205200195,26000
2009-08-18,31.90999984741211,32.189998626708984,31.8799991607666,32.11000061035156,24.136493682861328,33200
2009-08-19,31.799999237060547,32.5,31.770000457763672,32.38999938964844,24.34696388244629,32500
2009-08-20,32.41999816894531,32.790000915527344,32.41999816894531,32.7400016784668,24.61005592346192,13400
2009-08-21,33.06999969482422,33.52000045776367,33.029998779296875,33.43000030517578,25.12870979309082,52400
2009-08-24,33.650001525878906,33.81999969482422,33.459999084472656,33.4900016784668,25.173816680908203,23900
2009-08-25,33.689998626708984,34.099998474121094,33.56999969482422,33.56999969482422,25.23395156860352,17700
2009-08-26,33.459999084472656,33.65999984741211,33.38999938964844,33.540000915527344,25.211400985717773,28600
2009-08-27,33.560001373291016,33.70000076293945,33.189998626708984,33.66999816894531,25.309118270874023,23700
2009-08-28,33.93000030517578,33.93000030517578,33.349998474121094,33.56999969482422,25.23395156860352,517400
2009-08-31,33.290000915527344,33.31999969482422,33.150001525878906,33.31999969482422,25.046030044555664,29000
2009-09-01,33.099998474121094,33.369998931884766,32.369998931884766,32.459999084472656,24.39958381652832,49800
2009-09-02,32.349998474121094,32.47999954223633,32.25,32.290000915527344,24.27179336547852,23900
2009-09-03,32.5,32.61000061035156,32.36000061035156,32.56999969482422,24.48226547241211,21000
2009-09-04,32.689998626708984,32.9900016784668,32.63999938964844,32.9900016784668,24.797975540161133,10200
2009-09-08,33.369998931884766,33.369998931884766,33.209999084472656,33.279998779296875,25.01595687866211,15700
2009-09-09,33.38999938964844,33.68000030517578,33.33000183105469,33.58000183105469,25.24146270751953,41600
2009-09-10,33.58000183105469,33.93000030517578,33.45000076293945,33.93000030517578,25.50455474853516,25700
2009-09-11,34.08000183105469,34.08000183105469,33.75,33.81999969482422,25.4218692779541,10400
2009-09-14,33.560001373291016,34.150001525878906,33.529998779296875,34.150001525878906,25.669919967651367,10100
2009-09-15,34.11000061035156,34.290000915527344,34.02000045776367,34.25,25.74509048461914,15100
2009-09-16,34.31999969482422,34.79999923706055,34.2599983215332,34.79999923706055,26.158523559570312,22100
2009-09-17,34.7400016784668,35.04999923706055,34.61000061035156,34.709999084472656,26.09086227416992,36800
2009-09-18,34.93000030517578,34.93000030517578,34.689998626708984,34.7599983215332,26.12844657897949,15200
2009-09-21,34.470001220703125,34.59000015258789,34.459999084472656,34.560001373291016,25.978116989135746,24400
2009-09-22,34.79999923706055,34.900001525878906,34.689998626708984,34.869998931884766,26.21113014221192,13300
2009-09-23,34.95000076293945,35.119998931884766,34.5,34.5,25.933013916015625,36100
2009-09-24,34.38999938964844,34.43000030517578,33.7400016784668,33.900001525878906,25.65002822875977,45300
2009-09-25,33.939998626708984,33.959999084472656,33.56999969482422,33.65999984741211,25.46843719482422,31900
2009-09-28,33.83000183105469,34.310001373291016,33.83000183105469,34.290000915527344,25.945112228393555,17100
2009-09-29,34.34000015258789,34.5099983215332,34.16999816894531,34.2400016784668,25.907285690307617,30500
2009-09-30,34.34000015258789,34.349998474121094,33.81999969482422,34.060001373291016,25.77109146118164,28600
2009-10-01,33.95000076293945,33.95000076293945,33.130001068115234,33.130001068115234,25.067419052124023,30100
2009-10-02,32.810001373291016,33.13999938964844,32.720001220703125,32.970001220703125,24.94635391235352,36200
2009-10-05,33.060001373291016,33.630001068115234,33.060001373291016,33.599998474121094,25.423038482666016,23600
2009-10-06,33.880001068115234,34.22999954223633,33.79999923706055,34.02000045776367,25.74082565307617,21300
2009-10-07,33.97999954223633,34.150001525878906,33.93000030517578,34.150001525878906,25.839183807373047,30300
2009-10-08,34.43000030517578,34.529998779296875,34.25,34.380001068115234,26.01321601867676,240000
2009-10-09,34.369998931884766,34.54999923706055,34.33000183105469,34.54999923706055,26.141845703125,161800
2009-10-12,34.709999084472656,34.83000183105469,34.65999984741211,34.7400016784668,26.285608291625977,24600
2009-10-13,34.66999816894531,34.68000030517578,34.45000076293945,34.630001068115234,26.202375411987305,24000
2009-10-14,35.11000061035156,35.33000183105469,34.97999954223633,35.31999969482422,26.72444534301757,16200
2009-10-15,35.16999816894531,35.43000030517578,35.099998474121094,35.43000030517578,26.80768394470215,14700
2009-10-16,35.060001373291016,35.119998931884766,34.900001525878906,35.06999969482422,26.535295486450195,26500
2009-10-19,35.16999816894531,35.4900016784668,35.150001525878906,35.33000183105469,26.73201942443848,21700
2009-10-20,35.45000076293945,35.45000076293945,35.060001373291016,35.16999816894531,26.610960006713867,26900
2009-10-21,35.119998931884766,35.40999984741211,34.77000045776367,34.77000045776367,26.30830764770508,31700
2009-10-22,34.720001220703125,35.33000183105469,34.70000076293945,35.2400016784668,26.663928985595703,34400
2009-10-23,35.290000915527344,35.29999923706055,34.599998474121094,34.709999084472656,26.262903213500977,28400
2009-10-26,34.720001220703125,35.02000045776367,34.099998474121094,34.189998626708984,25.86945343017578,25800
2009-10-27,34.279998779296875,34.38999938964844,34.0,34.18000030517578,25.86189079284668,45000
2009-10-28,34.150001525878906,34.150001525878906,33.5,33.529998779296875,25.370080947875977,68600
2009-10-29,33.790000915527344,34.349998474121094,33.650001525878906,34.310001373291016,25.960250854492188,13400
2009-10-30,34.220001220703125,34.220001220703125,33.16999816894531,33.2400016784668,25.15064811706543,47700
2009-11-02,33.40999984741211,33.77000045776367,33.0,33.470001220703125,25.324676513671875,36000
2009-11-03,33.2599983215332,33.61000061035156,33.2599983215332,33.529998779296875,25.370080947875977,27700
2009-11-04,33.869998931884766,34.06999969482422,33.529998779296875,33.540000915527344,25.37764358520508,33200
2009-11-05,33.86000061035156,34.220001220703125,33.79999923706055,34.220001220703125,25.89215469360352,17700
2009-11-06,33.970001220703125,34.29999923706055,33.95000076293945,34.27000045776367,25.929988861083984,5900
2009-11-09,34.599998474121094,35.08000183105469,34.560001373291016,35.04999923706055,26.52016258239746,39500
2009-11-10,35.029998779296875,35.18000030517578,34.91999816894531,35.099998474121094,26.55799102783203,41700
2009-11-11,35.40999984741211,35.5099983215332,35.15999984741211,35.25,26.671485900878903,69600
2009-11-12,35.16999816894531,35.36000061035156,34.79999923706055,34.86000061035156,26.37639808654785,76100
2009-11-13,34.91999816894531,35.18000030517578,34.779998779296875,35.02000045776367,26.497465133666992,47100
2009-11-16,35.31999969482422,35.7400016784668,35.290000915527344,35.529998779296875,26.883346557617188,41400
2009-11-17,35.5,35.61000061035156,35.36000061035156,35.61000061035156,26.943883895874023,27700
2009-11-18,35.65999984741211,35.689998626708984,35.43000030517578,35.689998626708984,27.0044002532959,53300
2009-11-19,35.279998779296875,35.279998779296875,35.060001373291016,35.20000076293945,26.633655548095703,13400
2009-11-20,35.029998779296875,35.130001068115234,34.959999084472656,35.099998474121094,26.55799102783203,8600
2009-11-23,35.58000183105469,35.7599983215332,35.5,35.59000015258789,26.928760528564453,21500
2009-11-24,35.54999923706055,35.63999938964844,35.31999969482422,35.56999969482422,26.91361618041992,34100
2009-11-25,35.54999923706055,35.75,35.54999923706055,35.75,27.0498104095459,39200
2009-11-27,34.75,35.33000183105469,34.619998931884766,35.060001373291016,26.527729034423828,11800
2009-11-30,35.22999954223633,35.36000061035156,35.0,35.33000183105469,26.73201942443848,9600
2009-12-01,35.68000030517578,35.7599983215332,35.540000915527344,35.70000076293945,27.0119743347168,93700
2009-12-02,35.650001525878906,35.869998931884766,35.54999923706055,35.70000076293945,27.0119743347168,8500
2009-12-03,35.810001373291016,36.0099983215332,35.400001525878906,35.400001525878906,26.784990310668945,18800
2009-12-04,35.95000076293945,35.95000076293945,35.29999923706055,35.54999923706055,26.89847183227539,47600
2009-12-07,35.619998931884766,35.720001220703125,35.45000076293945,35.529998779296875,26.883346557617188,19400
2009-12-08,35.33000183105469,35.33000183105469,35.060001373291016,35.13999938964844,26.58826065063477,10400
2009-12-09,35.0099983215332,35.25,35.0,35.220001220703125,26.648792266845703,16700
2009-12-10,35.349998474121094,35.5099983215332,35.349998474121094,35.400001525878906,26.784990310668945,21900
2009-12-11,35.5,35.650001525878906,35.41999816894531,35.619998931884766,26.95144462585449,20500
2009-12-14,35.849998474121094,35.88999938964844,35.630001068115234,35.7400016784668,27.04224395751953,17500
2009-12-15,35.56999969482422,35.66999816894531,35.400001525878906,35.470001220703125,26.83795928955078,34500
2009-12-16,35.65999984741211,35.720001220703125,35.5,35.560001373291016,26.906049728393555,8700
2009-12-17,35.25,35.349998474121094,35.13999938964844,35.15999984741211,26.603391647338867,33400
2009-12-18,35.279998779296875,35.279998779296875,35.029998779296875,35.25,26.671485900878903,28500
2009-12-21,35.41999816894531,35.709999084472656,35.41999816894531,35.54999923706055,26.89847183227539,29300
2009-12-22,35.31999969482422,35.38999938964844,35.27000045776367,35.31999969482422,26.969486236572266,47700
2009-12-23,35.369998931884766,35.369998931884766,35.209999084472656,35.310001373291016,26.961856842041016,20500
2009-12-24,35.33000183105469,35.45000076293945,35.33000183105469,35.45000076293945,27.068756103515625,8700
2009-12-28,35.599998474121094,35.599998474121094,35.369998931884766,35.47999954223633,27.091665267944336,9600
2009-12-29,35.63999938964844,35.650001525878906,35.439998626708984,35.47999954223633,27.091665267944336,35300
2009-12-30,35.29999923706055,35.41999816894531,35.29999923706055,35.38999938964844,27.022947311401367,10300
2009-12-31,35.45000076293945,35.4900016784668,35.099998474121094,35.099998474121094,26.80150032043457,28500
2010-01-04,35.45000076293945,35.75,35.41999816894531,35.72999954223633,27.28255844116211,33200
2010-01-05,35.7599983215332,35.83000183105469,35.68000030517578,35.83000183105469,27.35891342163086,37900
2010-01-06,35.810001373291016,35.970001220703125,35.75,35.91999816894531,27.42763900756836,31500
2010-01-07,35.81999969482422,36.13999938964844,35.81999969482422,36.13999938964844,27.59563064575196,14200
2010-01-08,35.97999954223633,36.13999938964844,35.91999816894531,36.09999847412109,27.565092086791992,16100
2010-01-11,36.31999969482422,36.33000183105469,36.119998931884766,36.29999923706055,27.717803955078125,24400
2010-01-12,36.060001373291016,36.11000061035156,35.810001373291016,35.970001220703125,27.46581649780273,16100
2010-01-13,36.08000183105469,36.310001373291016,35.91999816894531,36.2599983215332,27.68725204467773,44900
2010-01-14,36.22999954223633,36.34000015258789,36.150001525878906,36.31999969482422,27.73307609558105,12000
2010-01-15,36.220001220703125,36.220001220703125,35.689998626708984,35.900001525878906,27.4123649597168,38200
2010-01-19,35.88999938964844,36.369998931884766,35.88999938964844,36.369998931884766,27.7712516784668,15500
2010-01-20,36.130001068115234,36.130001068115234,35.849998474121094,36.06999969482422,27.542179107666016,24400
2010-01-21,36.04999923706055,36.06999969482422,35.2400016784668,35.25,26.916040420532227,35000
2010-01-22,35.130001068115234,35.290000915527344,34.529998779296875,34.54999923706055,26.381542205810547,43800
2010-01-25,34.970001220703125,34.970001220703125,34.689998626708984,34.7400016784668,26.52661895751953,28100
2010-01-26,34.7400016784668,34.900001525878906,34.5,34.560001373291016,26.389179229736328,26400
2010-01-27,34.45000076293945,34.7599983215332,34.29999923706055,34.709999084472656,26.503711700439453,34400
2010-01-28,34.880001068115234,34.880001068115234,34.290000915527344,34.5099983215332,26.35099983215332,26700
2010-01-29,34.58000183105469,34.849998474121094,34.27000045776367,34.310001373291016,26.19828414916992,33700
2010-02-01,34.4900016784668,34.720001220703125,34.470001220703125,34.720001220703125,26.51134490966797,26100
2010-02-02,34.810001373291016,35.25,34.689998626708984,35.220001220703125,26.893138885498047,37300
2010-02-03,35.060001373291016,35.130001068115234,34.880001068115234,34.95000076293945,26.686967849731445,19400
2010-02-04,34.68000030517578,34.68000030517578,33.880001068115234,33.880001068115234,25.86993980407715,40200
2010-02-05,33.90999984741211,33.970001220703125,33.18000030517578,33.91999816894531,25.900484085083008,62600
2010-02-08,33.91999816894531,33.970001220703125,33.619998931884766,33.619998931884766,25.67141914367676,12600
2010-02-09,33.95000076293945,34.189998626708984,33.75,33.95000076293945,25.923397064208984,15300
2010-02-10,33.900001525878906,34.029998779296875,33.63999938964844,33.90999984741211,25.89284896850586,19800
2010-02-11,33.77000045776367,34.15999984741211,33.720001220703125,34.130001068115234,26.06083869934082,15600
2010-02-12,33.79999923706055,34.0,33.630001068115234,33.97999954223633,25.946308135986328,36000
2010-02-16,34.380001068115234,34.650001525878906,34.220001220703125,34.61000061035156,26.42735290527344,43000
2010-02-17,34.81999969482422,34.81999969482422,34.70000076293945,34.7599983215332,26.54189109802246,8900
2010-02-18,34.79999923706055,35.0099983215332,34.779998779296875,34.970001220703125,26.702247619628903,61300
2010-02-19,34.88999938964844,35.15999984741211,34.790000915527344,35.040000915527344,26.75569725036621,26900
2010-02-22,35.220001220703125,35.22999954223633,35.040000915527344,35.09000015258789,26.79387283325196,30600
2010-02-23,34.95000076293945,35.13999938964844,34.63999938964844,34.689998626708984,26.488439559936523,32800
2010-02-24,34.790000915527344,35.040000915527344,34.70000076293945,35.0099983215332,26.732784271240234,85800
2010-02-25,34.52000045776367,34.939998626708984,34.43000030517578,34.939998626708984,26.67933464050293,44100
2010-02-26,34.95000076293945,35.040000915527344,34.84000015258789,34.959999084472656,26.69460868835449,16300
2010-03-01,35.11000061035156,35.25,35.04999923706055,35.22999954223633,26.900768280029297,15500
2010-03-02,35.33000183105469,35.47999954223633,35.279998779296875,35.310001373291016,26.961856842041016,13700
2010-03-03,35.45000076293945,35.560001373291016,35.279998779296875,35.31999969482422,26.969486236572266,13100
2010-03-04,35.40999984741211,35.459999084472656,35.29999923706055,35.459999084472656,27.07638931274414,45200
2010-03-05,35.65999984741211,35.959999084472656,35.59000015258789,35.939998626708984,27.44291305541992,26900
2010-03-08,35.97999954223633,36.0099983215332,35.939998626708984,35.95000076293945,27.45054626464844,20000
2010-03-09,35.93000030517578,36.16999816894531,35.93000030517578,36.040000915527344,27.519269943237305,24900
2010-03-10,36.08000183105469,36.27999877929688,36.040000915527344,36.209999084472656,27.649076461791992,20600
2010-03-11,36.130001068115234,36.34000015258789,36.09000015258789,36.34000015258789,27.74834442138672,12900
2010-03-12,36.5,36.5,36.20000076293945,36.2400016784668,27.67198371887207,12100
2010-03-15,36.209999084472656,36.290000915527344,36.0,36.27999877929688,27.70252227783203,23200
2010-03-16,36.43000030517578,36.63999938964844,36.33000183105469,36.63999938964844,27.97740364074707,11900
2010-03-17,36.77999877929688,36.93999862670898,36.720001220703125,36.86000061035156,28.14539909362793,22200
2010-03-18,36.88999938964844,36.88999938964844,36.65999984741211,36.83000183105469,28.12249755859375,12000
2010-03-19,36.720001220703125,37.0,36.58000183105469,36.720001220703125,28.03850555419922,25100
2010-03-22,36.43999862670898,36.86000061035156,36.43999862670898,36.81999969482422,28.11485481262207,12700
2010-03-23,36.93000030517578,37.13999938964844,36.84000015258789,37.130001068115234,28.3515682220459,63700
2010-03-24,37.02000045776367,37.11000061035156,36.959999084472656,37.0,28.25230026245117,26000
2010-03-25,37.040000915527344,37.13999938964844,36.709999084472656,36.709999084472656,28.183204650878903,11600
2010-03-26,36.75,36.91999816894531,36.630001068115234,36.68999862670898,28.1678466796875,19400
2010-03-29,36.84999847412109,36.97999954223633,36.83000183105469,36.95000076293945,28.367462158203125,10200
2010-03-30,37.0,37.060001373291016,36.810001373291016,36.900001525878906,28.32906723022461,27200
2010-03-31,36.79999923706055,36.9900016784668,36.790000915527344,36.88999938964844,28.32139587402344,30400
2010-04-01,37.20000076293945,37.22999954223633,36.97999954223633,37.08000183105469,28.46726417541504,20600
2010-04-05,37.31999969482422,37.45000076293945,37.22999954223633,37.43999862670898,28.74365234375,37800
2010-04-06,37.290000915527344,37.56999969482422,37.290000915527344,37.47999954223633,28.774356842041016,12900
2010-04-07,37.470001220703125,37.5,37.18999862670898,37.27999877929688,28.62080192565918,42300
2010-04-08,37.20000076293945,37.4900016784668,37.20000076293945,37.43999862670898,28.74365234375,9500
2010-04-09,37.54999923706055,37.68999862670898,37.5,37.68999862670898,28.93557929992676,18400
2010-04-12,37.810001373291016,37.81999969482422,37.72999954223633,37.72999954223633,28.966289520263672,14400
2010-04-13,37.70000076293945,37.79999923706055,37.59000015258789,37.7599983215332,28.98930931091309,11400
2010-04-14,37.95000076293945,38.20000076293945,37.869998931884766,38.20000076293945,29.327119827270508,14500
2010-04-15,38.09999847412109,38.27000045776367,38.09999847412109,38.18000030517578,29.31175422668457,16200
2010-04-16,38.09000015258789,38.09000015258789,37.45000076293945,37.52999877929688,28.812744140625,19500
2010-04-19,37.400001525878906,37.68000030517578,37.29999923706055,37.630001068115234,28.8895263671875,18500
2010-04-20,37.91999816894531,38.09000015258789,37.900001525878906,38.0099983215332,29.18124961853028,24100
2010-04-21,38.11000061035156,38.130001068115234,37.68999862670898,37.900001525878906,29.0968017578125,19800
2010-04-22,37.68999862670898,37.93000030517578,37.4900016784668,37.91999816894531,29.112150192260746,22300
2010-04-23,37.84999847412109,38.130001068115234,37.709999084472656,38.130001068115234,29.27338218688965,17100
2010-04-26,38.08000183105469,38.18999862670898,37.93999862670898,37.95000076293945,29.13517951965332,29700
2010-04-27,37.66999816894531,37.90999984741211,37.0099983215332,37.09999847412109,28.48262405395508,54200
2010-04-28,37.2400016784668,37.52000045776367,37.150001525878906,37.34000015258789,28.6668701171875,87300
2010-04-29,37.7400016784668,38.0,37.72999954223633,37.93999862670898,29.12751197814941,13200
2010-04-30,37.970001220703125,37.9900016784668,37.380001068115234,37.380001068115234,28.69757652282715,20800
2010-05-03,37.59999847412109,37.959999084472656,37.52999877929688,37.880001068115234,29.081451416015625,17800
2010-05-04,37.470001220703125,37.5,36.88999938964844,37.06999969482422,28.4595947265625,44000
2010-05-05,36.70000076293945,37.060001373291016,36.59000015258789,36.83000183105469,28.27533721923828,34800
2010-05-06,36.65999984741211,37.97999954223633,31.36000061035156,35.59000015258789,27.323366165161133,100100
2010-05-07,35.41999816894531,35.83000183105469,34.97999954223633,35.16999816894531,27.00091361999512,112800
2010-05-10,36.16999816894531,36.810001373291016,36.16999816894531,36.630001068115234,28.121795654296875,68800
2010-05-11,36.310001373291016,36.95000076293945,36.310001373291016,36.59999847412109,28.098756790161133,101200
2010-05-12,36.56999969482422,36.93000030517578,36.56999969482422,36.90999984741211,28.336746215820312,15900
2010-05-13,36.81999969482422,36.88999938964844,36.54999923706055,36.54999923706055,28.06037330627441,22400
2010-05-14,36.18000030517578,36.27999877929688,35.59000015258789,35.86000061035156,27.530641555786133,35300
2010-05-17,35.95000076293945,35.95000076293945,35.349998474121094,35.91999816894531,27.57670021057129,53300
2010-05-18,36.2400016784668,36.2599983215332,35.33000183105469,35.459999084472656,27.223546981811523,30400
2010-05-19,35.18000030517578,35.459999084472656,34.84000015258789,35.2400016784668,27.05465507507324,30600
2010-05-20,34.4900016784668,34.599998474121094,33.90999984741211,33.90999984741211,26.033571243286133,105000
2010-05-21,33.459999084472656,34.43000030517578,33.15999984741211,34.43000030517578,26.432790756225582,58300
2010-05-24,34.290000915527344,34.400001525878906,33.83000183105469,33.83000183105469,25.972156524658203,31400
2010-05-25,33.06999969482422,33.880001068115234,32.95000076293945,33.880001068115234,26.01054000854492,83700
2010-05-26,34.15999984741211,34.33000183105469,33.720001220703125,33.720001220703125,25.8877067565918,61100
2010-05-27,34.41999816894531,34.84000015258789,34.290000915527344,34.84000015258789,26.74755859375,33700
2010-05-28,34.869998931884766,34.869998931884766,34.40999984741211,34.40999984741211,26.417436599731445,32500
2010-06-01,34.040000915527344,34.529998779296875,33.880001068115234,33.880001068115234,26.01054000854492,345800
2010-06-02,34.0,34.68000030517578,33.970001220703125,34.68000030517578,26.62472152709961,20700
2010-06-03,34.810001373291016,34.869998931884766,34.47999954223633,34.75,26.678464889526367,16500
2010-06-04,34.13999938964844,34.20000076293945,33.439998626708984,33.65999984741211,25.84164428710937,220600
2010-06-07,33.65999984741211,33.720001220703125,33.16999816894531,33.16999816894531,25.465463638305664,36700
2010-06-08,33.25,33.70000076293945,33.02000045776367,33.68000030517578,25.85699844360352,39400
2010-06-09,33.77000045776367,34.08000183105469,33.34000015258789,33.4900016784668,25.711132049560547,19500
2010-06-10,34.11000061035156,34.40999984741211,34.0099983215332,34.38999938964844,26.40208625793457,17100
2010-06-11,34.189998626708984,34.54999923706055,34.13999938964844,34.529998779296875,26.50956916809082,11900
2010-06-14,34.75,34.849998474121094,34.38999938964844,34.41999816894531,26.425111770629883,33400
2010-06-15,34.66999816894531,35.150001525878906,34.65999984741211,35.130001068115234,26.970203399658203,13600
2010-06-16,35.0,35.2599983215332,34.959999084472656,35.15999984741211,26.99323272705078,195900
2010-06-17,35.16999816894531,35.2400016784668,34.93000030517578,35.209999084472656,27.0316162109375,18300
2010-06-18,35.220001220703125,35.33000183105469,35.15999984741211,35.310001373291016,27.1083927154541,21300
2010-06-21,35.7599983215332,35.7599983215332,35.040000915527344,35.16999816894531,27.00091361999512,26600
2010-06-22,35.209999084472656,35.27000045776367,34.61000061035156,34.650001525878906,26.6016902923584,21500
2010-06-23,34.689998626708984,34.689998626708984,34.380001068115234,34.4900016784668,26.478858947753903,14700
2010-06-24,34.119998931884766,34.119998931884766,33.66999816894531,33.709999084472656,26.037052154541016,20700
2010-06-25,33.77000045776367,34.04999923706055,33.619998931884766,33.93000030517578,26.206972122192383,131500
2010-06-28,33.849998474121094,33.93000030517578,33.790000915527344,33.810001373291016,26.114294052124023,27700
2010-06-29,33.310001373291016,33.310001373291016,32.68000030517578,32.880001068115234,25.395973205566406,51900
2010-06-30,32.84000015258789,33.0099983215332,32.5,32.56999969482422,25.156538009643555,27500
2010-07-01,32.61000061035156,32.619998931884766,31.89999961853028,32.33000183105469,24.971162796020508,48300
2010-07-02,32.5099983215332,32.5099983215332,32.06999969482422,32.209999084472656,24.878477096557617,29400
2010-07-06,32.560001373291016,32.77000045776367,32.189998626708984,32.459999084472656,25.071571350097656,18500
2010-07-07,32.560001373291016,33.45000076293945,32.54999923706055,33.40999984741211,25.805339813232425,12300
2010-07-08,33.810001373291016,33.83000183105469,33.470001220703125,33.689998626708984,26.02159881591797,30700
2010-07-09,33.7599983215332,34.040000915527344,33.709999084472656,34.040000915527344,26.291942596435547,12900
2010-07-12,33.90999984741211,34.02000045776367,33.7599983215332,34.02000045776367,26.2764949798584,13700
2010-07-13,34.459999084472656,34.63999938964844,34.40999984741211,34.540000915527344,26.67813301086425,33600
2010-07-14,34.45000076293945,34.52000045776367,34.2400016784668,34.439998626708984,26.600887298583984,235300
2010-07-15,34.5099983215332,34.58000183105469,34.060001373291016,34.58000183105469,26.709028244018555,221600
2010-07-16,34.29999923706055,34.310001373291016,33.47999954223633,33.540000915527344,25.905746459960938,23300
2010-07-19,33.59000015258789,33.720001220703125,33.41999816894531,33.650001525878906,25.990707397460938,12300
2010-07-20,33.2599983215332,33.970001220703125,33.20000076293945,33.970001220703125,26.23787879943848,13400
2010-07-21,34.209999084472656,34.209999084472656,33.400001525878906,33.560001373291016,25.92119407653809,51600
2010-07-22,34.099998474121094,34.34000015258789,34.08000183105469,34.27000045776367,26.46958923339844,33700
2010-07-23,34.27000045776367,34.529998779296875,34.18000030517578,34.47999954223633,26.63178443908692,9700
2010-07-26,34.63999938964844,34.97999954223633,34.529998779296875,34.97999954223633,27.017990112304688,268800
2010-07-27,35.209999084472656,35.220001220703125,34.900001525878906,35.04999923706055,27.0720443725586,31300
2010-07-28,35.0099983215332,35.0099983215332,34.720001220703125,34.790000915527344,26.8712215423584,17300
2010-07-29,34.970001220703125,35.04999923706055,34.47999954223633,34.66999816894531,26.77853775024414,17000
2010-07-30,34.38999938964844,34.810001373291016,34.38999938964844,34.79999923706055,26.878952026367188,19500
2010-08-02,35.33000183105469,35.5099983215332,35.13999938964844,35.4900016784668,27.411895751953125,42200
2010-08-03,35.41999816894531,35.4900016784668,35.2400016784668,35.279998779296875,27.24969482421875,21600
2010-08-04,35.470001220703125,35.54999923706055,35.34000015258789,35.54999923706055,27.458227157592773,31700
2010-08-05,35.29999923706055,35.52000045776367,35.29999923706055,35.52000045776367,27.435068130493164,10500
2010-08-06,35.22999954223633,35.349998474121094,34.970001220703125,35.34000015258789,27.296039581298828,23500
2010-08-09,35.599998474121094,35.599998474121094,35.33000183105469,35.52000045776367,27.435068130493164,43800
2010-08-10,35.2599983215332,35.5099983215332,35.09000015258789,35.369998931884766,27.319210052490234,30100
2010-08-11,34.709999084472656,34.709999084472656,34.38999938964844,34.43000030517578,26.59317398071289,10200
2010-08-12,34.040000915527344,34.43000030517578,33.970001220703125,34.34000015258789,26.523653030395508,17000
2010-08-13,34.29999923706055,34.400001525878906,34.15999984741211,34.15999984741211,26.384626388549805,17500
2010-08-16,34.0099983215332,34.22999954223633,33.939998626708984,34.16999816894531,26.39234733581543,126100
2010-08-17,34.470001220703125,34.75,34.34000015258789,34.5,26.6472396850586,27900
2010-08-18,34.400001525878906,34.70000076293945,34.36000061035156,34.56999969482422,26.701303482055664,9800
2010-08-19,34.40999984741211,34.40999984741211,33.779998779296875,33.939998626708984,26.21469116210937,41000
2010-08-20,33.849998474121094,33.849998474121094,33.58000183105469,33.77000045776367,26.08340072631836,53000
2010-08-23,33.869998931884766,34.04999923706055,33.68000030517578,33.70000076293945,26.02932548522949,23700
2010-08-24,33.380001068115234,33.470001220703125,33.099998474121094,33.29999923706055,25.72037696838379,19300
2010-08-25,33.11000061035156,33.40999984741211,32.869998931884766,33.34000015258789,25.751270294189453,86900
2010-08-26,33.4900016784668,33.5099983215332,33.04999923706055,33.119998931884766,25.581344604492188,25400
2010-08-27,33.29999923706055,33.689998626708984,33.0099983215332,33.66999816894531,26.006153106689453,19600
2010-08-30,33.61000061035156,33.61000061035156,33.18000030517578,33.18000030517578,25.627689361572266,35400
2010-08-31,33.04999923706055,33.369998931884766,32.91999816894531,33.220001220703125,25.658586502075195,26400
2010-09-01,33.650001525878906,34.27000045776367,33.650001525878906,34.27000045776367,26.46958923339844,17100
2010-09-02,34.36000061035156,34.5,34.27000045776367,34.4900016784668,26.63951301574707,31000
2010-09-03,34.849998474121094,34.95000076293945,34.66999816894531,34.88999938964844,26.948463439941406,26800
2010-09-07,34.7599983215332,34.7599983215332,34.45000076293945,34.470001220703125,26.624069213867188,30400
2010-09-08,34.54999923706055,34.86000061035156,34.54999923706055,34.720001220703125,26.817163467407227,28600
2010-09-09,35.08000183105469,35.16999816894531,34.95000076293945,35.0099983215332,27.04114532470703,22900
2010-09-10,35.09000015258789,35.209999084472656,35.029998779296875,35.189998626708984,27.180179595947266,11000
2010-09-13,35.61000061035156,35.61000061035156,35.400001525878906,35.560001373291016,27.465965270996094,72000
2010-09-14,35.529998779296875,35.630001068115234,35.36000061035156,35.5,27.419618606567383,31700
2010-09-15,35.38999938964844,35.599998474121094,35.2599983215332,35.560001373291016,27.465965270996094,25900
2010-09-16,35.38999938964844,35.5,35.33000183105469,35.47999954223633,27.40417861938477,47800
2010-09-17,35.70000076293945,35.709999084472656,35.41999816894531,35.45000076293945,27.381006240844727,27400
2010-09-20,35.619998931884766,36.06999969482422,35.540000915527344,36.0099983215332,27.81351852416992,18000
2010-09-21,36.09000015258789,36.18999862670898,35.75,35.900001525878906,27.72856903076172,43800
2010-09-22,35.880001068115234,36.0099983215332,35.68000030517578,35.720001220703125,27.58953666687012,28500
2010-09-23,35.38999938964844,35.66999816894531,35.2400016784668,35.29999923706055,27.2651424407959,21600
2010-09-24,35.459999084472656,35.720001220703125,35.459999084472656,35.720001220703125,27.78316879272461,17300
2010-09-27,35.59000015258789,35.689998626708984,35.47999954223633,35.5,27.612045288085938,13800
2010-09-28,35.560001373291016,35.720001220703125,35.34000015258789,35.70000076293945,27.76760482788086,22900
2010-09-29,35.529998779296875,35.650001525878906,35.380001068115234,35.5,27.612045288085938,19300
2010-09-30,35.75,35.84000015258789,35.31999969482422,35.400001525878906,27.534263610839844,41000
2010-10-01,35.720001220703125,35.7400016784668,35.52000045776367,35.68000030517578,27.75204467773437,46800
2010-10-04,35.709999084472656,35.7400016784668,35.290000915527344,35.380001068115234,27.518705368041992,41300
2010-10-05,35.77000045776367,36.18999862670898,35.77000045776367,36.15999984741211,28.125402450561523,85400
2010-10-06,36.18000030517578,36.2599983215332,36.09000015258789,36.16999816894531,28.133161544799805,43600
2010-10-07,36.38999938964844,36.38999938964844,36.0,36.18999862670898,28.148727416992188,13200
2010-10-08,36.2599983215332,36.369998931884766,36.130001068115234,36.29999923706055,28.23428535461425,17600
2010-10-11,36.29999923706055,36.380001068115234,36.2400016784668,36.290000915527344,28.226505279541016,14200
2010-10-12,36.040000915527344,36.540000915527344,36.040000915527344,36.459999084472656,28.35872268676757,17500
2010-10-13,36.70000076293945,36.790000915527344,36.54999923706055,36.619998931884766,28.483190536499023,30000
2010-10-14,36.540000915527344,36.560001373291016,36.22999954223633,36.400001525878906,28.312074661254883,32700
2010-10-15,36.630001068115234,36.630001068115234,36.0,36.18000030517578,28.14095497131348,51800
2010-10-18,36.2400016784668,36.54999923706055,36.20000076293945,36.54999923706055,28.428741455078125,12100
2010-10-19,36.150001525878906,36.34999847412109,35.849998474121094,36.02000045776367,28.016502380371094,34500
2010-10-20,36.130001068115234,36.52000045776367,36.02999877929688,36.41999816894531,28.32762908935547,26400
2010-10-21,36.59999847412109,36.709999084472656,36.18999862670898,36.43000030517578,28.33540344238281,21000
2010-10-22,36.41999816894531,36.470001220703125,36.310001373291016,36.40999984741211,28.319839477539062,16600
2010-10-25,36.709999084472656,36.77000045776367,36.40999984741211,36.40999984741211,28.319839477539062,48300
2010-10-26,36.369998931884766,36.45000076293945,36.31999969482422,36.40999984741211,28.319839477539062,13700
2010-10-27,36.22999954223633,36.33000183105469,36.0099983215332,36.31999969482422,28.249839782714844,22000
2010-10-28,36.59000015258789,36.59000015258789,36.209999084472656,36.38999938964844,28.30428695678711,11200
2010-10-29,36.33000183105469,36.36000061035156,36.20000076293945,36.36000061035156,28.28095054626465,18000
2010-11-01,36.59999847412109,36.63999938964844,36.16999816894531,36.290000915527344,28.226505279541016,76400
2010-11-02,36.5099983215332,36.54999923706055,36.43999862670898,36.5,28.38984680175781,24100
2010-11-03,36.61000061035156,36.70000076293945,36.380001068115234,36.70000076293945,28.54540634155273,19800
2010-11-04,37.040000915527344,37.459999084472656,37.040000915527344,37.459999084472656,29.13654136657715,63800
2010-11-05,37.52000045776367,37.720001220703125,37.459999084472656,37.70000076293945,29.323211669921875,191500
2010-11-08,37.59000015258789,37.59999847412109,37.38999938964844,37.560001373291016,29.214330673217773,17900
2010-11-09,37.68999862670898,37.68999862670898,37.20000076293945,37.27000045776367,28.98876190185547,26100
2010-11-10,37.2400016784668,37.38999938964844,36.959999084472656,37.38999938964844,29.08208465576172,16800
2010-11-11,37.15999984741211,37.369998931884766,37.15999984741211,37.33000183105469,29.03542137145996,29000
2010-11-12,37.09999847412109,37.18000030517578,36.83000183105469,36.91999816894531,28.716524124145508,10400
2010-11-15,37.09999847412109,37.290000915527344,36.959999084472656,36.97999954223633,28.7631950378418,22100
2010-11-16,36.77999877929688,36.77999877929688,36.209999084472656,36.41999816894531,28.32762908935547,30600
2010-11-17,36.459999084472656,36.459999084472656,36.27999877929688,36.36000061035156,28.28095054626465,17900
2010-11-18,36.65999984741211,36.93000030517578,36.65999984741211,36.84999847412109,28.662071228027344,8000
2010-11-19,36.869998931884766,36.869998931884766,36.61000061035156,36.84999847412109,28.662071228027344,31100
2010-11-22,36.7599983215332,36.7599983215332,36.310001373291016,36.66999816894531,28.52206993103028,34300
2010-11-23,36.27999877929688,36.27999877929688,36.06999969482422,36.130001068115234,28.10206413269043,25000
2010-11-24,36.25,36.58000183105469,36.25,36.58000183105469,28.452072143554688,50100
2010-11-26,36.290000915527344,36.369998931884766,36.18999862670898,36.25,28.19539260864257,13200
2010-11-29,36.02999877929688,36.31999969482422,35.84000015258789,36.290000915527344,28.226505279541016,26000
2010-11-30,35.959999084472656,36.2400016784668,35.959999084472656,36.04999923706055,28.03983688354492,28800
2010-12-01,36.619998931884766,36.86000061035156,36.58000183105469,36.790000915527344,28.61541175842285,9600
2010-12-02,36.880001068115234,37.38999938964844,36.880001068115234,37.38999938964844,29.08208465576172,16500
2010-12-03,37.2400016784668,37.45000076293945,37.16999816894531,37.43999862670898,29.120983123779297,19800
2010-12-06,37.2599983215332,37.459999084472656,37.2599983215332,37.38999938964844,29.08208465576172,24200
2010-12-07,37.68000030517578,37.709999084472656,37.43000030517578,37.459999084472656,29.13654136657715,16000
2010-12-08,37.52000045776367,37.66999816894531,37.400001525878906,37.66999816894531,29.29988479614257,9500
2010-12-09,37.86000061035156,37.90999984741211,37.66999816894531,37.84999847412109,29.43988037109375,44300
2010-12-10,37.91999816894531,38.150001525878906,37.91999816894531,38.119998931884766,29.649887084960938,44900
2010-12-13,38.27000045776367,38.36000061035156,38.20000076293945,38.20000076293945,29.712108612060547,21200
2010-12-14,38.29999923706055,38.40999984741211,38.150001525878906,38.27000045776367,29.76656150817871,47400
2010-12-15,38.209999084472656,38.290000915527344,38.060001373291016,38.06999969482422,29.61100578308105,20400
2010-12-16,38.13999938964844,38.29999923706055,38.060001373291016,38.2599983215332,29.758777618408203,19900
2010-12-17,38.27000045776367,38.31999969482422,38.13999938964844,38.29999923706055,29.78989601135254,18900
2010-12-20,38.59000015258789,38.59000015258789,38.29999923706055,38.41999816894531,29.88323211669922,39100
2010-12-21,38.58000183105469,38.72999954223633,38.54999923706055,38.70000076293945,30.101030349731445,34200
2010-12-22,38.5099983215332,38.65999984741211,38.45000076293945,38.65999984741211,30.27486801147461,47000
2010-12-23,38.66999816894531,38.66999816894531,38.540000915527344,38.59999847412109,30.227888107299805,29700
2010-12-27,38.5099983215332,38.66999816894531,38.5099983215332,38.66999816894531,30.28269386291504,12000
2010-12-28,38.70000076293945,38.790000915527344,38.66999816894531,38.7599983215332,30.353168487548828,25300
2010-12-29,38.86000061035156,38.86000061035156,38.75,38.75,30.345348358154297,34000
2010-12-30,38.77999877929688,38.810001373291016,38.619998931884766,38.66999816894531,30.28269386291504,55800
2010-12-31,38.560001373291016,38.7599983215332,38.560001373291016,38.720001220703125,30.32185745239257,52900
2011-01-03,39.0099983215332,39.290000915527344,39.0099983215332,39.18000030517578,30.682085037231445,19500
2011-01-04,39.34000015258789,39.34000015258789,39.0099983215332,39.27000045776367,30.75255012512207,876800
2011-01-05,39.18000030517578,39.5,39.150001525878906,39.470001220703125,30.9091796875,26500
2011-01-06,39.54999923706055,39.54999923706055,39.25,39.36000061035156,30.823034286499023,90200
2011-01-07,39.45000076293945,39.45000076293945,38.970001220703125,39.27000045776367,30.75255012512207,52500
2011-01-10,39.16999816894531,39.20000076293945,38.91999816894531,39.15999984741211,30.66642570495605,40200
2011-01-11,39.34000015258789,39.380001068115234,39.18999862670898,39.27000045776367,30.75255012512207,37500
2011-01-12,39.56999969482422,39.72999954223633,39.5,39.68999862670898,31.08145523071289,225000
2011-01-13,39.70000076293945,39.70000076293945,39.47999954223633,39.59000015258789,31.003150939941406,87600
2011-01-14,39.59000015258789,39.90999984741211,39.58000183105469,39.90999984741211,31.253746032714844,34000
2011-01-18,39.93999862670898,39.959999084472656,39.79999923706055,39.880001068115234,31.23024559020996,29500
2011-01-19,39.84999847412109,39.84999847412109,39.400001525878906,39.459999084472656,30.90135955810547,62600
2011-01-20,39.4900016784668,39.61000061035156,39.27000045776367,39.52000045776367,30.94833374023437,9100
2011-01-21,39.86000061035156,39.91999816894531,39.77999877929688,39.880001068115234,31.23024559020996,34500
2011-01-24,39.880001068115234,40.0,39.869998931884766,39.97999954223633,31.308544158935547,64600
2011-01-25,39.90999984741211,40.0099983215332,39.68999862670898,39.970001220703125,31.30073547363281,72600
2011-01-26,40.11000061035156,40.15999984741211,40.0099983215332,40.04999923706055,31.36338424682617,48300
2011-01-27,40.060001373291016,40.18000030517578,39.95000076293945,40.15999984741211,31.44952392578125,37300
2011-01-28,40.220001220703125,40.25,39.56999969482422,39.56999969482422,30.987489700317383,30700
2011-01-31,39.75,39.900001525878906,39.65999984741211,39.88999938964844,31.23807907104492,54600
2011-02-01,40.16999816894531,40.65999984741211,40.130001068115234,40.630001068115234,31.81758499145508,67800
2011-02-02,40.54999923706055,40.61000061035156,40.47999954223633,40.5099983215332,31.723613739013672,31700
2011-02-03,40.40999984741211,40.619998931884766,40.2400016784668,40.59000015258789,31.786266326904297,50500
2011-02-04,40.630001068115234,40.630001068115234,40.36000061035156,40.61000061035156,31.801925659179688,62400
2011-02-07,40.77999877929688,40.97999954223633,40.70000076293945,40.88999938964844,32.021183013916016,115700
2011-02-08,40.93000030517578,41.08000183105469,40.79999923706055,41.08000183105469,32.16998291015625,90900
2011-02-09,40.970001220703125,41.02999877929688,40.720001220703125,40.93000030517578,32.052520751953125,88800
2011-02-10,40.83000183105469,41.02999877929688,40.7400016784668,40.93000030517578,32.052520751953125,189600
2011-02-11,40.810001373291016,41.25,40.77999877929688,41.209999084472656,32.271785736083984,81000
2011-02-14,41.220001220703125,41.369998931884766,41.09999847412109,41.34000015258789,32.37359619140625,78400
2011-02-15,41.2599983215332,41.2599983215332,41.09999847412109,41.18999862670898,32.25611877441406,78000
2011-02-16,41.369998931884766,41.470001220703125,41.25,41.459999084472656,32.46757888793945,36800
2011-02-17,41.400001525878906,41.630001068115234,41.36000061035156,41.58000183105469,32.56153869628906,46400
2011-02-18,41.75,41.75,41.59000015258789,41.70000076293945,32.655513763427734,59000
2011-02-22,41.33000183105469,41.619998931884766,40.95000076293945,41.040000915527344,32.13865280151367,82800
2011-02-23,41.09000015258789,41.15999984741211,40.75,40.93999862670898,32.06033706665039,72900
2011-02-24,40.86000061035156,40.93999862670898,40.5,40.83000183105469,31.97420310974121,50000
2011-02-25,41.0099983215332,41.18000030517578,40.970001220703125,41.15999984741211,32.232635498046875,88100
2011-02-28,41.27000045776367,41.5099983215332,41.27000045776367,41.5099983215332,32.506717681884766,71800
2011-03-01,41.68999862670898,41.68999862670898,40.869998931884766,40.869998931884766,32.00552749633789,79300
2011-03-02,40.84000015258789,41.040000915527344,40.7400016784668,40.880001068115234,32.01335906982422,65700
2011-03-03,41.27999877929688,41.56999969482422,41.27999877929688,41.56999969482422,32.5536994934082,37800
2011-03-04,41.560001373291016,41.560001373291016,40.93000030517578,41.22999954223633,32.28744125366211,71800
2011-03-07,41.310001373291016,41.38999938964844,40.83000183105469,40.95000076293945,32.068172454833984,40700
2011-03-08,41.0,41.470001220703125,40.93000030517578,41.369998931884766,32.3970832824707,31200
2011-03-09,41.22999954223633,41.459999084472656,41.130001068115234,41.38999938964844,32.412742614746094,43000
2011-03-10,41.02000045776367,41.02000045776367,40.52999877929688,40.54999923706055,31.754941940307617,52300
2011-03-11,40.36000061035156,40.93999862670898,40.34999847412109,40.83000183105469,31.97420310974121,51100
2011-03-14,40.58000183105469,40.630001068115234,40.25,40.54999923706055,31.754941940307617,78200
2011-03-15,39.56999969482422,40.290000915527344,39.459999084472656,40.09000015258789,31.394704818725582,86900
2011-03-16,40.0,40.040000915527344,39.150001525878906,39.34000015258789,30.807376861572266,148200
2011-03-17,39.93000030517578,40.0,39.56999969482422,39.88999938964844,31.23807907104492,88900
2011-03-18,40.470001220703125,40.47999954223633,40.09999847412109,40.18999862670898,31.47301483154297,34100
2011-03-21,40.70000076293945,40.7400016784668,40.58000183105469,40.66999816894531,31.848915100097656,34300
2011-03-22,40.720001220703125,40.7400016784668,40.540000915527344,40.540000915527344,31.74710273742676,12200
2011-03-23,40.43999862670898,40.650001525878906,40.2400016784668,40.61000061035156,31.801925659179688,36400
2011-03-24,40.81999969482422,40.91999816894531,40.56999969482422,40.86000061035156,31.99769592285156,27300
2011-03-25,40.77000045776367,40.95000076293945,40.68999862670898,40.790000915527344,32.10790252685547,56800
2011-03-28,40.84999847412109,40.9900016784668,40.720001220703125,40.72999954223633,32.060672760009766,36400
2011-03-29,40.7400016784668,40.95000076293945,40.540000915527344,40.95000076293945,32.23383712768555,46300
2011-03-30,41.09999847412109,41.400001525878906,41.09999847412109,41.27999877929688,32.49359130859375,42000
2011-03-31,41.25,41.290000915527344,41.13999938964844,41.13999938964844,32.383399963378906,38600
2011-04-01,41.45000076293945,41.52999877929688,41.29999923706055,41.380001068115234,32.572322845458984,29400
2011-04-04,41.5,41.5,41.31999969482422,41.41999816894531,32.60380554199219,61400
2011-04-05,41.36000061035156,41.58000183105469,41.31999969482422,41.43999862670898,32.61954879760742,20900
2011-04-06,41.619998931884766,41.619998931884766,41.470001220703125,41.61000061035156,32.753360748291016,14300
2011-04-07,41.560001373291016,41.66999816894531,41.310001373291016,41.52999877929688,32.690391540527344,25700
2011-04-08,41.720001220703125,41.720001220703125,41.25,41.40999984741211,32.59593963623047,24800
2011-04-11,41.43999862670898,41.56999969482422,41.20000076293945,41.2599983215332,32.47786331176758,22900
2011-04-12,41.04999923706055,41.06999969482422,40.77999877929688,40.93000030517578,32.218101501464844,28800
2011-04-13,41.16999816894531,41.16999816894531,40.70000076293945,40.84000015258789,32.14726638793945,38800
2011-04-14,40.54999923706055,40.93000030517578,40.47999954223633,40.84999847412109,32.15512466430664,32600
2011-04-15,40.93999862670898,41.150001525878906,40.900001525878906,41.04999923706055,32.31256484985352,35400
2011-04-18,40.68999862670898,40.68999862670898,40.25,40.52999877929688,31.903244018554688,28600
2011-04-19,40.68000030517578,40.7599983215332,40.540000915527344,40.7599983215332,32.08429718017578,30300
2011-04-20,41.27000045776367,41.31999969482422,41.15999984741211,41.22999954223633,32.45424270629883,58800
2011-04-21,41.47999954223633,41.47999954223633,41.25,41.34999847412109,32.548709869384766,51600
2011-04-25,41.31999969482422,41.369998931884766,41.209999084472656,41.27999877929688,32.49359130859375,18900
2011-04-26,41.4900016784668,41.810001373291016,41.41999816894531,41.720001220703125,32.83995056152344,25500
2011-04-27,41.84000015258789,42.119998931884766,41.72999954223633,42.060001373291016,33.10759735107422,19200
2011-04-28,42.060001373291016,42.2400016784668,42.0,42.209999084472656,33.22564697265625,39400
2011-04-29,42.25,42.369998931884766,42.209999084472656,42.369998931884766,33.35159683227539,20000
2011-05-02,42.63999938964844,42.63999938964844,42.22999954223633,42.27999877929688,33.28074645996094,141000
2011-05-03,42.18999862670898,42.31999969482422,42.02000045776367,42.20000076293945,33.21778869628906,62000
2011-05-04,42.25,42.25,41.75,41.95000076293945,33.020992279052734,21000
2011-05-05,41.70000076293945,41.79999923706055,41.25,41.4900016784668,32.658905029296875,40900
2011-05-06,41.900001525878906,42.0,41.5,41.619998931884766,32.761226654052734,37700
2011-05-09,41.650001525878906,41.81999969482422,41.5,41.7599983215332,32.87144088745117,33000
2011-05-10,41.84999847412109,42.15999984741211,41.810001373291016,42.06999969482422,33.11546325683594,105900
2011-05-11,42.02999877929688,42.02999877929688,41.470001220703125,41.650001525878906,32.784847259521484,350400
2011-05-12,41.54999923706055,41.84000015258789,41.25,41.77999877929688,32.88718032836914,21000
2011-05-13,41.77999877929688,41.77999877929688,41.29999923706055,41.5,32.66677474975586,32500
2011-05-16,41.29999923706055,41.68999862670898,41.2599983215332,41.34000015258789,32.54084396362305,27200
2011-05-17,41.2400016784668,41.38999938964844,41.04999923706055,41.34000015258789,32.54084396362305,21100
2011-05-18,41.41999816894531,41.720001220703125,41.34999847412109,41.720001220703125,32.83995056152344,28400
2011-05-19,41.869998931884766,41.88999938964844,41.59000015258789,41.77000045776367,32.87930679321289,21800
2011-05-20,41.66999816894531,41.66999816894531,41.34000015258789,41.34000015258789,32.54084396362305,55100
2011-05-23,40.81999969482422,40.9900016784668,40.77000045776367,40.90999984741211,32.20235824584961,70700
2011-05-24,41.04999923706055,41.09999847412109,40.86000061035156,40.88999938964844,32.18661117553711,15400
2011-05-25,40.720001220703125,41.16999816894531,40.720001220703125,41.0099983215332,32.28106689453125,52800
2011-05-26,40.900001525878906,41.18999862670898,40.77000045776367,41.11000061035156,32.35979080200195,163200
2011-05-27,41.29999923706055,41.41999816894531,41.2400016784668,41.290000915527344,32.501487731933594,16000
2011-05-31,41.72999954223633,41.72999954223633,41.45000076293945,41.709999084472656,32.83208465576172,14400
2011-06-01,41.630001068115234,41.630001068115234,40.77000045776367,40.77000045776367,32.09215545654297,32100
2011-06-02,40.77999877929688,40.86000061035156,40.43000030517578,40.65999984741211,32.00557327270508,38800
2011-06-03,40.18999862670898,40.58000183105469,40.15999984741211,40.34000015258789,31.753686904907227,22700
2011-06-06,40.22999954223633,40.22999954223633,39.900001525878906,39.91999816894531,31.423072814941406,42100
2011-06-07,40.130001068115234,40.18999862670898,39.84999847412109,39.84999847412109,31.36797142028809,42900
2011-06-08,39.77000045776367,39.959999084472656,39.70000076293945,39.7400016784668,31.281394958496094,15900
2011-06-09,39.93999862670898,40.25,39.81999969482422,40.060001373291016,31.533279418945312,17300
2011-06-10,39.869998931884766,39.869998931884766,39.400001525878906,39.61000061035156,31.179059982299805,27500
2011-06-13,39.7599983215332,39.880001068115234,39.650001525878906,39.790000915527344,31.32074546813965,36000
2011-06-14,40.18000030517578,40.31999969482422,40.119998931884766,40.119998931884766,31.58051109313965,25500
2011-06-15,39.88999938964844,39.900001525878906,39.29999923706055,39.43999862670898,31.045238494873047,48600
2011-06-16,39.40999984741211,39.77000045776367,39.380001068115234,39.650001525878906,31.21055030822754,30900
2011-06-17,39.900001525878906,39.9900016784668,39.709999084472656,39.86000061035156,31.375850677490234,35600
2011-06-20,39.65999984741211,40.0099983215332,39.65999984741211,39.97999954223633,31.47031784057617,220600
2011-06-21,40.15999984741211,40.459999084472656,40.15999984741211,40.400001525878906,31.80091857910156,14400
2011-06-22,40.27000045776367,40.43000030517578,40.15999984741211,40.15999984741211,31.612001419067383,7100
2011-06-23,39.65999984741211,39.91999816894531,39.380001068115234,39.91999816894531,31.423072814941406,22800
2011-06-24,39.72999954223633,39.72999954223633,39.20000076293945,39.2400016784668,31.07463455200196,17100
2011-06-27,39.29999923706055,39.68000030517578,39.2400016784668,39.54999923706055,31.32011985778809,16400
2011-06-28,39.75,39.900001525878906,39.63999938964844,39.88999938964844,31.589370727539062,16000
2011-06-29,40.16999816894531,40.34999847412109,40.08000183105469,40.33000183105469,31.93782424926757,36300
2011-06-30,40.47999954223633,40.70000076293945,40.34999847412109,40.63999938964844,32.183311462402344,34100
2011-07-01,40.7400016784668,41.2599983215332,40.68000030517578,41.209999084472656,32.63469696044922,26000
2011-07-05,41.209999084472656,41.209999084472656,40.95000076293945,41.09000015258789,32.539669036865234,36200
2011-07-06,41.0,41.04999923706055,40.880001068115234,41.04999923706055,32.507999420166016,33200
2011-07-07,41.34999847412109,41.54999923706055,41.27000045776367,41.43999862670898,32.81684494018555,23000
2011-07-08,41.060001373291016,41.119998931884766,40.91999816894531,41.11000061035156,32.555511474609375,20700
2011-07-11,40.68999862670898,40.68999862670898,40.34000015258789,40.41999816894531,32.00908660888672,30600
2011-07-12,40.31999969482422,40.59000015258789,40.2400016784668,40.2599983215332,31.88238906860352,29400
2011-07-13,40.52000045776367,40.79999923706055,40.34999847412109,40.369998931884766,31.96950340270996,22300
2011-07-14,40.52999877929688,40.66999816894531,40.150001525878906,40.209999084472656,31.842788696289062,13400
2011-07-15,40.43000030517578,40.43000030517578,40.0099983215332,40.220001220703125,31.850709915161133,44100
2011-07-18,40.02000045776367,40.02999877929688,39.56999969482422,39.7599983215332,31.486433029174805,34700
2011-07-19,40.08000183105469,40.34999847412109,39.9900016784668,40.31999969482422,31.929895401000977,25600
2011-07-20,40.45000076293945,40.540000915527344,40.34000015258789,40.41999816894531,32.00908660888672,11900
2011-07-21,40.63999938964844,41.15999984741211,40.63999938964844,41.060001373291016,32.51592254638672,27200
2011-07-22,41.13999938964844,41.13999938964844,40.90999984741211,40.970001220703125,32.44464492797852,25600
2011-07-25,40.52000045776367,40.88999938964844,40.47999954223633,40.70000076293945,32.230831146240234,109900
2011-07-26,40.66999816894531,40.720001220703125,40.5,40.54999923706055,32.112037658691406,22400
2011-07-27,40.290000915527344,40.290000915527344,39.75,39.810001373291016,31.526025772094727,37400
2011-07-28,39.790000915527344,40.040000915527344,39.61000061035156,39.619998931884766,31.37557029724121,25200
2011-07-29,39.29999923706055,39.619998931884766,39.060001373291016,39.290000915527344,31.114242553710938,76500
2011-08-01,39.93000030517578,39.93000030517578,38.81999969482422,39.22999954223633,31.06671714782715,61700
2011-08-02,38.95000076293945,39.04999923706055,38.31999969482422,38.34000015258789,30.36191940307617,59300
2011-08-03,38.369998931884766,38.41999816894531,37.72999954223633,38.41999816894531,30.425262451171875,48900
2011-08-04,37.84999847412109,37.84999847412109,36.59000015258789,36.650001525878906,29.023584365844727,80700
2011-08-05,37.060001373291016,37.15999984741211,35.720001220703125,36.59999847412109,28.983985900878903,147600
2011-08-08,35.5,36.040000915527344,34.119998931884766,34.15999984741211,27.05171775817871,237300
2011-08-09,34.689998626708984,35.58000183105469,33.41999816894531,35.58000183105469,28.17623710632324,127300
2011-08-10,35.08000183105469,35.20000076293945,33.88999938964844,33.97999954223633,26.90917587280273,152500
2011-08-11,34.27000045776367,36.0,34.220001220703125,35.560001373291016,28.160400390625,572200
2011-08-12,36.04999923706055,36.130001068115234,35.52000045776367,35.630001068115234,28.215835571289062,66500
2011-08-15,36.02999877929688,36.560001373291016,36.02999877929688,36.540000915527344,28.936479568481445,96800
2011-08-16,36.18999862670898,36.43000030517578,36.040000915527344,36.33000183105469,28.77017593383789,31000
2011-08-17,36.40999984741211,36.77000045776367,36.15999984741211,36.400001525878906,28.825607299804688,33500
2011-08-18,35.439998626708984,35.4900016784668,34.689998626708984,34.9900016784668,27.709009170532227,110000
2011-08-19,34.5,35.279998779296875,34.400001525878906,34.459999084472656,27.289291381835938,47300
2011-08-22,35.33000183105469,35.33000183105469,34.33000183105469,34.40999984741211,27.24970245361328,32100
2011-08-23,34.52000045776367,35.400001525878906,34.33000183105469,35.400001525878906,28.03369903564453,147900
2011-08-24,35.439998626708984,35.939998626708984,35.279998779296875,35.939998626708984,28.461328506469727,22200
2011-08-25,36.290000915527344,36.4900016784668,35.31999969482422,35.470001220703125,28.0891342163086,33800
2011-08-26,35.2599983215332,35.95000076293945,34.720001220703125,35.790000915527344,28.34253692626953,25900
2011-08-29,36.27999877929688,36.84000015258789,36.27999877929688,36.84000015258789,29.17404556274414,45300
2011-08-30,36.70000076293945,37.040000915527344,36.41999816894531,36.880001068115234,29.205724716186523,20700
2011-08-31,37.15999984741211,37.31999969482422,36.84000015258789,37.040000915527344,29.33243179321289,17100
2011-09-01,37.13999938964844,37.20000076293945,36.58000183105469,36.58000183105469,28.96815490722656,38800
2011-09-02,35.959999084472656,36.0099983215332,35.56999969482422,35.689998626708984,28.26333999633789,31500
2011-09-06,34.61000061035156,35.29999923706055,34.61000061035156,35.27000045776367,27.93075180053711,45200
2011-09-07,35.84000015258789,36.36000061035156,35.75,36.34000015258789,28.778085708618164,27500
2011-09-08,36.150001525878906,36.43000030517578,35.869998931884766,35.93000030517578,28.45340347290039,20300
2011-09-09,35.4900016784668,35.4900016784668,34.810001373291016,34.970001220703125,27.693174362182617,42100
2011-09-12,34.5,35.22999954223633,34.45000076293945,35.22999954223633,27.89906883239746,37800
2011-09-13,35.349998474121094,35.5099983215332,35.04999923706055,35.43000030517578,28.05746078491211,76500
2011-09-14,35.63999938964844,36.20000076293945,35.22999954223633,35.849998474121094,28.390043258666992,20900
2011-09-15,36.18000030517578,36.47999954223633,36.08000183105469,36.47999954223633,28.888961791992188,10300
2011-09-16,36.630001068115234,36.7599983215332,36.36000061035156,36.68000030517578,29.04733657836914,11300
2011-09-19,36.08000183105469,36.27999877929688,35.880001068115234,36.18999862670898,28.659299850463867,35300
2011-09-20,36.400001525878906,36.650001525878906,36.15999984741211,36.220001220703125,28.68305969238281,18800
2011-09-21,36.20000076293945,36.209999084472656,35.040000915527344,35.040000915527344,27.748607635498047,32100
2011-09-22,34.119998931884766,34.290000915527344,33.5,33.97999954223633,26.90917587280273,131500
2011-09-23,33.52000045776367,33.97999954223633,33.439998626708984,33.880001068115234,27.04970359802246,39500
2011-09-26,34.189998626708984,34.81999969482422,33.959999084472656,34.779998779296875,27.76825714111328,21000
2011-09-27,35.4900016784668,35.790000915527344,35.0,35.18000030517578,28.08761215209961,31200
2011-09-28,35.279998779296875,35.459999084472656,34.52000045776367,34.529998779296875,27.568653106689453,31700
2011-09-29,35.16999816894531,35.36000061035156,34.52000045776367,35.06999969482422,27.999794006347656,28100
2011-09-30,34.68000030517578,34.95000076293945,34.31999969482422,34.31999969482422,27.40099334716797,56000
2011-10-03,34.150001525878906,34.5099983215332,33.27000045776367,33.27000045776367,26.56267738342285,42600
2011-10-04,33.09000015258789,33.9900016784668,32.5,33.9900016784668,27.13752174377441,101900
2011-10-05,34.16999816894531,34.56999969482422,33.810001373291016,34.54999923706055,27.58462905883789,75100
2011-10-06,34.470001220703125,35.150001525878906,34.25,35.150001525878906,28.06366729736328,29000
2011-10-07,35.34000015258789,35.36000061035156,34.790000915527344,34.790000915527344,27.776243209838867,46900
2011-10-10,35.38999938964844,36.0,35.38999938964844,36.0,28.742292404174805,51700
2011-10-11,35.810001373291016,36.060001373291016,35.7400016784668,35.91999816894531,28.67841911315918,30300
2011-10-12,36.34000015258789,36.790000915527344,36.18000030517578,36.400001525878906,29.061662673950195,68300
2011-10-13,36.13999938964844,36.2400016784668,35.779998779296875,36.09999847412109,28.822134017944336,20800
2011-10-14,36.54999923706055,36.650001525878906,36.310001373291016,36.650001525878906,29.2612533569336,18300
2011-10-17,36.41999816894531,36.47999954223633,35.88999938964844,35.90999984741211,28.67044448852539,15900
2011-10-18,35.959999084472656,37.02000045776367,35.869998931884766,36.79999923706055,29.38101387023925,22800
2011-10-19,37.06999969482422,37.15999984741211,36.43999862670898,36.52000045776367,29.157470703125,56800
2011-10-20,36.790000915527344,36.86000061035156,36.20000076293945,36.77000045776367,29.357067108154297,37700
2011-10-21,37.209999084472656,37.43999862670898,37.11000061035156,37.43999862670898,29.89198875427246,38000
2011-10-24,37.40999984741211,37.86000061035156,37.40999984741211,37.77999877929688,30.163442611694336,102100
2011-10-25,37.630001068115234,37.630001068115234,36.95000076293945,36.970001220703125,29.516746520996094,30400
2011-10-26,37.43999862670898,37.58000183105469,36.9900016784668,37.56999969482422,29.99577713012696,62000
2011-10-27,38.650001525878906,39.06999969482422,38.29999923706055,38.88999938964844,31.04966735839844,53300
2011-10-28,38.75,38.86000061035156,38.66999816894531,38.84000015258789,31.009748458862305,29700
2011-10-31,38.380001068115234,38.38999938964844,37.880001068115234,37.90999984741211,30.267236709594727,9100
2011-11-01,36.70000076293945,37.08000183105469,36.4900016784668,36.630001068115234,29.24529266357422,50100
2011-11-02,37.2599983215332,37.31999969482422,36.90999984741211,37.22999954223633,29.72432518005371,32500
2011-11-03,37.65999984741211,37.84999847412109,37.25,37.83000183105469,30.203372955322266,16600
2011-11-04,37.5099983215332,37.59000015258789,37.18999862670898,37.560001373291016,29.98780632019043,11200
2011-11-07,37.59999847412109,37.869998931884766,37.34999847412109,37.869998931884766,30.23530006408692,8900
2011-11-08,38.0,38.43000030517578,37.77000045776367,38.34999847412109,30.618528366088867,52600
2011-11-09,37.47999954223633,37.650001525878906,36.90999984741211,37.0,29.54069709777832,39000
2011-11-10,37.36000061035156,37.540000915527344,37.11000061035156,37.369998931884766,29.836105346679688,29800
2011-11-11,37.88999938964844,38.18000030517578,37.88999938964844,38.02999877929688,30.36305046081543,17200
2011-11-14,37.86000061035156,37.86000061035156,37.43999862670898,37.619998931884766,30.03569984436035,55300
2011-11-15,37.4900016784668,37.91999816894531,37.38999938964844,37.68999862670898,30.09159469604492,29900
2011-11-16,37.34999847412109,37.68999862670898,37.0099983215332,37.040000915527344,29.5726318359375,49500
2011-11-17,36.95000076293945,37.119998931884766,36.34999847412109,36.400001525878906,29.061662673950195,93000
2011-11-18,36.68000030517578,36.72999954223633,36.470001220703125,36.619998931884766,29.2373104095459,12300
2011-11-21,36.040000915527344,36.040000915527344,35.619998931884766,35.83000183105469,28.6065731048584,24600
2011-11-22,35.79999923706055,35.869998931884766,35.52000045776367,35.619998931884766,28.438905715942383,54300
2011-11-23,35.27000045776367,35.27000045776367,34.790000915527344,34.790000915527344,27.776243209838867,24400
2011-11-25,34.72999954223633,35.150001525878906,34.72999954223633,34.81999969482422,27.800188064575195,13500
2011-11-28,35.75,35.83000183105469,35.439998626708984,35.61000061035156,28.4309196472168,11100
2011-11-29,35.720001220703125,36.060001373291016,35.650001525878906,35.849998474121094,28.62253189086914,237900
2011-11-30,36.869998931884766,37.4900016784668,36.77999877929688,37.4900016784668,29.93191909790039,21900
2011-12-01,37.369998931884766,37.459999084472656,37.220001220703125,37.34000015258789,29.81214714050293,40400
2011-12-02,37.65999984741211,37.84999847412109,37.38999938964844,37.47999954223633,29.923927307128903,30200
2011-12-05,37.970001220703125,38.11000061035156,37.56999969482422,37.79999923706055,30.179414749145508,44100
2011-12-06,37.83000183105469,38.220001220703125,37.810001373291016,38.0,30.339088439941406,15900
2011-12-07,37.77000045776367,38.34000015258789,37.66999816894531,38.20000076293945,30.498767852783203,43600
2011-12-08,37.97999954223633,37.97999954223633,37.18999862670898,37.2400016784668,29.732309341430664,40800
2011-12-09,37.38999938964844,37.9900016784668,37.38999938964844,37.869998931884766,30.23530006408692,27000
2011-12-12,37.5099983215332,37.5099983215332,36.9900016784668,37.27999877929688,29.76424789428711,12700
2011-12-13,37.52000045776367,37.720001220703125,36.88999938964844,37.040000915527344,29.5726318359375,18500
2011-12-14,36.84999847412109,37.09999847412109,36.72999954223633,36.77999877929688,29.36505126953125,29200
2011-12-15,37.13999938964844,37.22999954223633,36.95000076293945,37.0099983215332,29.54867935180664,25300
2011-12-16,37.220001220703125,37.33000183105469,37.0,37.08000183105469,29.604568481445312,32600
2011-12-19,37.15999984741211,37.220001220703125,36.5099983215332,36.619998931884766,29.2373104095459,26900
2011-12-20,37.209999084472656,37.7599983215332,37.209999084472656,37.68999862670898,30.09159469604492,69200
2011-12-21,37.400001525878906,37.709999084472656,37.290000915527344,37.619998931884766,30.295330047607425,15900
2011-12-22,37.720001220703125,38.150001525878906,37.720001220703125,38.119998931884766,30.69797706604004,58400
2011-12-23,38.18999862670898,38.459999084472656,38.18999862670898,38.43000030517578,30.947622299194336,38600
2011-12-27,38.38999938964844,38.540000915527344,38.31999969482422,38.41999816894531,30.939571380615234,23800
2011-12-28,38.41999816894531,38.41999816894531,37.91999816894531,37.93999862670898,30.55302047729492,30100
2011-12-29,38.08000183105469,38.380001068115234,38.06999969482422,38.31999969482422,30.85904693603516,36200
2011-12-30,38.310001373291016,38.34999847412109,38.16999816894531,38.16999816894531,30.73824691772461,21100
2012-01-03,38.72999954223633,38.95000076293945,38.72999954223633,38.79999923706055,31.245588302612305,62900
2012-01-04,38.72999954223633,38.83000183105469,38.560001373291016,38.81999969482422,31.26168441772461,19700
2012-01-05,38.58000183105469,38.970001220703125,38.45000076293945,38.900001525878906,31.32610893249512,31900
2012-01-06,38.9900016784668,38.9900016784668,38.70000076293945,38.7599983215332,31.213363647460938,169600
2012-01-09,38.880001068115234,39.0,38.7400016784668,38.93999862670898,31.35831642150879,21700
2012-01-10,39.34000015258789,39.400001525878906,39.2400016784668,39.310001373291016,31.656286239624023,18400
2012-01-11,39.15999984741211,39.369998931884766,39.11000061035156,39.369998931884766,31.704605102539062,10200
2012-01-12,39.47999954223633,39.5,39.15999984741211,39.400001525878906,31.72876167297364,39400
2012-01-13,39.09999847412109,39.220001220703125,38.84000015258789,39.220001220703125,31.58380889892578,25400
2012-01-17,39.47999954223633,39.650001525878906,39.20000076293945,39.27000045776367,31.624069213867188,63800
2012-01-18,39.2400016784668,39.70000076293945,39.209999084472656,39.650001525878906,31.930084228515625,40000
2012-01-19,39.83000183105469,39.86000061035156,39.619998931884766,39.84000015258789,32.08309555053711,32100
2012-01-20,39.77999877929688,39.93000030517578,39.709999084472656,39.91999816894531,32.14751052856445,28400
2012-01-23,39.959999084472656,40.15999984741211,39.84000015258789,39.970001220703125,32.187774658203125,39400
2012-01-24,39.70000076293945,39.83000183105469,39.59999847412109,39.83000183105469,32.07503890991211,19700
2012-01-25,39.630001068115234,40.0099983215332,39.470001220703125,39.959999084472656,32.179725646972656,30500
2012-01-26,40.040000915527344,40.130001068115234,39.59999847412109,39.65999984741211,31.938135147094727,15700
2012-01-27,39.52000045776367,39.70000076293945,39.459999084472656,39.650001525878906,31.930084228515625,36000
2012-01-30,39.27999877929688,39.43999862670898,39.09999847412109,39.43000030517578,31.75291633605957,51900
2012-01-31,39.630001068115234,39.630001068115234,39.2400016784668,39.36000061035156,31.696542739868164,36500
2012-02-01,39.66999816894531,39.93000030517578,39.65999984741211,39.68999862670898,31.96228408813477,92700
2012-02-02,39.83000183105469,39.84000015258789,39.65999984741211,39.7599983215332,32.0186653137207,35000
2012-02-03,40.20000076293945,40.36000061035156,40.11000061035156,40.36000061035156,32.50183868408203,18400
2012-02-06,40.18999862670898,40.36000061035156,40.130001068115234,40.36000061035156,32.50183868408203,26500
2012-02-07,40.27000045776367,40.47999954223633,40.11000061035156,40.459999084472656,32.58237838745117,20300
2012-02-08,40.5,40.58000183105469,40.31999969482422,40.56999969482422,32.67096328735352,20500
2012-02-09,40.630001068115234,40.63999938964844,40.43000030517578,40.540000915527344,32.64680862426758,18200
2012-02-10,40.20000076293945,40.20000076293945,40.06999969482422,40.20000076293945,32.37300491333008,20900
2012-02-13,40.470001220703125,40.5099983215332,40.38999938964844,40.43000030517578,32.5582160949707,25600
2012-02-14,40.36000061035156,40.38999938964844,40.13999938964844,40.34999847412109,32.493797302246094,25700
2012-02-15,40.470001220703125,40.47999954223633,40.09999847412109,40.15999984741211,32.340789794921875,28800
2012-02-16,40.18000030517578,40.709999084472656,40.18000030517578,40.66999816894531,32.75149154663086,33800
2012-02-17,40.880001068115234,40.900001525878906,40.77999877929688,40.88999938964844,32.92864990234375,51400
2012-02-21,40.959999084472656,41.040000915527344,40.81999969482422,40.91999816894531,32.952816009521484,61000
2012-02-22,40.79999923706055,40.900001525878906,40.66999816894531,40.66999816894531,32.75149154663086,20300
2012-02-23,40.68000030517578,40.88999938964844,40.5,40.869998931884766,32.91254806518555,16700
2012-02-24,40.970001220703125,40.970001220703125,40.810001373291016,40.84000015258789,32.88840103149414,36500
2012-02-27,40.63999938964844,41.08000183105469,40.56999969482422,41.040000915527344,33.04945755004883,54500
2012-02-28,41.040000915527344,41.150001525878906,40.93000030517578,41.11000061035156,33.10581970214844,8000
2012-02-29,41.16999816894531,41.310001373291016,40.86000061035156,40.88999938964844,32.92864990234375,20900
2012-03-01,40.9900016784668,41.22999954223633,40.9900016784668,41.15999984741211,33.146080017089844,31000
2012-03-02,41.119998931884766,41.16999816894531,41.02000045776367,41.09000015258789,33.08971405029297,7600
2012-03-05,40.93999862670898,41.0099983215332,40.790000915527344,40.97999954223633,33.00113296508789,28800
2012-03-06,40.5,40.54999923706055,40.20000076293945,40.27000045776367,32.42936325073242,19900
2012-03-07,40.400001525878906,40.630001068115234,40.34000015258789,40.59999847412109,32.69511795043945,12500
2012-03-08,40.81999969482422,40.9900016784668,40.790000915527344,40.88999938964844,32.92864990234375,22400
2012-03-09,41.0099983215332,41.16999816894531,40.93000030517578,40.9900016784668,33.00919342041016,61000
2012-03-12,41.02999877929688,41.119998931884766,40.93999862670898,41.08000183105469,33.081661224365234,19300
2012-03-13,41.290000915527344,41.93000030517578,41.27999877929688,41.93000030517578,33.76616668701172,69000
2012-03-14,41.880001068115234,41.970001220703125,41.68999862670898,41.77000045776367,33.6373291015625,19500
2012-03-15,41.86000061035156,42.09999847412109,41.790000915527344,42.060001373291016,33.87085723876953,18300
2012-03-16,42.150001525878906,42.18999862670898,42.06999969482422,42.11000061035156,33.9111213684082,18700
2012-03-19,42.09000015258789,42.41999816894531,42.09000015258789,42.220001220703125,33.99971389770508,22400
2012-03-20,41.970001220703125,42.209999084472656,41.970001220703125,42.15999984741211,33.95138168334961,23500
2012-03-21,42.130001068115234,42.220001220703125,41.970001220703125,42.040000915527344,33.85474395751953,14100
2012-03-22,41.65999984741211,41.77999877929688,41.61000061035156,41.61000061035156,33.50846481323242,13800
2012-03-23,41.720001220703125,41.90999984741211,41.59000015258789,41.900001525878906,33.74200820922852,27900
2012-03-26,41.95000076293945,42.16999816894531,41.93999862670898,42.16999816894531,34.16983413696289,16400
2012-03-27,42.22999954223633,42.27000045776367,41.959999084472656,41.959999084472656,33.99968338012695,24600
2012-03-28,41.93999862670898,41.9900016784668,41.58000183105469,41.77000045776367,33.845733642578125,24900
2012-03-29,41.5099983215332,41.72999954223633,41.33000183105469,41.72999954223633,33.81332778930664,19400
2012-03-30,41.900001525878906,41.95000076293945,41.68000030517578,41.91999816894531,33.96727752685547,63000
2012-04-02,41.869998931884766,42.27000045776367,41.81999969482422,42.13999938964844,34.1455192565918,21600
2012-04-03,42.0099983215332,42.08000183105469,41.68999862670898,41.88999938964844,33.942962646484375,27000
2012-04-04,41.560001373291016,41.61000061035156,41.400001525878906,41.5,33.62694549560547,46300
2012-04-05,41.33000183105469,41.47999954223633,41.2400016784668,41.34999847412109,33.50540542602539,18200
2012-04-09,40.84000015258789,41.0,40.77000045776367,40.900001525878906,33.140777587890625,27000
2012-04-10,40.790000915527344,40.81999969482422,40.18000030517578,40.220001220703125,32.589778900146484,18000
2012-04-11,40.56999969482422,40.63999938964844,40.459999084472656,40.52000045776367,32.8328742980957,29100
2012-04-12,40.58000183105469,41.02000045776367,40.58000183105469,41.02000045776367,33.23801803588867,41800
2012-04-13,40.880001068115234,40.880001068115234,40.459999084472656,40.459999084472656,32.78424453735352,26100
2012-04-16,40.68999862670898,40.83000183105469,40.52000045776367,40.68999862670898,32.97061538696289,24200
2012-04-17,40.97999954223633,41.27000045776367,40.900001525878906,41.2400016784668,33.41627502441406,19100
2012-04-18,41.0,41.119998931884766,40.9900016784668,41.02000045776367,33.23801803588867,44000
2012-04-19,41.06999969482422,41.13999938964844,40.7400016784668,40.90999984741211,33.14888000488281,18700
2012-04-20,41.04999923706055,41.150001525878906,40.970001220703125,40.970001220703125,33.197513580322266,29200
2012-04-23,40.5099983215332,40.7400016784668,40.4900016784668,40.68000030517578,32.9625129699707,16300
2012-04-24,40.75,41.04999923706055,40.75,41.02000045776367,33.23801803588867,34500
2012-04-25,41.25,41.369998931884766,41.15999984741211,41.290000915527344,33.456787109375,19000
2012-04-26,41.150001525878906,41.630001068115234,41.150001525878906,41.619998931884766,33.72419357299805,23300
2012-04-27,41.72999954223633,41.72999954223633,41.5099983215332,41.630001068115234,33.73229217529297,10500
2012-04-30,41.54999923706055,41.54999923706055,41.38999938964844,41.38999938964844,33.537818908691406,8900
2012-05-01,41.52999877929688,42.04999923706055,41.52999877929688,41.84999847412109,33.91054153442383,27700
2012-05-02,41.59999847412109,41.65999984741211,41.470001220703125,41.59000015258789,33.69987487792969,8800
2012-05-03,41.54999923706055,41.630001068115234,41.290000915527344,41.34000015258789,33.49729919433594,19000
2012-05-04,41.13999938964844,41.15999984741211,40.75,40.790000915527344,33.05164337158203,42100
2012-05-07,40.56999969482422,40.90999984741211,40.56999969482422,40.880001068115234,33.124568939208984,15000
2012-05-08,40.58000183105469,40.72999954223633,40.36000061035156,40.70000076293945,32.97871780395508,12300
2012-05-09,40.2400016784668,40.56999969482422,40.130001068115234,40.38999938964844,32.7275276184082,21600
2012-05-10,40.75,40.77999877929688,40.56999969482422,40.56999969482422,32.873382568359375,34800
2012-05-11,40.31999969482422,40.75,40.31999969482422,40.43000030517578,32.75993728637695,22000
2012-05-14,40.0099983215332,40.16999816894531,39.86000061035156,39.95000076293945,32.37100601196289,30500
2012-05-15,39.93000030517578,40.04999923706055,39.66999816894531,39.68999862670898,32.16032028198242,33000
2012-05-16,39.84999847412109,40.02999877929688,39.59999847412109,39.650001525878906,32.1279182434082,48700
2012-05-17,39.56999969482422,39.56999969482422,39.15999984741211,39.20000076293945,31.763277053833008,14200
2012-05-18,39.36000061035156,39.36000061035156,38.810001373291016,38.88999938964844,31.5120906829834,20200
2012-05-21,38.93000030517578,39.18999862670898,38.869998931884766,39.18000030517578,31.747079849243164,19200
2012-05-22,39.2599983215332,39.58000183105469,39.16999816894531,39.16999816894531,31.738977432250977,24900
2012-05-23,39.0,39.20000076293945,38.59999847412109,39.20000076293945,31.763277053833008,40000
2012-05-24,39.36000061035156,39.41999816894531,39.08000183105469,39.33000183105469,31.868627548217773,32000
2012-05-25,39.38999938964844,39.52000045776367,39.20000076293945,39.29999923706055,31.84431266784668,7800
2012-05-29,39.52000045776367,39.66999816894531,39.459999084472656,39.65999984741211,32.136016845703125,15500
2012-05-30,39.34999847412109,39.369998931884766,39.09000015258789,39.11000061035156,31.69035720825196,20300
2012-05-31,39.130001068115234,39.310001373291016,38.77000045776367,39.119998931884766,31.69845390319824,54900
2012-06-01,38.5099983215332,38.59999847412109,38.20000076293945,38.220001220703125,30.969202041625977,57300
2012-06-04,38.33000183105469,38.33000183105469,37.88999938964844,38.18999862670898,30.94489860534668,33800
2012-06-05,38.06999969482422,38.43999862670898,38.0,38.38999938964844,31.1069564819336,44300
2012-06-06,38.65999984741211,39.29999923706055,38.65999984741211,39.29999923706055,31.84431266784668,22900
2012-06-07,39.7400016784668,39.7400016784668,39.369998931884766,39.369998931884766,31.90103530883789,88600
2012-06-08,39.310001373291016,39.70000076293945,39.16999816894531,39.70000076293945,32.168426513671875,15400
2012-06-11,40.02999877929688,40.040000915527344,39.220001220703125,39.220001220703125,31.779491424560547,15000
2012-06-12,39.36000061035156,39.68999862670898,39.2599983215332,39.68999862670898,32.16032028198242,20400
2012-06-13,39.630001068115234,39.900001525878906,39.5,39.56999969482422,32.063087463378906,24500
2012-06-14,39.650001525878906,40.150001525878906,39.619998931884766,40.150001525878906,32.53306198120117,11900
2012-06-15,40.29999923706055,40.470001220703125,40.20000076293945,40.470001220703125,32.79233932495117,30100
2012-06-18,40.29999923706055,40.43000030517578,40.20000076293945,40.34999847412109,32.69511032104492,10400
2012-06-19,40.560001373291016,40.900001525878906,40.560001373291016,40.790000915527344,33.05164337158203,10800
2012-06-20,40.77999877929688,40.83000183105469,40.52000045776367,40.70000076293945,32.97871780395508,43800
2012-06-21,40.7599983215332,40.84999847412109,39.900001525878906,39.900001525878906,32.33049011230469,52000
2012-06-22,40.18000030517578,40.25,40.040000915527344,40.209999084472656,32.58167266845703,17900
2012-06-25,39.43000030517578,39.43000030517578,39.13999938964844,39.25,32.03162384033203,23100
2012-06-26,39.34000015258789,39.56999969482422,39.220001220703125,39.560001373291016,32.28461837768555,11000
2012-06-27,39.630001068115234,39.90999984741211,39.619998931884766,39.83000183105469,32.504966735839844,17900
2012-06-28,39.619998931884766,39.83000183105469,39.369998931884766,39.83000183105469,32.504966735839844,38800
2012-06-29,40.59000015258789,40.7599983215332,40.459999084472656,40.7599983215332,33.26393508911133,44100
2012-07-02,40.81999969482422,40.86000061035156,40.560001373291016,40.86000061035156,33.34553527832031,22600
2012-07-03,40.86000061035156,41.06999969482422,40.79999923706055,40.97999954223633,33.4434814453125,12100
2012-07-05,40.90999984741211,40.90999984741211,40.70000076293945,40.79999923706055,33.296566009521484,34100
2012-07-06,40.310001373291016,40.459999084472656,40.27000045776367,40.41999816894531,32.98645782470703,34900
2012-07-09,40.38999938964844,40.38999938964844,40.150001525878906,40.34999847412109,32.92932891845703,10400
2012-07-10,40.4900016784668,40.54999923706055,39.91999816894531,40.08000183105469,32.708984375,19700
2012-07-11,40.060001373291016,40.25,39.970001220703125,40.130001068115234,32.749786376953125,28700
2012-07-12,39.95000076293945,40.15999984741211,39.83000183105469,40.09999847412109,32.725303649902344,29800
2012-07-13,40.34000015258789,40.709999084472656,40.34000015258789,40.709999084472656,33.223121643066406,25500
2012-07-16,40.619998931884766,40.7400016784668,40.4900016784668,40.66999816894531,33.19047546386719,35500
2012-07-17,40.75,41.06999969482422,40.43999862670898,41.0099983215332,33.46794509887695,21400
2012-07-18,40.84999847412109,41.25,40.84999847412109,41.22999954223633,33.64749526977539,36700
2012-07-19,41.18000030517578,41.18999862670898,40.97999954223633,41.09999847412109,33.541404724121094,11500
2012-07-20,40.86000061035156,40.869998931884766,40.709999084472656,40.720001220703125,33.231300354003906,12900
2012-07-23,40.15999984741211,40.4900016784668,40.08000183105469,40.41999816894531,32.98645782470703,43200
2012-07-24,40.470001220703125,40.470001220703125,39.77999877929688,40.08000183105469,32.708984375,29200
2012-07-25,40.27999877929688,40.27999877929688,39.97999954223633,40.119998931884766,32.741634368896484,5900
2012-07-26,40.59000015258789,40.83000183105469,40.540000915527344,40.790000915527344,33.288414001464844,9600
2012-07-27,41.02000045776367,41.58000183105469,40.93000030517578,41.470001220703125,33.843360900878906,13600
2012-07-30,41.45000076293945,41.56999969482422,41.34000015258789,41.41999816894531,33.802547454833984,11600
2012-07-31,41.43000030517578,41.52999877929688,41.34000015258789,41.34000015258789,33.73725891113281,13400
2012-08-01,41.45000076293945,41.52000045776367,41.22999954223633,41.38999938964844,33.77806854248047,30800
2012-08-02,40.90999984741211,41.040000915527344,40.54999923706055,40.84000015258789,33.3292121887207,20100
2012-08-03,41.40999984741211,41.68999862670898,41.40999984741211,41.59000015258789,33.941287994384766,30700
2012-08-06,41.7599983215332,41.880001068115234,41.66999816894531,41.72999954223633,34.05554962158203,24300
2012-08-07,41.869998931884766,41.970001220703125,41.83000183105469,41.83000183105469,34.13715744018555,18000
2012-08-08,41.63999938964844,41.93999862670898,41.63999938964844,41.88999938964844,34.18611145019531,10500
2012-08-09,41.869998931884766,42.04999923706055,41.83000183105469,41.9900016784668,34.267723083496094,10500
2012-08-10,41.79999923706055,42.02000045776367,41.70000076293945,42.02000045776367,34.29220962524414,47000
2012-08-13,41.959999084472656,42.02999877929688,41.83000183105469,41.970001220703125,34.25140380859375,20500
2012-08-14,42.150001525878906,42.150001525878906,41.84999847412109,41.93000030517578,34.21876907348633,30600
2012-08-15,41.84000015258789,42.040000915527344,41.84000015258789,41.93999862670898,34.22690963745117,20200
2012-08-16,42.02000045776367,42.20000076293945,41.93000030517578,42.09999847412109,34.35749816894531,14700
2012-08-17,42.18999862670898,42.18999862670898,42.060001373291016,42.11000061035156,34.365657806396484,22700
2012-08-20,42.11000061035156,42.16999816894531,42.0099983215332,42.15999984741211,34.40645980834961,17900
2012-08-21,42.27999877929688,42.43000030517578,42.0,42.02999877929688,34.30036544799805,12300
2012-08-22,41.959999084472656,42.040000915527344,41.77999877929688,41.9900016784668,34.267723083496094,24700
2012-08-23,41.91999816894531,41.91999816894531,41.59999847412109,41.650001525878906,33.9902458190918,9100
2012-08-24,41.52999877929688,41.970001220703125,41.52999877929688,41.88999938964844,34.18611145019531,13900
2012-08-27,41.95000076293945,42.02999877929688,41.84000015258789,41.84000015258789,34.14531326293945,22300
2012-08-28,41.77999877929688,41.97999954223633,41.77999877929688,41.880001068115234,34.17794418334961,15200
2012-08-29,41.84999847412109,41.9900016784668,41.810001373291016,41.880001068115234,34.17794418334961,12900
2012-08-30,41.709999084472656,41.709999084472656,41.5099983215332,41.630001068115234,33.97394180297852,17300
2012-08-31,41.93999862670898,41.97999954223633,41.70000076293945,41.81999969482422,34.12898254394531,21500
2012-09-04,41.790000915527344,41.84999847412109,41.56999969482422,41.7400016784668,34.06370544433594,13100
2012-09-05,41.77000045776367,41.84000015258789,41.709999084472656,41.75,34.07186508178711,27100
2012-09-06,42.2400016784668,42.619998931884766,42.209999084472656,42.58000183105469,34.74922180175781,20800
2012-09-07,42.7400016784668,42.84999847412109,42.709999084472656,42.84999847412109,34.96956253051758,13600
2012-09-10,42.79999923706055,42.880001068115234,42.650001525878906,42.650001525878906,34.806339263916016,16000
2012-09-11,42.720001220703125,42.880001068115234,42.70000076293945,42.810001373291016,34.93691635131836,27700
2012-09-12,42.970001220703125,43.0,42.83000183105469,42.88999938964844,35.002201080322266,19700
2012-09-13,42.900001525878906,43.720001220703125,42.86000061035156,43.65999984741211,35.6306037902832,37300
2012-09-14,43.65999984741211,44.0,43.59000015258789,43.75,35.70404052734375,64800
2012-09-17,43.58000183105469,43.66999816894531,43.41999816894531,43.4900016784668,35.49187088012695,15600
2012-09-18,43.369998931884766,43.4900016784668,43.31999969482422,43.40999984741211,35.42657852172852,13700
2012-09-19,43.540000915527344,43.650001525878906,43.43999862670898,43.470001220703125,35.47553634643555,22800
2012-09-20,43.27000045776367,43.59000015258789,43.20000076293945,43.56999969482422,35.557151794433594,15000
2012-09-21,43.68999862670898,43.75,43.54999923706055,43.54999923706055,35.54083251953125,28900
2012-09-24,43.06999969482422,43.369998931884766,43.06999969482422,43.27000045776367,35.561370849609375,25300
2012-09-25,43.43000030517578,43.4900016784668,42.900001525878906,42.900001525878906,35.257293701171875,17200
2012-09-26,42.84999847412109,42.88999938964844,42.65999984741211,42.70000076293945,35.092926025390625,14700
2012-09-27,42.93999862670898,43.150001525878906,42.77999877929688,43.0099983215332,35.347679138183594,26900
2012-09-28,42.90999984741211,42.9900016784668,42.709999084472656,42.93999862670898,35.2901611328125,22800
2012-10-01,43.040000915527344,43.34999847412109,43.0,43.02999877929688,35.3641242980957,40200
2012-10-02,43.209999084472656,43.22999954223633,42.900001525878906,43.08000183105469,35.40522384643555,29800
2012-10-03,43.13999938964844,43.29999923706055,42.970001220703125,43.209999084472656,35.51206588745117,13900
2012-10-04,43.36000061035156,43.59999847412109,43.36000061035156,43.52000045776367,35.7668342590332,5300
2012-10-05,43.88999938964844,43.90999984741211,43.59999847412109,43.68999862670898,35.90655899047852,17900
2012-10-08,43.52000045776367,43.619998931884766,43.470001220703125,43.58000183105469,35.81614303588867,25500
2012-10-09,43.56999969482422,43.619998931884766,43.29999923706055,43.310001373291016,35.59425354003906,20500
2012-10-10,43.22999954223633,43.22999954223633,42.91999816894531,42.970001220703125,35.314815521240234,29900
2012-10-11,43.220001220703125,43.27000045776367,42.9900016784668,43.02999877929688,35.3641242980957,27700
2012-10-12,42.970001220703125,43.060001373291016,42.68999862670898,42.72999954223633,35.117576599121094,15800
2012-10-15,42.810001373291016,43.11000061035156,42.7599983215332,43.09000015258789,35.4134407043457,63000
2012-10-16,43.310001373291016,43.52000045776367,43.310001373291016,43.52000045776367,35.7668342590332,38800
2012-10-17,43.58000183105469,43.90999984741211,43.58000183105469,43.84999847412109,36.03805160522461,52100
2012-10-18,43.77999877929688,44.09000015258789,43.77999877929688,43.9900016784668,36.153099060058594,52700
2012-10-19,43.900001525878906,43.900001525878906,43.2400016784668,43.34999847412109,35.62711715698242,31500
2012-10-22,43.15999984741211,43.290000915527344,42.900001525878906,43.2400016784668,35.536712646484375,25700
2012-10-23,42.650001525878906,42.72999954223633,42.40999984741211,42.59000015258789,35.00251770019531,41400
2012-10-24,42.61000061035156,42.709999084472656,42.43000030517578,42.470001220703125,34.90390396118164,102700
2012-10-25,42.790000915527344,42.90999984741211,42.45000076293945,42.66999816894531,35.06826400756836,51400
2012-10-26,42.61000061035156,42.720001220703125,42.400001525878906,42.58000183105469,34.99430465698242,39700
2012-10-31,42.810001373291016,42.84000015258789,42.470001220703125,42.61000061035156,35.01895523071289,106800
2012-11-01,42.66999816894531,43.02999877929688,42.66999816894531,43.0,35.3394775390625,44000
2012-11-02,43.20000076293945,43.20000076293945,42.59999847412109,42.650001525878906,35.05183029174805,27400
2012-11-05,42.56999969482422,42.709999084472656,42.43000030517578,42.630001068115234,35.035396575927734,32000
2012-11-06,42.79999923706055,43.130001068115234,42.77999877929688,42.959999084472656,35.30659103393555,38700
2012-11-07,42.58000183105469,42.58000183105469,41.72999954223633,41.91999816894531,34.45188522338867,44200
2012-11-08,41.91999816894531,42.060001373291016,41.47999954223633,41.47999954223633,34.090267181396484,39600
2012-11-09,41.2400016784668,41.77999877929688,41.220001220703125,41.45000076293945,34.06560134887695,19800
2012-11-12,41.59999847412109,41.619998931884766,41.43999862670898,41.47999954223633,34.090267181396484,27200
2012-11-13,41.310001373291016,41.68999862670898,41.22999954223633,41.2599983215332,33.909454345703125,56300
2012-11-14,41.310001373291016,41.310001373291016,40.619998931884766,40.70000076293945,33.4492301940918,27700
2012-11-15,40.77000045776367,40.810001373291016,40.41999816894531,40.59000015258789,33.35881423950195,77500
2012-11-16,40.59999847412109,40.790000915527344,40.31999969482422,40.790000915527344,33.523189544677734,45400
2012-11-19,41.18999862670898,41.45000076293945,41.18999862670898,41.380001068115234,34.008079528808594,32700
2012-11-20,41.40999984741211,41.52000045776367,41.27999877929688,41.52000045776367,34.12314224243164,43400
2012-11-21,41.560001373291016,41.59000015258789,41.4900016784668,41.58000183105469,34.17245101928711,45400
2012-11-23,41.790000915527344,42.119998931884766,41.75,42.119998931884766,34.616241455078125,28700
2012-11-26,41.880001068115234,42.0,41.77000045776367,42.0,34.51762008666992,24200
2012-11-27,41.93999862670898,42.18999862670898,41.720001220703125,41.75,34.31217193603516,25100
2012-11-28,41.4900016784668,42.08000183105469,41.34000015258789,42.08000183105469,34.583377838134766,40500
2012-11-29,42.18999862670898,42.27999877929688,42.0099983215332,42.209999084472656,34.690216064453125,36800
2012-11-30,42.2599983215332,42.31999969482422,42.09999847412109,42.25,34.723079681396484,48300
2012-12-03,42.43999862670898,42.45000076293945,41.970001220703125,42.02000045776367,34.53406524658203,48200
2012-12-04,42.09999847412109,42.13999938964844,41.91999816894531,41.970001220703125,34.49296569824219,387800
2012-12-05,42.02999877929688,42.470001220703125,41.93999862670898,42.33000183105469,34.788841247558594,139900
2012-12-06,42.38999938964844,42.43999862670898,42.25,42.43000030517578,34.87102508544922,32800
2012-12-07,42.59000015258789,42.68999862670898,42.43000030517578,42.68999862670898,35.08469772338867,203300
2012-12-10,42.619998931884766,42.77000045776367,42.61000061035156,42.70000076293945,35.092926025390625,49100
2012-12-11,42.84999847412109,43.13999938964844,42.84999847412109,42.97999954223633,35.323028564453125,66700
2012-12-12,43.13999938964844,43.38999938964844,43.08000183105469,43.11000061035156,35.429874420166016,25100
2012-12-13,43.08000183105469,43.13999938964844,42.7599983215332,42.84000015258789,35.20797348022461,31900
2012-12-14,42.7400016784668,42.84999847412109,42.68999862670898,42.77000045776367,35.15044403076172,23900
2012-12-17,42.84000015258789,43.22999954223633,42.84000015258789,43.22999954223633,35.528499603271484,45200
2012-12-18,43.25,43.7400016784668,43.22999954223633,43.70000076293945,35.91477584838867,64100
2012-12-19,43.7599983215332,43.7599983215332,43.34999847412109,43.36000061035156,35.635337829589844,61300
2012-12-20,43.02000045776367,43.31999969482422,42.95000076293945,43.31999969482422,35.88968276977539,57600
2012-12-21,42.68000030517578,42.97999954223633,42.650001525878906,42.88999938964844,35.53343200683594,56100
2012-12-24,42.75,42.77000045776367,42.65999984741211,42.70000076293945,35.37601852416992,37500
2012-12-26,42.77000045776367,42.84000015258789,42.54999923706055,42.650001525878906,35.3346061706543,168400
2012-12-27,42.66999816894531,42.720001220703125,42.02999877929688,42.52999877929688,35.23516845703125,32200
2012-12-28,42.25,42.41999816894531,42.02000045776367,42.02000045776367,34.81266403198242,149700
2012-12-31,41.95000076293945,42.66999816894531,41.900001525878906,42.66999816894531,35.35116958618164,75400
2013-01-02,43.77000045776367,43.77999877929688,43.369998931884766,43.77999877929688,36.270790100097656,159200
2013-01-03,43.7599983215332,43.84000015258789,43.59999847412109,43.709999084472656,36.21277618408203,57800
2013-01-04,43.79999923706055,44.040000915527344,43.790000915527344,44.0,36.45305252075195,71300
2013-01-07,43.84999847412109,43.93999862670898,43.68000030517578,43.84000015258789,36.32049179077149,27300
2013-01-08,43.7599983215332,43.790000915527344,43.560001373291016,43.68999862670898,36.19621658325195,46900
2013-01-09,43.77999877929688,43.91999816894531,43.68999862670898,43.79999923706055,36.287353515625,156800
2013-01-10,44.02000045776367,44.220001220703125,43.900001525878906,44.16999816894531,36.59389114379883,41400
2013-01-11,44.16999816894531,44.18999862670898,44.0099983215332,44.15999984741211,36.58560943603516,37700
2013-01-14,44.18000030517578,44.20000076293945,44.04999923706055,44.18000030517578,36.602169036865234,63400
2013-01-15,44.040000915527344,44.33000183105469,44.040000915527344,44.33000183105469,36.7264404296875,31800
2013-01-16,44.18000030517578,44.29999923706055,44.16999816894531,44.2599983215332,36.66844940185547,52200
2013-01-17,44.38999938964844,44.619998931884766,44.34000015258789,44.5,36.8672981262207,33100
2013-01-18,44.5,44.630001068115234,44.380001068115234,44.630001068115234,36.9749870300293,53900
2013-01-22,44.59999847412109,44.84999847412109,44.52999877929688,44.84000015258789,37.14897155761719,44300
2013-01-23,44.79999923706055,44.880001068115234,44.68999862670898,44.86000061035156,37.1655387878418,44800
2013-01-24,44.97999954223633,45.2400016784668,44.97999954223633,45.040000915527344,37.31466674804688,48700
2013-01-25,45.25,45.31999969482422,45.08000183105469,45.31999969482422,37.54664611816406,44600
2013-01-28,45.40999984741211,45.40999984741211,45.13999938964844,45.25,37.4886589050293,43400
2013-01-29,45.2400016784668,45.68000030517578,45.20000076293945,45.650001525878906,37.82004165649414,77700
2013-01-30,45.630001068115234,45.66999816894531,45.400001525878906,45.43999862670898,37.64605712890625,70100
2013-01-31,45.31999969482422,45.45000076293945,45.290000915527344,45.34999847412109,37.57149124145508,34900
2013-02-01,45.56999969482422,45.79999923706055,45.47999954223633,45.7599983215332,37.91118240356445,40500
2013-02-04,45.43999862670898,45.5,45.27000045776367,45.310001373291016,37.53835678100586,58700
2013-02-05,45.52000045776367,45.86000061035156,45.52000045776367,45.720001220703125,37.878028869628906,42600
2013-02-06,45.540000915527344,45.7599983215332,45.52999877929688,45.75,37.90288543701172,100900
2013-02-07,45.790000915527344,45.81999969482422,45.38999938964844,45.61000061035156,37.786903381347656,29200
2013-02-08,45.68000030517578,45.790000915527344,45.66999816894531,45.75,37.90288543701172,34200
2013-02-11,45.75,45.84000015258789,45.70000076293945,45.81999969482422,37.96087265014648,30200
2013-02-12,45.869998931884766,46.08000183105469,45.79999923706055,46.02999877929688,38.13485336303711,40000
2013-02-13,46.119998931884766,46.16999816894531,45.959999084472656,46.08000183105469,38.1762809753418,18200
2013-02-14,45.900001525878906,46.13999938964844,45.900001525878906,46.11000061035156,38.20113754272461,28000
2013-02-15,46.209999084472656,46.209999084472656,45.86000061035156,46.02000045776367,38.1265754699707,28700
2013-02-19,46.04999923706055,46.459999084472656,46.04999923706055,46.45000076293945,38.482818603515625,72200
2013-02-20,46.459999084472656,46.459999084472656,45.91999816894531,45.93000030517578,38.05200958251953,35800
2013-02-21,45.79999923706055,45.79999923706055,45.540000915527344,45.66999816894531,37.83660888671875,28100
2013-02-22,45.880001068115234,46.06999969482422,45.810001373291016,46.06999969482422,38.167999267578125,21300
2013-02-25,46.22999954223633,46.34999847412109,45.16999816894531,45.18999862670898,37.43893051147461,68600
2013-02-26,45.36000061035156,45.459999084472656,45.09999847412109,45.459999084472656,37.662628173828125,25600
2013-02-27,45.43000030517578,46.11000061035156,45.43000030517578,46.04999923706055,38.15142059326172,26900
2013-02-28,46.02999877929688,46.27000045776367,45.88999938964844,45.88999938964844,38.01887130737305,37200
2013-03-01,45.70000076293945,46.150001525878906,45.61000061035156,46.040000915527344,38.14314270019531,72800
2013-03-04,46.0099983215332,46.310001373291016,45.93000030517578,46.310001373291016,38.36684036254883,37500
2013-03-05,46.52000045776367,46.81999969482422,46.52000045776367,46.650001525878906,38.64851379394531,43200
2013-03-06,46.81999969482422,46.95000076293945,46.70000076293945,46.84999847412109,38.814212799072266,28300
2013-03-07,46.93000030517578,47.02999877929688,46.90999984741211,46.970001220703125,38.91363143920898,37300
2013-03-08,47.18000030517578,47.18000030517578,46.93000030517578,47.11000061035156,39.02961730957031,112700
2013-03-11,47.06999969482422,47.27999877929688,46.9900016784668,47.27999877929688,39.170448303222656,27200
2013-03-12,47.290000915527344,47.36000061035156,47.08000183105469,47.22999954223633,39.129032135009766,17600
2013-03-13,47.18000030517578,47.29999923706055,47.11000061035156,47.2599983215332,39.15388870239258,20000
2013-03-14,47.36000061035156,47.560001373291016,47.36000061035156,47.540000915527344,39.385860443115234,24200
2013-03-15,47.43000030517578,47.540000915527344,47.27999877929688,47.52999877929688,39.3775749206543,26200
2013-03-18,47.02999877929688,47.45000076293945,47.0,47.22999954223633,39.129032135009766,79800
2013-03-19,47.34000015258789,47.38999938964844,46.880001068115234,47.15999984741211,39.07102966308594,104500
2013-03-20,47.38999938964844,47.52999877929688,47.369998931884766,47.40999984741211,39.278167724609375,28700
2013-03-21,47.130001068115234,47.369998931884766,47.0,47.060001373291016,38.98819351196289,58100
2013-03-22,46.91999816894531,47.11000061035156,46.86000061035156,47.09000015258789,39.24236297607422,39800
2013-03-25,47.27000045776367,47.310001373291016,46.75,46.91999816894531,39.10069274902344,18300
2013-03-26,47.09000015258789,47.31999969482422,47.08000183105469,47.31999969482422,39.43403244018555,15700
2013-03-27,47.040000915527344,47.27000045776367,46.959999084472656,47.27000045776367,39.392364501953125,108300
2013-03-28,47.25,47.45000076293945,47.209999084472656,47.40999984741211,39.50904083251953,65500
2013-04-01,47.369998931884766,47.470001220703125,47.18999862670898,47.34000015258789,39.45069885253906,38900
2013-04-02,47.459999084472656,47.619998931884766,47.380001068115234,47.5,39.58403396606445,53600
2013-04-03,47.52999877929688,47.540000915527344,46.91999816894531,47.02000045776367,39.184024810791016,49200
2013-04-04,47.02999877929688,47.290000915527344,47.02000045776367,47.27000045776367,39.392364501953125,30500
2013-04-05,46.68999862670898,47.13999938964844,46.650001525878906,47.13999938964844,39.28402328491211,28500
2013-04-08,47.130001068115234,47.380001068115234,46.95000076293945,47.380001068115234,39.48403930664063,32700
2013-04-09,47.5,47.810001373291016,47.41999816894531,47.619998931884766,39.68403625488281,76200
2013-04-10,47.77999877929688,48.209999084472656,47.77999877929688,48.16999816894531,40.142372131347656,41000
2013-04-11,48.09999847412109,48.41999816894531,48.04999923706055,48.29999923706055,40.25071334838867,75700
2013-04-12,48.11000061035156,48.119998931884766,47.88999938964844,48.119998931884766,40.10070037841797,25200
2013-04-15,47.84999847412109,47.880001068115234,47.09999847412109,47.09999847412109,39.25069427490234,178900
2013-04-16,47.470001220703125,47.66999816894531,47.29999923706055,47.66999816894531,39.725704193115234,62300
2013-04-17,47.369998931884766,47.369998931884766,46.81999969482422,47.060001373291016,39.21736907958984,56700
2013-04-18,47.18000030517578,47.18000030517578,46.7400016784668,46.880001068115234,39.06736373901367,49300
2013-04-19,47.11000061035156,47.380001068115234,47.040000915527344,47.380001068115234,39.48403930664063,29500
2013-04-22,47.470001220703125,47.59000015258789,47.16999816894531,47.560001373291016,39.634033203125,52300
2013-04-23,47.810001373291016,48.060001373291016,47.540000915527344,48.060001373291016,40.05071258544922,60500
2013-04-24,48.09999847412109,48.18000030517578,47.9900016784668,48.060001373291016,40.05071258544922,32900
2013-04-25,48.22999954223633,48.45000076293945,48.150001525878906,48.22999954223633,40.19237518310547,88200
2013-04-26,48.15999984741211,48.27999877929688,48.040000915527344,48.209999084472656,40.17570495605469,40000
2013-04-29,48.2599983215332,48.56999969482422,48.25,48.4900016784668,40.40905380249024,28500
2013-04-30,48.43999862670898,48.47999954223633,48.22999954223633,48.459999084472656,40.3840446472168,31800
2013-05-01,48.290000915527344,48.310001373291016,47.91999816894531,47.970001220703125,39.97571563720703,43800
2013-05-02,48.130001068115234,48.380001068115234,48.04999923706055,48.34000015258789,40.2840461730957,27500
2013-05-03,48.68999862670898,48.900001525878906,48.68999862670898,48.7400016784668,40.61739349365234,23800
2013-05-06,48.790000915527344,48.93000030517578,48.7400016784668,48.86000061035156,40.71739196777344,37800
2013-05-07,48.93999862670898,49.150001525878906,48.880001068115234,49.150001525878906,40.95905303955078,40500
2013-05-08,49.06999969482422,49.380001068115234,49.06999969482422,49.380001068115234,41.15073394775391,54000
2013-05-09,49.34000015258789,49.369998931884766,49.06999969482422,49.13999938964844,40.950721740722656,28600
2013-05-10,49.11000061035156,49.27000045776367,48.959999084472656,49.27000045776367,41.059059143066406,18900
2013-05-13,49.16999816894531,49.34999847412109,49.09000015258789,49.34999847412109,41.1257209777832,19900
2013-05-14,49.369998931884766,49.93999862670898,49.369998931884766,49.93999862670898,41.61740112304688,67000
2013-05-15,49.84000015258789,50.36000061035156,49.84000015258789,50.27000045776367,41.89239883422852,22700
2013-05-16,50.15999984741211,50.34000015258789,50.040000915527344,50.09999847412109,41.750732421875,41300
2013-05-17,50.2400016784668,50.59000015258789,50.20000076293945,50.59000015258789,42.159088134765625,36900
2013-05-20,50.540000915527344,50.7599983215332,50.52000045776367,50.59999847412109,42.16740798950195,22000
2013-05-21,50.650001525878906,50.83000183105469,50.5099983215332,50.68000030517578,42.23408889770508,18600
2013-05-22,50.75,51.220001220703125,50.220001220703125,50.369998931884766,41.97573852539063,47900
2013-05-23,49.77999877929688,50.369998931884766,49.77000045776367,50.27999877929688,41.9007453918457,31400
2013-05-24,50.02999877929688,50.2599983215332,49.880001068115234,50.2599983215332,41.884071350097656,37200
2013-05-28,50.83000183105469,50.9900016784668,50.45000076293945,50.619998931884766,42.184078216552734,63800
2013-05-29,50.29999923706055,50.45000076293945,50.02000045776367,50.290000915527344,41.90907287597656,67600
2013-05-30,50.34999847412109,50.75,50.31999969482422,50.540000915527344,42.11741256713867,37900
2013-05-31,50.400001525878906,50.619998931884766,49.75,49.75,41.45906448364258,91300
2013-06-03,49.88999938964844,50.130001068115234,49.59000015258789,50.11000061035156,41.759063720703125,46400
2013-06-04,50.09999847412109,50.27999877929688,49.650001525878906,49.880001068115234,41.56740188598633,44600
2013-06-05,49.75,49.810001373291016,49.15999984741211,49.209999084472656,41.0090446472168,66900
2013-06-06,49.15999984741211,49.68999862670898,48.95000076293945,49.68999862670898,41.4090690612793,52400
2013-06-07,49.959999084472656,50.33000183105469,49.84999847412109,50.29999923706055,41.91740417480469,83000
2013-06-10,50.459999084472656,50.470001220703125,50.18000030517578,50.290000915527344,41.90907287597656,55700
2013-06-11,49.869998931884766,50.22999954223633,49.7599983215332,49.83000183105469,41.52574157714844,52200
2013-06-12,50.16999816894531,50.2400016784668,49.5099983215332,49.540000915527344,41.2840690612793,49700
2013-06-13,49.43000030517578,50.27000045776367,49.380001068115234,50.2400016784668,41.867408752441406,23400
2013-06-14,50.15999984741211,50.34000015258789,49.810001373291016,49.880001068115234,41.56740188598633,63600
2013-06-17,50.22999954223633,50.470001220703125,50.02999877929688,50.2599983215332,41.884071350097656,47100
2013-06-18,50.31999969482422,50.650001525878906,50.310001373291016,50.630001068115234,42.19241714477539,26100
2013-06-19,50.630001068115234,50.650001525878906,49.93000030517578,49.93999862670898,41.61740112304688,55000
2013-06-20,49.470001220703125,49.52000045776367,48.59999847412109,48.70000076293945,40.58405685424805,133700
2013-06-21,49.209999084472656,49.209999084472656,48.5,48.959999084472656,40.80072784423828,237400
2013-06-24,48.16999816894531,48.470001220703125,47.70000076293945,48.09999847412109,40.3344841003418,81400
2013-06-25,48.5,48.70000076293945,48.15999984741211,48.54999923706055,40.71184158325195,55200
2013-06-26,48.93999862670898,49.11000061035156,48.72999954223633,49.09999847412109,41.173038482666016,69000
2013-06-27,49.29999923706055,49.52999877929688,49.29999923706055,49.33000183105469,41.365909576416016,52400
2013-06-28,49.27999877929688,49.38999938964844,49.02000045776367,49.02999877929688,41.11434555053711,72300
2013-07-01,49.290000915527344,49.63999938964844,49.2400016784668,49.290000915527344,41.33237457275391,83100
2013-07-02,49.22999954223633,49.560001373291016,49.060001373291016,49.2599983215332,41.30720901489258,43600
2013-07-03,48.9900016784668,49.2599983215332,48.869998931884766,49.209999084472656,41.2652702331543,12500
2013-07-05,49.59999847412109,49.75,49.220001220703125,49.7400016784668,41.709716796875,81300
2013-07-08,50.060001373291016,50.18000030517578,49.95000076293945,50.119998931884766,42.02836227416992,47300
2013-07-09,50.380001068115234,50.560001373291016,50.2599983215332,50.5,42.347015380859375,26500
2013-07-10,50.5,50.560001373291016,50.27999877929688,50.43999862670898,42.29669952392578,61500
2013-07-11,51.060001373291016,51.130001068115234,50.81999969482422,51.08000183105469,42.83338165283203,104000
2013-07-12,51.040000915527344,51.18000030517578,50.9900016784668,51.11000061035156,42.8585319519043,23000
2013-07-15,51.27999877929688,51.41999816894531,51.16999816894531,51.369998931884766,43.07656097412109,37900
2013-07-16,51.400001525878906,51.400001525878906,51.02000045776367,51.18000030517578,42.917236328125,25900
2013-07-17,51.34999847412109,51.400001525878906,51.220001220703125,51.29999923706055,43.01785659790039,40400
2013-07-18,51.400001525878906,51.75,51.400001525878906,51.68000030517578,43.33651351928711,34900
2013-07-19,51.56999969482422,51.810001373291016,51.5099983215332,51.810001373291016,43.445533752441406,38300
2013-07-22,51.83000183105469,51.9900016784668,51.75,51.95000076293945,43.56291961669922,33800
2013-07-23,52.06999969482422,52.08000183105469,51.880001068115234,51.9900016784668,43.596466064453125,34300
2013-07-24,52.119998931884766,52.119998931884766,51.61000061035156,51.66999816894531,43.3281364440918,84600
2013-07-25,51.52000045776367,51.7599983215332,51.470001220703125,51.72999954223633,43.37843704223633,48200
2013-07-26,51.52999877929688,51.79999923706055,51.33000183105469,51.77999877929688,43.42036437988281,37400
2013-07-29,51.66999816894531,51.720001220703125,51.5,51.619998931884766,43.28619766235352,54200
2013-07-30,51.77000045776367,51.84000015258789,51.43999862670898,51.630001068115234,43.29458236694336,30800
2013-07-31,51.68999862670898,51.959999084472656,51.560001373291016,51.61000061035156,43.277809143066406,92500
2013-08-01,51.959999084472656,52.150001525878906,51.95000076293945,52.119998931884766,43.70548248291016,28800
2013-08-02,52.02000045776367,52.16999816894531,51.900001525878906,52.150001525878906,43.73063659667969,233800
2013-08-05,52.060001373291016,52.130001068115234,51.97999954223633,52.060001373291016,43.65516662597656,25600
2013-08-06,52.0,52.0,51.68000030517578,51.77000045776367,43.41197967529297,74800
2013-08-07,51.59999847412109,51.68000030517578,51.45000076293945,51.63999938964844,43.3029670715332,27900
2013-08-08,51.880001068115234,51.93000030517578,51.59999847412109,51.84999847412109,43.47906112670898,28400
2013-08-09,51.81999969482422,51.91999816894531,51.52000045776367,51.68000030517578,43.33651351928711,33500
2013-08-12,51.43999862670898,51.650001525878906,51.43999862670898,51.59999847412109,43.26941680908203,25600
2013-08-13,51.650001525878906,51.790000915527344,51.400001525878906,51.70000076293945,43.3532829284668,45400
2013-08-14,51.63999938964844,51.7400016784668,51.400001525878906,51.45000076293945,43.143646240234375,33900
2013-08-15,50.959999084472656,50.959999084472656,50.58000183105469,50.709999084472656,42.52310943603516,45700
2013-08-16,50.5099983215332,50.720001220703125,50.400001525878906,50.560001373291016,42.39733123779297,69300
2013-08-19,50.36000061035156,50.5,50.09999847412109,50.11000061035156,42.01997375488281,30300
2013-08-20,50.09999847412109,50.45000076293945,50.09999847412109,50.310001373291016,42.18769454956055,28700
2013-08-21,50.15999984741211,50.34999847412109,49.84999847412109,49.90999984741211,41.852272033691406,81000
2013-08-22,50.060001373291016,50.43000030517578,49.93000030517578,50.310001373291016,42.18769454956055,96100
2013-08-23,50.59000015258789,50.68999862670898,50.34000015258789,50.65999984741211,42.48118591308594,68500
2013-08-26,50.68000030517578,50.709999084472656,50.310001373291016,50.34999847412109,42.221229553222656,28200
2013-08-27,49.790000915527344,49.97999954223633,49.540000915527344,49.58000183105469,41.5755500793457,34600
2013-08-28,49.5,49.880001068115234,49.5,49.720001220703125,41.69294357299805,32600
2013-08-29,49.619998931884766,50.0,49.59000015258789,49.77000045776367,41.73486709594727,42300
2013-08-30,49.869998931884766,49.869998931884766,49.5,49.65999984741211,41.64263153076172,90100
2013-09-03,50.0,50.08000183105469,49.5099983215332,49.720001220703125,41.69294357299805,42100
2013-09-04,49.65999984741211,50.13999938964844,49.65999984741211,50.08000183105469,41.99482727050781,28300
2013-09-05,50.13999938964844,50.220001220703125,50.04999923706055,50.04999923706055,41.96967315673828,29400
2013-09-06,50.09000015258789,50.34000015258789,49.75,50.06999969482422,41.98643112182617,35800
2013-09-09,50.18999862670898,50.5,50.150001525878906,50.4900016784668,42.33863067626953,81300
2013-09-10,50.86000061035156,50.959999084472656,50.720001220703125,50.959999084472656,42.73275375366211,40800
2013-09-11,50.970001220703125,51.18999862670898,50.88999938964844,51.18999862670898,42.92560958862305,24900
2013-09-12,51.220001220703125,51.220001220703125,50.90999984741211,50.97999954223633,42.7495231628418,21000
2013-09-13,51.060001373291016,51.16999816894531,51.0,51.13999938964844,42.88368988037109,223700
2013-09-16,51.720001220703125,51.7400016784668,51.4900016784668,51.52000045776367,43.20235061645508,25600
2013-09-17,51.619998931884766,51.72999954223633,51.61000061035156,51.72999954223633,43.37843704223633,26700
2013-09-18,51.68999862670898,52.41999816894531,51.52999877929688,52.2599983215332,43.8228759765625,42700
2013-09-19,52.400001525878906,52.400001525878906,52.04999923706055,52.119998931884766,43.70548248291016,18300
2013-09-20,52.150001525878906,52.150001525878906,51.720001220703125,51.72999954223633,43.37843704223633,18900
2013-09-23,51.18000030517578,51.2400016784668,50.93999862670898,51.09999847412109,43.10848617553711,54000
2013-09-24,51.040000915527344,51.209999084472656,50.84999847412109,50.90999984741211,42.94820022583008,30800
2013-09-25,50.970001220703125,50.9900016784668,50.77999877929688,50.79999923706055,42.85540008544922,25600
2013-09-26,50.90999984741211,51.06999969482422,50.66999816894531,50.83000183105469,42.88071060180664,32100
2013-09-27,50.630001068115234,50.65999984741211,50.4900016784668,50.61000061035156,42.69511413574219,188700
2013-09-30,50.18999862670898,50.45000076293945,50.06999969482422,50.310001373291016,42.4420280456543,60000
2013-10-01,50.27999877929688,50.630001068115234,50.27999877929688,50.61000061035156,42.69511413574219,51100
2013-10-02,50.310001373291016,50.56999969482422,50.18000030517578,50.540000915527344,42.63606262207031,40700
2013-10-03,50.5,50.5099983215332,49.93999862670898,50.20000076293945,42.34923553466797,41900
2013-10-04,50.34999847412109,50.52999877929688,50.15999984741211,50.5099983215332,42.61075210571289,18200
2013-10-07,50.06999969482422,50.31999969482422,50.0,50.11000061035156,42.27330017089844,30900
2013-10-08,50.06999969482422,50.15999984741211,49.63999938964844,49.650001525878906,41.885250091552734,47000
2013-10-09,49.720001220703125,49.90999984741211,49.5,49.790000915527344,42.003360748291016,42300
2013-10-10,50.290000915527344,50.84000015258789,50.290000915527344,50.84000015258789,42.8891487121582,39800
2013-10-11,50.77000045776367,51.15999984741211,50.77000045776367,51.15999984741211,43.15909957885742,45400
2013-10-14,50.77000045776367,51.34000015258789,50.75,51.31999969482422,43.29407501220703,40600
2013-10-15,51.220001220703125,51.33000183105469,50.880001068115234,50.93999862670898,42.97350311279297,430600
2013-10-16,51.25,51.68999862670898,51.25,51.66999816894531,43.58934783935547,37300
2013-10-17,51.540000915527344,52.08000183105469,51.5,52.08000183105469,43.93522262573242,63100
2013-10-18,52.31999969482422,52.31999969482422,52.09999847412109,52.27999877929688,44.10395050048828,21600
2013-10-21,52.380001068115234,52.380001068115234,52.150001525878906,52.27000045776367,44.09550094604492,660300
2013-10-22,52.36000061035156,52.650001525878906,52.36000061035156,52.58000183105469,44.35702896118164,45100
2013-10-23,52.38999938964844,52.470001220703125,52.18999862670898,52.27000045776367,44.09550094604492,36400
2013-10-24,52.41999816894531,52.45000076293945,52.2400016784668,52.38999938964844,44.19674301147461,45000
2013-10-25,52.470001220703125,52.619998931884766,52.400001525878906,52.619998931884766,44.39077758789063,23800
2013-10-28,52.5099983215332,52.75,52.5099983215332,52.68999862670898,44.44982147216797,49500
2013-10-29,52.7599983215332,52.9900016784668,52.7599983215332,52.9900016784668,44.70289993286133,27700
2013-10-30,53.0,53.09999847412109,52.58000183105469,52.77000045776367,44.517311096191406,25100
2013-10-31,52.72999954223633,52.880001068115234,52.560001373291016,52.56999969482422,44.34859085083008,31300
2013-11-01,52.61000061035156,52.77999877929688,52.45000076293945,52.75,44.50044631958008,42200
2013-11-04,52.79999923706055,52.959999084472656,52.77000045776367,52.959999084472656,44.67759704589844,63700
2013-11-05,52.790000915527344,52.95000076293945,52.66999816894531,52.81999969482422,44.55949783325195,18700
2013-11-06,53.09000015258789,53.25,53.02999877929688,53.25,44.92224884033203,16900
2013-11-07,53.369998931884766,53.369998931884766,52.66999816894531,52.68999862670898,44.44982147216797,37100
2013-11-08,52.650001525878906,53.43000030517578,52.650001525878906,53.43000030517578,45.07408905029297,53200
2013-11-11,53.400001525878906,53.459999084472656,53.34000015258789,53.41999816894531,45.06565475463867,42200
2013-11-12,53.34000015258789,53.41999816894531,53.09999847412109,53.2599983215332,44.93066787719727,36000
2013-11-13,53.0,53.59999847412109,53.0,53.59999847412109,45.21751022338867,21400
2013-11-14,53.52999877929688,53.84999847412109,53.52000045776367,53.84999847412109,45.428409576416016,37100
2013-11-15,53.91999816894531,54.09000015258789,53.869998931884766,54.09000015258789,45.630889892578125,30700
2013-11-18,54.16999816894531,54.209999084472656,53.90999984741211,53.97999954223633,45.538082122802734,31100
2013-11-19,53.88999938964844,54.119998931884766,53.86000061035156,53.95000076293945,45.51277542114258,62700
2013-11-20,53.970001220703125,54.13999938964844,53.709999084472656,53.83000183105469,45.41153717041016,28400
2013-11-21,53.97999954223633,54.27999877929688,53.88999938964844,54.22999954223633,45.74899291992188,36200
2013-11-22,54.220001220703125,54.5,54.13999938964844,54.5,45.97676849365234,73500
2013-11-25,54.59999847412109,54.619998931884766,54.41999816894531,54.470001220703125,45.95145797729492,41200
2013-11-26,54.4900016784668,54.4900016784668,54.310001373291016,54.31999969482422,45.82490539550781,24300
2013-11-27,54.43999862670898,54.45000076293945,54.27999877929688,54.38999938964844,45.88396072387695,29200
2013-11-29,54.4900016784668,54.58000183105469,54.25,54.27999877929688,45.79116821289063,15400
2013-12-02,54.220001220703125,54.45000076293945,54.119998931884766,54.20000076293945,45.72367858886719,24800
2013-12-03,54.02000045776367,54.130001068115234,53.7400016784668,53.93999862670898,45.50434112548828,58400
2013-12-04,53.7599983215332,54.130001068115234,53.56999969482422,53.90999984741211,45.479034423828125,48400
2013-12-05,53.709999084472656,53.79999923706055,53.43999862670898,53.5099983215332,45.14158630371094,26700
2013-12-06,53.91999816894531,54.20000076293945,53.91999816894531,54.20000076293945,45.72367858886719,27000
2013-12-09,54.38999938964844,54.45000076293945,54.310001373291016,54.38999938964844,45.88396072387695,54200
2013-12-10,54.290000915527344,54.34000015258789,54.130001068115234,54.16999816894531,45.698368072509766,25400
2013-12-11,54.11000061035156,54.11000061035156,53.459999084472656,53.52999877929688,45.1584587097168,53100
2013-12-12,53.459999084472656,53.540000915527344,53.209999084472656,53.33000183105469,44.98973846435547,43100
2013-12-13,53.40999984741211,53.41999816894531,53.18000030517578,53.290000915527344,44.95598602294922,18300
2013-12-16,53.58000183105469,53.790000915527344,53.54999923706055,53.61000061035156,45.22594451904297,31800
2013-12-17,53.709999084472656,53.709999084472656,53.29999923706055,53.369998931884766,45.02347946166992,38800
2013-12-18,53.5,54.369998931884766,53.20000076293945,54.369998931884766,45.86708831787109,53300
2013-12-19,54.22999954223633,54.369998931884766,54.060001373291016,54.34999847412109,45.8502197265625,41100
2013-12-20,54.0,54.2599983215332,54.0,54.209999084472656,46.04643249511719,59900
2013-12-23,54.40999984741211,54.40999984741211,54.27999877929688,54.34000015258789,46.156856536865234,50800
2013-12-24,54.34000015258789,54.52000045776367,54.31999969482422,54.5099983215332,46.30124282836914,21700
2013-12-26,54.65999984741211,54.810001373291016,54.619998931884766,54.810001373291016,46.55607223510742,30600
2013-12-27,55.0,55.0,54.790000915527344,54.880001068115234,46.61552810668945,58400
2013-12-30,54.880001068115234,54.880001068115234,54.720001220703125,54.810001373291016,46.55607223510742,62500
2013-12-31,54.790000915527344,55.02000045776367,54.790000915527344,55.0099983215332,46.72594451904297,65100
2014-01-02,54.84999847412109,54.84999847412109,54.43999862670898,54.52000045776367,46.30974197387695,60300
2014-01-03,54.650001525878906,54.77000045776367,54.52000045776367,54.61000061035156,46.38618850708008,38500
2014-01-06,54.81999969482422,54.81999969482422,54.45000076293945,54.52999877929688,46.3182373046875,35900
2014-01-07,54.70000076293945,54.880001068115234,54.70000076293945,54.81999969482422,46.56456756591797,55600
2014-01-08,54.790000915527344,54.790000915527344,54.59000015258789,54.75,46.505104064941406,73100
2014-01-09,54.93999862670898,54.93999862670898,54.54999923706055,54.86000061035156,46.59854888916016,31400
2014-01-10,54.93999862670898,54.93999862670898,54.63999938964844,54.93000030517578,46.65800094604492,41200
2014-01-13,54.83000183105469,54.90999984741211,54.20000076293945,54.27999877929688,46.10588836669922,88300
2014-01-14,54.34999847412109,54.709999084472656,54.290000915527344,54.70000076293945,46.4626350402832,35900
2014-01-15,54.79999923706055,55.06999969482422,54.79999923706055,55.0099983215332,46.72594451904297,32100
2014-01-16,54.93000030517578,54.93000030517578,54.70000076293945,54.900001525878906,46.63252258300781,33700
2014-01-17,54.790000915527344,54.84000015258789,54.59000015258789,54.630001068115234,46.40318298339844,33000
2014-01-21,54.810001373291016,54.869998931884766,54.31999969482422,54.61000061035156,46.38618850708008,69900
2014-01-22,54.72999954223633,54.72999954223633,54.5099983215332,54.630001068115234,46.40318298339844,45100
2014-01-23,54.36000061035156,54.36000061035156,53.810001373291016,54.04999923706055,45.9105224609375,48400
2014-01-24,53.84999847412109,53.84999847412109,53.08000183105469,53.09000015258789,45.09508895874024,69200
2014-01-27,53.09999847412109,53.25,52.77000045776367,52.93000030517578,44.95919036865234,60300
2014-01-28,53.06999969482422,53.38999938964844,53.06999969482422,53.33000183105469,45.298946380615234,62300
2014-01-29,52.88999938964844,53.18999862670898,52.84000015258789,52.93000030517578,44.95919036865234,49600
2014-01-30,53.150001525878906,53.45000076293945,53.0099983215332,53.36000061035156,45.32442474365234,33000
2014-01-31,52.72999954223633,53.25,52.70000076293945,52.97999954223633,45.00165939331055,34300
2014-02-03,52.93999862670898,52.959999084472656,51.720001220703125,51.79999923706055,43.99935531616211,56300
2014-02-04,52.0,52.11000061035156,51.810001373291016,52.040000915527344,44.203216552734375,102700
2014-02-05,51.880001068115234,52.06999969482422,51.619998931884766,51.95000076293945,44.126766204833984,39300
2014-02-06,52.15999984741211,52.56999969482422,52.130001068115234,52.560001373291016,44.64490509033203,46800
2014-02-07,52.84999847412109,53.18999862670898,52.65999984741211,53.16999816894531,45.16303634643555,75100
2014-02-10,53.20000076293945,53.20000076293945,52.959999084472656,53.20000076293945,45.18852615356445,29800
2014-02-11,53.25,53.93999862670898,53.25,53.810001373291016,45.706668853759766,34800
2014-02-12,53.900001525878906,54.040000915527344,53.72999954223633,53.84000015258789,45.73214340209961,35900
2014-02-13,53.47999954223633,54.04999923706055,53.47999954223633,54.04999923706055,45.9105224609375,49800
2014-02-14,54.040000915527344,54.5,53.97999954223633,54.459999084472656,46.25878143310547,43300
2014-02-18,54.470001220703125,54.470001220703125,54.29999923706055,54.369998931884766,46.18233871459961,30600
2014-02-19,54.220001220703125,54.560001373291016,53.97999954223633,54.02000045776367,45.885040283203125,81500
2014-02-20,54.06999969482422,54.470001220703125,53.959999084472656,54.41999816894531,46.22480392456055,39700
2014-02-21,54.47999954223633,54.59000015258789,54.29999923706055,54.29999923706055,46.12287139892578,53700
2014-02-24,54.31999969482422,54.93999862670898,54.31999969482422,54.63999938964844,46.41167449951172,38700
2014-02-25,54.5,54.7400016784668,54.38999938964844,54.47999954223633,46.275760650634766,29000
2014-02-26,54.58000183105469,54.619998931884766,54.33000183105469,54.47999954223633,46.275760650634766,36200
2014-02-27,54.290000915527344,54.70000076293945,54.27999877929688,54.70000076293945,46.4626350402832,29300
2014-02-28,54.66999816894531,55.18000030517578,54.66999816894531,54.93999862670898,46.66649627685547,33000
2014-03-03,54.54999923706055,54.68000030517578,54.25,54.5,46.292762756347656,52300
2014-03-04,55.130001068115234,55.459999084472656,54.97999954223633,55.369998931884766,47.03173065185547,31700
2014-03-05,55.29999923706055,55.45000076293945,55.27000045776367,55.380001068115234,47.04024124145508,16100
2014-03-06,55.459999084472656,55.650001525878906,55.459999084472656,55.56999969482422,47.20162582397461,33600
2014-03-07,55.79999923706055,55.79999923706055,55.5,55.70000076293945,47.31205368041992,24400
2014-03-10,55.52999877929688,55.72999954223633,55.369998931884766,55.72999954223633,47.33753204345703,26300
2014-03-11,55.68000030517578,55.72999954223633,55.27000045776367,55.380001068115234,47.04024124145508,33900
2014-03-12,55.02999877929688,55.40999984741211,55.02999877929688,55.40999984741211,47.06571960449219,30600
2014-03-13,55.58000183105469,55.619998931884766,54.810001373291016,54.81999969482422,46.56456756591797,30100
2014-03-14,54.81999969482422,55.0099983215332,54.59999847412109,54.68000030517578,46.44565582275391,35300
2014-03-17,55.02000045776367,55.27999877929688,55.0099983215332,55.220001220703125,46.904335021972656,41800
2014-03-18,55.380001068115234,55.66999816894531,55.33000183105469,55.59000015258789,47.21861267089844,86500
2014-03-19,55.5099983215332,55.70000076293945,55.09000015258789,55.29999923706055,46.972286224365234,29600
2014-03-20,55.27999877929688,55.84999847412109,55.209999084472656,55.83000183105469,47.4224739074707,47400
2014-03-21,56.08000183105469,56.27000045776367,55.72999954223633,55.77000045776367,47.37150192260742,31300
2014-03-24,55.66999816894531,55.70000076293945,55.11000061035156,55.400001525878906,47.31343078613281,22600
2014-03-25,55.66999816894531,55.75,55.41999816894531,55.70000076293945,47.56964874267578,45200
2014-03-26,55.97999954223633,55.97999954223633,55.4900016784668,55.4900016784668,47.39029693603516,97300
2014-03-27,55.5,55.560001373291016,55.25,55.40999984741211,47.32198333740234,68400
2014-03-28,55.59000015258789,55.90999984741211,55.560001373291016,55.68999862670898,47.56109619140625,39100
2014-03-31,56.09999847412109,56.220001220703125,55.9900016784668,56.18000030517578,47.97957992553711,57200
2014-04-01,56.34999847412109,56.400001525878906,56.11000061035156,56.34000015258789,48.11621856689453,43000
2014-04-02,56.43999862670898,56.59999847412109,56.27000045776367,56.56999969482422,48.312644958496094,89700
2014-04-03,56.70000076293945,56.70000076293945,56.41999816894531,56.59999847412109,48.33826446533203,56400
2014-04-04,56.970001220703125,56.970001220703125,56.02999877929688,56.130001068115234,47.93688201904297,54000
2014-04-07,56.09999847412109,56.09999847412109,55.52999877929688,55.59000015258789,47.4756965637207,29500
2014-04-08,55.59000015258789,55.77999877929688,55.310001373291016,55.68999862670898,47.56109619140625,62200
2014-04-09,55.869998931884766,56.15999984741211,55.63999938964844,56.15999984741211,47.96249771118164,35200
2014-04-10,56.16999816894531,56.18000030517578,55.130001068115234,55.22999954223633,47.16824722290039,128700
2014-04-11,54.91999816894531,55.15999984741211,54.709999084472656,54.77999877929688,46.78393173217773,46300
2014-04-14,55.18999862670898,55.20000076293945,54.720001220703125,55.15999984741211,47.10846328735352,37700
2014-04-15,55.27000045776367,55.540000915527344,54.869998931884766,55.47999954223633,47.38175582885742,49300
2014-04-16,55.790000915527344,56.040000915527344,55.68999862670898,56.040000915527344,47.860008239746094,56800
2014-04-17,55.95000076293945,56.31999969482422,55.95000076293945,56.209999084472656,48.00519943237305,74800
2014-04-21,56.18999862670898,56.31999969482422,56.11000061035156,56.29999923706055,48.08205795288086,72100
2014-04-22,56.38999938964844,56.59000015258789,56.27000045776367,56.45000076293945,48.21015930175781,80300
2014-04-23,56.470001220703125,56.5099983215332,56.29999923706055,56.43999862670898,48.20161819458008,52000
2014-04-24,56.59999847412109,56.65999984741211,56.22999954223633,56.41999816894531,48.18453598022461,76000
2014-04-25,56.400001525878906,56.400001525878906,56.040000915527344,56.150001525878906,47.95396041870117,46500
2014-04-28,56.41999816894531,56.54999923706055,55.93999862670898,56.43000030517578,48.19308853149414,56700
2014-04-29,56.52999877929688,56.70000076293945,56.4900016784668,56.59999847412109,48.33826446533203,55200
2014-04-30,56.54999923706055,56.720001220703125,56.470001220703125,56.70000076293945,48.42367172241211,45200
2014-05-01,56.68000030517578,56.720001220703125,56.459999084472656,56.61000061035156,48.34682083129883,188400
2014-05-02,56.66999816894531,56.810001373291016,56.40999984741211,56.43000030517578,48.19308853149414,57800
2014-05-05,56.09000015258789,56.470001220703125,55.97999954223633,56.470001220703125,48.22724533081055,41500
2014-05-06,56.25,56.34000015258789,55.9900016784668,56.02000045776367,47.84292602539063,31500
2014-05-07,56.27000045776367,56.61000061035156,56.060001373291016,56.59999847412109,48.33826446533203,97700
2014-05-08,56.56999969482422,56.83000183105469,56.40999984741211,56.52999877929688,48.27848434448242,168700
2014-05-09,56.58000183105469,56.59000015258789,56.27000045776367,56.540000915527344,48.28702926635742,24500
2014-05-12,56.83000183105469,56.970001220703125,56.790000915527344,56.970001220703125,48.65426635742188,88900
2014-05-13,57.0,57.130001068115234,56.970001220703125,57.06999969482422,48.73966217041016,37700
2014-05-14,57.09999847412109,57.09999847412109,56.790000915527344,56.880001068115234,48.57740783691406,95100
2014-05-15,56.7400016784668,56.7400016784668,56.130001068115234,56.34999847412109,48.12475204467773,47300
2014-05-16,56.27999877929688,56.41999816894531,56.13999938964844,56.41999816894531,48.18453598022461,46500
2014-05-19,56.29999923706055,56.59999847412109,56.29999923706055,56.58000183105469,48.32118225097656,61400
2014-05-20,56.54999923706055,56.54999923706055,56.02999877929688,56.209999084472656,48.00519943237305,41100
2014-05-21,56.290000915527344,56.68000030517578,56.290000915527344,56.66999816894531,48.39805603027344,33100
2014-05-22,56.630001068115234,56.83000183105469,56.56999969482422,56.7599983215332,48.47491836547852,94900
2014-05-23,56.79999923706055,56.91999816894531,56.77999877929688,56.880001068115234,48.57740783691406,49500
2014-05-27,57.09999847412109,57.15999984741211,57.0,57.11000061035156,48.773834228515625,54100
2014-05-28,57.150001525878906,57.25,57.040000915527344,57.13999938964844,48.79944610595703,31300
2014-05-29,57.13999938964844,57.369998931884766,57.09000015258789,57.369998931884766,48.995880126953125,21800
2014-05-30,57.34000015258789,57.59000015258789,57.27000045776367,57.56999969482422,49.16669464111328,72700
2014-06-02,57.59999847412109,57.63999938964844,57.380001068115234,57.58000183105469,49.17522430419922,145000
2014-06-03,57.369998931884766,57.619998931884766,57.369998931884766,57.58000183105469,49.17522430419922,33700
2014-06-04,57.5,57.68000030517578,57.459999084472656,57.68000030517578,49.2606315612793,69600
2014-06-05,57.77000045776367,58.04999923706055,57.560001373291016,57.970001220703125,49.508296966552734,71700
2014-06-06,58.13999938964844,58.31999969482422,58.130001068115234,58.31999969482422,49.80720520019531,39900
2014-06-09,58.27999877929688,58.459999084472656,58.2599983215332,58.369998931884766,49.849910736083984,80700
2014-06-10,58.369998931884766,58.40999984741211,58.220001220703125,58.40999984741211,49.88407516479492,72400
2014-06-11,58.09999847412109,58.2599983215332,58.04999923706055,58.16999816894531,49.67911529541016,54200
2014-06-12,58.04999923706055,58.06999969482422,57.68999862670898,57.75,49.320404052734375,56500
2014-06-13,57.880001068115234,58.09999847412109,57.84999847412109,58.06999969482422,49.59370040893555,34700
2014-06-16,58.040000915527344,58.18999862670898,57.90999984741211,58.060001373291016,49.58515930175781,34100
2014-06-17,58.02999877929688,58.27999877929688,57.9900016784668,58.2400016784668,49.738895416259766,28900
2014-06-18,58.2400016784668,58.75,58.16999816894531,58.75,50.17445373535156,61900
2014-06-19,58.68999862670898,58.84999847412109,58.63999938964844,58.84999847412109,50.25984573364258,60000
2014-06-20,59.060001373291016,59.119998931884766,58.970001220703125,59.040000915527344,50.422119140625,71800
2014-06-23,58.68999862670898,58.75,58.59000015258789,58.75,50.44443130493164,29000
2014-06-24,58.54999923706055,58.79999923706055,58.27000045776367,58.31999969482422,50.075233459472656,64200
2014-06-25,58.16999816894531,58.52000045776367,58.060001373291016,58.5,50.22978591918945,54100
2014-06-26,58.40999984741211,58.40999984741211,58.0099983215332,58.369998931884766,50.118160247802734,83000
2014-06-27,58.2599983215332,58.36000061035156,58.150001525878906,58.36000061035156,50.10956954956055,46600
2014-06-30,58.400001525878906,58.45000076293945,58.25,58.27999877929688,50.04088592529297,57600
2014-07-01,58.380001068115234,58.81999969482422,58.380001068115234,58.59999847412109,50.31563568115234,43000
2014-07-02,58.68000030517578,58.7400016784668,58.59999847412109,58.709999084472656,50.41009140014648,34100
2014-07-03,58.900001525878906,59.0,58.77999877929688,59.0,50.65909576416016,13300
2014-07-07,58.91999816894531,58.91999816894531,58.70000076293945,58.810001373291016,50.49595260620117,41300
2014-07-08,58.72999954223633,58.72999954223633,58.380001068115234,58.470001220703125,50.20401763916016,122800
2014-07-09,58.63999938964844,58.77000045776367,58.52000045776367,58.66999816894531,50.3757438659668,34800
2014-07-10,58.11000061035156,58.619998931884766,58.11000061035156,58.54999923706055,50.2727165222168,60500
2014-07-11,58.400001525878906,58.630001068115234,58.33000183105469,58.59999847412109,50.31563568115234,34700
2014-07-14,58.900001525878906,58.91999816894531,58.75,58.81999969482422,50.50453567504883,72900
2014-07-15,58.88999938964844,58.9900016784668,58.63999938964844,58.84999847412109,50.53030014038086,73000
2014-07-16,59.08000183105469,59.380001068115234,59.0,59.380001068115234,50.98537826538086,35800
2014-07-17,59.15999984741211,59.400001525878906,58.70000076293945,58.72999954223633,50.42726135253906,73800
2014-07-18,58.88999938964844,59.209999084472656,58.84999847412109,59.209999084472656,50.83940887451172,43400
2014-07-21,59.04999923706055,59.13999938964844,58.77000045776367,59.09000015258789,50.73637771606445,41500
2014-07-22,59.27000045776367,59.43000030517578,59.22999954223633,59.34000015258789,50.95103073120117,71300
2014-07-23,59.47999954223633,59.47999954223633,59.31999969482422,59.40999984741211,51.01113128662109,37600
2014-07-24,59.5,59.52999877929688,59.380001068115234,59.41999816894531,51.01971435546875,23500
2014-07-25,59.40999984741211,59.40999984741211,59.11000061035156,59.220001220703125,50.84799575805664,35000
2014-07-28,59.29999923706055,59.29999923706055,58.900001525878906,59.20000076293945,50.830833435058594,33000
2014-07-29,59.380001068115234,59.380001068115234,58.900001525878906,58.93000030517578,50.59899139404297,147700
2014-07-30,59.119998931884766,59.119998931884766,58.560001373291016,58.81999969482422,50.50453567504883,81800
2014-07-31,58.560001373291016,58.59000015258789,57.650001525878906,57.650001525878906,49.49995422363281,56800
2014-08-01,57.45000076293945,57.79999923706055,57.25,57.5099983215332,49.379730224609375,69800
2014-08-04,57.5,57.9900016784668,57.31999969482422,57.90999984741211,49.72319030761719,45900
2014-08-05,57.7599983215332,57.7599983215332,57.11000061035156,57.290000915527344,49.19083404541016,42200
2014-08-06,57.0099983215332,57.43000030517578,56.77000045776367,57.2599983215332,49.16508483886719,74200
2014-08-07,57.45000076293945,57.52000045776367,56.77000045776367,56.959999084472656,48.907501220703125,63900
2014-08-08,57.02000045776367,57.619998931884766,56.900001525878906,57.61000061035156,49.465599060058594,30600
2014-08-11,57.86000061035156,57.93999862670898,57.65999984741211,57.709999084472656,49.55146026611328,26900
2014-08-12,57.720001220703125,57.77999877929688,57.52999877929688,57.709999084472656,49.55146026611328,30300
2014-08-13,57.88999938964844,58.060001373291016,57.75,58.040000915527344,49.83481597900391,45200
2014-08-14,58.11000061035156,58.29999923706055,58.06999969482422,58.29999923706055,50.05805587768555,50700
2014-08-15,58.40999984741211,58.470001220703125,57.84999847412109,58.209999084472656,49.98077774047852,77200
2014-08-18,58.52999877929688,58.61000061035156,58.41999816894531,58.59999847412109,50.31563568115234,23900
2014-08-19,58.70000076293945,58.86000061035156,58.650001525878906,58.84999847412109,50.53030014038086,32900
2014-08-20,58.68000030517578,59.02999877929688,58.68000030517578,58.9900016784668,50.65052032470703,88200
2014-08-21,59.09999847412109,59.34000015258789,59.0099983215332,59.27999877929688,50.8995246887207,49600
2014-08-22,59.15999984741211,59.2599983215332,59.0,59.08000183105469,50.72779083251953,32600
2014-08-25,59.290000915527344,59.5,59.290000915527344,59.38999938964844,50.99396133422852,35200
2014-08-26,59.4900016784668,59.619998931884766,59.41999816894531,59.47999954223633,51.071231842041016,40700
2014-08-27,59.43999862670898,59.5099983215332,59.34000015258789,59.459999084472656,51.05406188964844,98100
2014-08-28,59.18999862670898,59.43000030517578,59.18999862670898,59.41999816894531,51.01971435546875,28100
2014-08-29,59.52999877929688,59.59999847412109,59.34999847412109,59.59999847412109,51.17427062988281,10100
2014-09-02,59.560001373291016,59.59999847412109,59.2599983215332,59.5,51.08841323852539,29000
2014-09-03,59.68000030517578,59.77000045776367,59.540000915527344,59.630001068115234,51.20003128051758,19000
2014-09-04,59.75,59.869998931884766,59.41999816894531,59.61000061035156,51.18286895751953,32700
2014-09-05,59.619998931884766,59.88999938964844,59.459999084472656,59.88999938964844,51.423282623291016,25700
2014-09-08,59.72999954223633,59.84999847412109,59.5099983215332,59.68000030517578,51.24295425415039,29700
2014-09-09,59.630001068115234,59.630001068115234,59.2400016784668,59.36000061035156,50.96820068359375,148200
2014-09-10,59.5,59.5099983215332,59.16999816894531,59.43000030517578,51.02830505371094,57200
2014-09-11,59.29999923706055,59.59999847412109,59.18000030517578,59.58000183105469,51.15710067749024,32800
2014-09-12,59.459999084472656,59.459999084472656,59.09000015258789,59.27000045776367,50.89092254638672,52400
2014-09-15,59.220001220703125,59.43999862670898,59.15999984741211,59.400001525878906,51.00254821777344,20800
2014-09-16,59.43999862670898,59.959999084472656,59.43999862670898,59.84999847412109,51.38892364501953,24700
2014-09-17,59.93000030517578,60.20000076293945,59.72999954223633,59.93000030517578,51.457618713378906,30700
2014-09-18,60.11000061035156,60.29999923706055,60.09999847412109,60.27000045776367,51.74955368041992,30600
2014-09-19,60.5,60.58000183105469,60.209999084472656,60.34000015258789,51.80965423583984,39700
2014-09-22,59.91999816894531,59.91999816894531,59.5,59.56999969482422,51.44950485229492,84500
2014-09-23,59.41999816894531,59.560001373291016,59.11000061035156,59.11000061035156,51.05221557617188,155100
2014-09-24,59.119998931884766,59.540000915527344,59.0,59.540000915527344,51.423583984375,29200
2014-09-25,59.47999954223633,59.47999954223633,58.63999938964844,58.65999984741211,50.66354751586914,44000
2014-09-26,58.790000915527344,59.11000061035156,58.560001373291016,59.0099983215332,50.9658432006836,48800
2014-09-29,58.61000061035156,58.88999938964844,58.41999816894531,58.79999923706055,50.78446578979492,60500
2014-09-30,58.88999938964844,59.0,58.560001373291016,58.66999816894531,50.67218780517578,57300
2014-10-01,59.18000030517578,59.18000030517578,57.810001373291016,57.970001220703125,50.06761169433594,99800
2014-10-02,57.93999862670898,58.08000183105469,57.34999847412109,57.900001525878906,50.00715637207031,92800
2014-10-03,58.290000915527344,58.59999847412109,58.119998931884766,58.56999969482422,50.58582305908203,43400
2014-10-06,58.90999984741211,58.90999984741211,58.31999969482422,58.54999923706055,50.56855010986328,148600
2014-10-07,58.27999877929688,58.27999877929688,57.58000183105469,57.619998931884766,49.76531982421875,60500
2014-10-08,57.66999816894531,58.63999938964844,57.43000030517578,58.619998931884766,50.629005432128906,19400
2014-10-09,58.47999954223633,58.4900016784668,57.33000183105469,57.40999984741211,49.58395004272461,37400
2014-10-10,57.34999847412109,57.68999862670898,56.869998931884766,56.869998931884766,49.1175537109375,107300
2014-10-13,56.810001373291016,57.040000915527344,56.0,56.0,48.36616516113281,51800
2014-10-14,56.20000076293945,56.63999938964844,55.83000183105469,56.02999877929688,48.39206314086914,77700
2014-10-15,55.310001373291016,55.61000061035156,54.18999862670898,55.380001068115234,47.83066940307617,169800
2014-10-16,54.56999969482422,55.63999938964844,54.5,55.400001525878906,47.84794616699219,118400
2014-10-17,56.0,56.43999862670898,55.84000015258789,56.150001525878906,48.49571228027344,67600
2014-10-20,55.959999084472656,56.47999954223633,55.84000015258789,56.459999084472656,48.76345443725586,44600
2014-10-21,56.869998931884766,57.5,56.75,57.470001220703125,49.63576889038086,50600
2014-10-22,57.68000030517578,57.72999954223633,57.150001525878906,57.16999816894531,49.37666702270508,68600
2014-10-23,57.7599983215332,57.9900016784668,57.52000045776367,57.650001525878906,49.791236877441406,69500
2014-10-24,57.83000183105469,58.15999984741211,57.56999969482422,58.150001525878906,50.22307968139648,52700
2014-10-27,58.11000061035156,58.11000061035156,57.81999969482422,58.04999923706055,50.1367073059082,34000
2014-10-28,58.20000076293945,58.65999984741211,58.13999938964844,58.65999984741211,50.66354751586914,72000
2014-10-29,58.7599983215332,58.880001068115234,58.25,58.650001525878906,50.65492248535156,22400
2014-10-30,58.459999084472656,59.11000061035156,58.43000030517578,58.9900016784668,50.94857025146485,30400
2014-10-31,59.560001373291016,59.59999847412109,59.310001373291016,59.59999847412109,51.47540664672852,39300
2014-11-03,59.70000076293945,59.77999877929688,59.45000076293945,59.61000061035156,51.48405075073242,85300
2014-11-04,59.52000045776367,59.61000061035156,59.18999862670898,59.52999877929688,51.41495132446289,29600
2014-11-05,59.93000030517578,59.959999084472656,59.619998931884766,59.959999084472656,51.78633499145508,51900
2014-11-06,59.95000076293945,60.25,59.790000915527344,60.25,52.03680419921875,42000
2014-11-07,60.220001220703125,60.36000061035156,60.119998931884766,60.29999923706055,52.07999420166016,32700
2014-11-10,60.18999862670898,60.5099983215332,60.18999862670898,60.5099983215332,52.26136016845703,40700
2014-11-11,60.540000915527344,60.61000061035156,60.43999862670898,60.52999877929688,52.27863693237305,73700
2014-11-12,60.220001220703125,60.43999862670898,60.220001220703125,60.34999847412109,52.1231689453125,34400
2014-11-13,60.38999938964844,60.61000061035156,60.13999938964844,60.459999084472656,52.21817779541016,32800
2014-11-14,60.45000076293945,60.540000915527344,60.290000915527344,60.459999084472656,52.21817779541016,53800
2014-11-17,60.45000076293945,60.630001068115234,60.33000183105469,60.61000061035156,52.34773635864258,26300
2014-11-18,60.56999969482422,60.97999954223633,60.56999969482422,60.86000061035156,52.56365203857422,27600
2014-11-19,60.810001373291016,60.810001373291016,60.5,60.77999877929688,52.49455642700195,23500
2014-11-20,60.470001220703125,60.869998931884766,60.470001220703125,60.790000915527344,52.50319290161133,20500
2014-11-21,61.400001525878906,61.41999816894531,60.91999816894531,61.13999938964844,52.80548095703125,47400
2014-11-24,61.22999954223633,61.290000915527344,61.040000915527344,61.11000061035156,52.77957534790039,44800
2014-11-25,61.13999938964844,61.20000076293945,60.970001220703125,61.04999923706055,52.72775268554688,32500
2014-11-26,61.09999847412109,61.2599983215332,61.08000183105469,61.2599983215332,52.90912628173828,34300
2014-11-28,61.11000061035156,61.18999862670898,60.91999816894531,60.93999862670898,52.63273620605469,21000
2014-12-01,60.75,60.95000076293945,60.619998931884766,60.83000183105469,52.53774642944336,35600
2014-12-02,60.86000061035156,61.31999969482422,60.84999847412109,61.220001220703125,52.87458038330078,42700
2014-12-03,61.25,61.52000045776367,61.25,61.43999862670898,53.06458282470703,103500
2014-12-04,61.29999923706055,61.5099983215332,61.02000045776367,61.38999938964844,53.02139663696289,65500
2014-12-05,61.47999954223633,61.70000076293945,61.400001525878906,61.56999969482422,53.1768684387207,42500
2014-12-08,61.400001525878906,61.56999969482422,61.02999877929688,61.18999862670898,52.84865951538086,65800
2014-12-09,60.59000015258789,61.0,60.38999938964844,61.0,52.6845588684082,43900
2014-12-10,60.83000183105469,60.83000183105469,59.959999084472656,60.02999877929688,51.84679412841797,87600
2014-12-11,60.25,60.880001068115234,60.209999084472656,60.34999847412109,52.1231689453125,66600
2014-12-12,59.900001525878906,60.02999877929688,59.27999877929688,59.27999877929688,51.19903945922852,50000
2014-12-15,59.56999969482422,59.70000076293945,58.619998931884766,58.84999847412109,50.8276481628418,36000
2014-12-16,58.56999969482422,59.619998931884766,58.5,58.5,50.52536392211914,38800
2014-12-17,58.66999816894531,59.70000076293945,58.65999984741211,59.619998931884766,51.49267959594727,47900
2014-12-18,60.040000915527344,60.720001220703125,59.81999969482422,60.720001220703125,52.79696273803711,47500
2014-12-19,60.790000915527344,61.2400016784668,60.7400016784668,61.02999877929688,53.06650924682617,50700
2014-12-22,61.040000915527344,61.290000915527344,60.869998931884766,61.290000915527344,53.29258728027344,36100
2014-12-23,61.40999984741211,61.63999938964844,61.40999984741211,61.52000045776367,53.49257659912109,56300
2014-12-24,61.650001525878906,61.65999984741211,61.4900016784668,61.54999923706055,53.51866149902344,36700
2014-12-26,61.619998931884766,61.7599983215332,61.54999923706055,61.59999847412109,53.56212615966797,28900
2014-12-29,61.5,61.68999862670898,61.5,61.61000061035156,53.57082748413086,45600
2014-12-30,61.36000061035156,61.52999877929688,61.310001373291016,61.380001068115234,53.37084197998047,25700
2014-12-31,61.52999877929688,61.52999877929688,60.68999862670898,60.68999862670898,52.77087020874024,41500
2015-01-02,61.040000915527344,61.09000015258789,60.38999938964844,60.66999816894531,52.75347900390625,154200
2015-01-05,60.43000030517578,60.43000030517578,59.540000915527344,59.650001525878906,51.866580963134766,175000
2015-01-06,59.83000183105469,59.95000076293945,58.79999923706055,59.08000183105469,51.37095260620117,94300
2015-01-07,59.59000015258789,59.83000183105469,59.380001068115234,59.709999084472656,51.91875457763672,42200
2015-01-08,60.220001220703125,60.90999984741211,60.220001220703125,60.77999877929688,52.84912490844727,36800
2015-01-09,60.93000030517578,60.93000030517578,60.20000076293945,60.2599983215332,52.39698028564453,79700
2015-01-12,60.43999862670898,60.43999862670898,59.720001220703125,59.900001525878906,52.08395767211914,89200
2015-01-13,60.31999969482422,60.65999984741211,59.27000045776367,59.650001525878906,51.866580963134766,64200
2015-01-14,58.95000076293945,59.29999923706055,58.56999969482422,59.27000045776367,51.53615951538086,263200
2015-01-15,59.400001525878906,59.58000183105469,58.77999877929688,58.81999969482422,51.14488220214844,43900
2015-01-16,58.7400016784668,59.68000030517578,58.7400016784668,59.630001068115234,51.84919357299805,68300
2015-01-20,59.79999923706055,59.79999923706055,59.16999816894531,59.65999984741211,51.87527847290039,34800
2015-01-21,59.540000915527344,60.0,59.34000015258789,59.95000076293945,52.12743377685547,52000
2015-01-22,60.2400016784668,60.83000183105469,59.86000061035156,60.79999923706055,52.866512298583984,60200
2015-01-23,60.68000030517578,60.720001220703125,60.290000915527344,60.310001373291016,52.440467834472656,102600
2015-01-26,60.2400016784668,60.43999862670898,59.959999084472656,60.43999862670898,52.55349349975586,43500
2015-01-27,59.56999969482422,59.91999816894531,59.29999923706055,59.58000183105469,51.80570602416992,64700
2015-01-28,59.810001373291016,59.810001373291016,58.5,58.540000915527344,50.90141677856445,94300
2015-01-29,58.650001525878906,59.11000061035156,58.09000015258789,59.040000915527344,51.33617782592773,74400
2015-01-30,58.560001373291016,58.869998931884766,58.04999923706055,58.09000015258789,50.51013946533203,113800
2015-02-02,58.400001525878906,58.9900016784668,57.84999847412109,58.9900016784668,51.292701721191406,98800
2015-02-03,59.27000045776367,59.90999984741211,59.27000045776367,59.880001068115234,52.06657409667969,46500
2015-02-04,59.72999954223633,60.06999969482422,59.58000183105469,59.65999984741211,51.87527847290039,40300
2015-02-05,59.880001068115234,60.290000915527344,59.880001068115234,60.25,52.388282775878906,219300
2015-02-06,60.41999816894531,60.709999084472656,60.09999847412109,60.2599983215332,52.39698028564453,36000
2015-02-09,60.04999923706055,60.2599983215332,59.84999847412109,59.9900016784668,52.16221237182617,43500
2015-02-10,60.369998931884766,60.59000015258789,60.040000915527344,60.560001373291016,52.65784454345703,41200
2015-02-11,60.43000030517578,60.59999847412109,60.16999816894531,60.459999084472656,52.57088470458984,39600
2015-02-12,60.75,61.060001373291016,60.7400016784668,61.060001373291016,53.09259796142578,45200
2015-02-13,61.06999969482422,61.22999954223633,60.97999954223633,61.22999954223633,53.24040985107422,42900
2015-02-17,61.060001373291016,61.34999847412109,60.97999954223633,61.34000015258789,53.3360595703125,38300
2015-02-18,61.16999816894531,61.209999084472656,61.02999877929688,61.18000030517578,53.19693756103516,29700
2015-02-19,60.959999084472656,61.130001068115234,60.84999847412109,61.0,53.0404167175293,26700
2015-02-20,60.84999847412109,61.34000015258789,60.650001525878906,61.290000915527344,53.29258728027344,76700
2015-02-23,61.22999954223633,61.2599983215332,61.06999969482422,61.2599983215332,53.26649856567383,27700
2015-02-24,61.34999847412109,61.650001525878906,61.220001220703125,61.59999847412109,53.56212615966797,61900
2015-02-25,61.540000915527344,61.58000183105469,61.369998931884766,61.47999954223633,53.45778274536133,34200
2015-02-26,61.369998931884766,61.45000076293945,61.130001068115234,61.31999969482422,53.31867980957031,21500
2015-02-27,61.27999877929688,61.34999847412109,61.11000061035156,61.130001068115234,53.15346145629883,31000
2015-03-02,61.06999969482422,61.34999847412109,61.0,61.34999847412109,53.34476089477539,27700
2015-03-03,61.310001373291016,61.310001373291016,60.880001068115234,61.09000015258789,53.11867904663086,38100
2015-03-04,61.02999877929688,61.02999877929688,60.52000045776367,60.810001373291016,52.87521743774414,66900
2015-03-05,60.97999954223633,60.97999954223633,60.75,60.91999816894531,52.97086334228516,33500
2015-03-06,60.65999984741211,60.72999954223633,59.880001068115234,60.04999923706055,52.2143783569336,83900
2015-03-09,60.20000076293945,60.459999084472656,60.060001373291016,60.33000183105469,52.45784378051758,251600
2015-03-10,59.86000061035156,59.86000061035156,59.310001373291016,59.34000015258789,51.5970344543457,52400
2015-03-11,59.43999862670898,59.59000015258789,59.25,59.33000183105469,51.58833312988281,42700
2015-03-12,59.5099983215332,60.02000045776367,59.5099983215332,60.0,52.1709098815918,33200
2015-03-13,59.81999969482422,59.900001525878906,59.22999954223633,59.70000076293945,51.9100456237793,27800
2015-03-16,59.88999938964844,60.43000030517578,59.88999938964844,60.40999984741211,52.52741241455078,35500
2015-03-17,60.13999938964844,60.20000076293945,59.81999969482422,60.130001068115234,52.28394317626953,51700
2015-03-18,59.88999938964844,61.060001373291016,59.790000915527344,60.869998931884766,52.92738342285156,42900
2015-03-19,60.66999816894531,60.66999816894531,60.34999847412109,60.43999862670898,52.55349349975586,156200
2015-03-20,60.650001525878906,61.119998931884766,60.59999847412109,60.970001220703125,53.01433944702149,55600
2015-03-23,60.65999984741211,60.88999938964844,60.61000061035156,60.619998931884766,53.01258850097656,37200
2015-03-24,60.56999969482422,60.59000015258789,60.11000061035156,60.16999816894531,52.61907196044922,79900
2015-03-25,60.34000015258789,60.34000015258789,59.5099983215332,59.52000045776367,52.050628662109375,34800
2015-03-26,59.369998931884766,59.63999938964844,59.04999923706055,59.33000183105469,51.88447952270508,47200
2015-03-27,59.33000183105469,59.5,59.20000076293945,59.470001220703125,52.00690460205078,32200
2015-03-30,59.86000061035156,60.34999847412109,59.86000061035156,60.2400016784668,52.68027877807617,35500
2015-03-31,59.95000076293945,60.09000015258789,59.65999984741211,59.77000045776367,52.26926040649414,40000
2015-04-01,59.72999954223633,59.72999954223633,59.2400016784668,59.52000045776367,52.050628662109375,50700
2015-04-02,59.43000030517578,59.84999847412109,59.380001068115234,59.709999084472656,52.216796875,81100
2015-04-06,59.43999862670898,60.290000915527344,59.33000183105469,60.09000015258789,52.549110412597656,32800
2015-04-07,60.130001068115234,60.290000915527344,59.970001220703125,59.970001220703125,52.44416809082031,133500
2015-04-08,60.02000045776367,60.25,59.77999877929688,60.0,52.47040557861328,60500
2015-04-09,59.95000076293945,60.369998931884766,59.86000061035156,60.34000015258789,52.76773071289063,123600
2015-04-10,60.43999862670898,60.810001373291016,60.36000061035156,60.810001373291016,53.17874526977539,54300
2015-04-13,60.66999816894531,60.88999938964844,60.52999877929688,60.56999969482422,52.96886444091797,73600
2015-04-14,60.5,60.77000045776367,60.380001068115234,60.70000076293945,53.0825424194336,33000
2015-04-15,60.95000076293945,61.220001220703125,60.95000076293945,61.06999969482422,53.40612030029297,34000
2015-04-16,61.02999877929688,61.150001525878906,60.81999969482422,61.0,53.34489440917969,41900
2015-04-17,60.68999862670898,60.68999862670898,60.06999969482422,60.380001068115234,52.80271530151367,43300
2015-04-20,60.61000061035156,61.0,60.61000061035156,60.880001068115234,53.23996353149414,70600
2015-04-21,61.09000015258789,61.09000015258789,60.5,60.619998931884766,53.01258850097656,113700
2015-04-22,60.68000030517578,60.95000076293945,60.459999084472656,60.95000076293945,53.30118179321289,21900
2015-04-23,60.79999923706055,61.27000045776367,60.709999084472656,61.13999938964844,53.46733093261719,38900
2015-04-24,61.27000045776367,61.29999923706055,61.060001373291016,61.25,53.56351852416992,22800
2015-04-27,61.380001068115234,61.45000076293945,61.0,61.060001373291016,53.39737319946289,42400
2015-04-28,61.060001373291016,61.4900016784668,60.79999923706055,61.4900016784668,53.77341079711914,36500
2015-04-29,61.15999984741211,61.4900016784668,61.060001373291016,61.27999877929688,53.58975982666016,34200
2015-04-30,61.15999984741211,61.25,60.61000061035156,60.84000015258789,53.20499038696289,32800
2015-05-01,61.02000045776367,61.369998931884766,60.95000076293945,61.369998931884766,53.66846466064453,26600
2015-05-04,61.52000045776367,61.68000030517578,61.52000045776367,61.630001068115234,53.89584732055664,29100
2015-05-05,61.560001373291016,61.59000015258789,60.93000030517578,61.0,53.34489440917969,25400
2015-05-06,60.81999969482422,60.91999816894531,60.34000015258789,60.709999084472656,53.091285705566406,32300
2015-05-07,60.58000183105469,61.04999923706055,60.52000045776367,60.91999816894531,53.274940490722656,27100
2015-05-08,61.400001525878906,61.75,61.400001525878906,61.709999084472656,53.965797424316406,28900
2015-05-11,61.709999084472656,61.7400016784668,61.400001525878906,61.43999862670898,53.729679107666016,107800
2015-05-12,61.119998931884766,61.369998931884766,60.91999816894531,61.2400016784668,53.5547981262207,37200
2015-05-13,61.310001373291016,61.4900016784668,61.150001525878906,61.290000915527344,53.59850692749024,28600
2015-05-14,61.459999084472656,61.83000183105469,61.459999084472656,61.83000183105469,54.07073974609375,35000
2015-05-15,61.84000015258789,61.88999938964844,61.70000076293945,61.88999938964844,54.12321090698242,36100
2015-05-18,61.83000183105469,62.06999969482422,61.79999923706055,62.02000045776367,54.23689651489258,24200
2015-05-19,61.970001220703125,62.16999816894531,61.84000015258789,62.060001373291016,54.27188491821289,25900
2015-05-20,62.04999923706055,62.220001220703125,61.959999084472656,62.02000045776367,54.23689651489258,21600
2015-05-21,61.93999862670898,62.209999084472656,61.93000030517578,62.150001525878906,54.35058975219727,29300
2015-05-22,61.970001220703125,62.060001373291016,61.869998931884766,61.91999816894531,54.149444580078125,53200
2015-05-26,61.66999816894531,61.66999816894531,61.13999938964844,61.27999877929688,53.58975982666016,32600
2015-05-27,61.38999938964844,61.93999862670898,61.369998931884766,61.84999847412109,54.08823013305664,26900
2015-05-28,61.7400016784668,61.81999969482422,61.54999923706055,61.810001373291016,54.05324172973633,19600
2015-05-29,61.72999954223633,61.790000915527344,61.369998931884766,61.5,53.78215408325195,238700
2015-06-01,61.720001220703125,61.79999923706055,61.36000061035156,61.5099983215332,53.790897369384766,26500
2015-06-02,61.43000030517578,61.650001525878906,61.150001525878906,61.43999862670898,53.729679107666016,417500
2015-06-03,61.720001220703125,61.83000183105469,61.5099983215332,61.54999923706055,53.82587814331055,21800
2015-06-04,61.38999938964844,61.400001525878906,60.93000030517578,61.04999923706055,53.38862609863281,46600
2015-06-05,61.0,61.22999954223633,60.7599983215332,60.900001525878906,53.2574577331543,28900
2015-06-08,60.880001068115234,60.93000030517578,60.61000061035156,60.65999984741211,53.04756927490234,42400
2015-06-09,60.7599983215332,60.900001525878906,60.52999877929688,60.70000076293945,53.0825424194336,39100
2015-06-10,60.970001220703125,61.56999969482422,60.970001220703125,61.52999877929688,53.80839538574219,26500
2015-06-11,61.65999984741211,61.72999954223633,61.59999847412109,61.650001525878906,53.913330078125,23700
2015-06-12,61.43000030517578,61.43000030517578,61.08000183105469,61.18999862670898,53.51105880737305,28300
2015-06-15,60.77000045776367,61.0,60.59999847412109,60.93000030517578,53.28368377685547,24800
2015-06-16,60.869998931884766,61.29999923706055,60.869998931884766,61.290000915527344,53.59850692749024,19000
2015-06-17,61.34999847412109,61.5099983215332,61.060001373291016,61.369998931884766,53.66846466064453,77900
2015-06-18,61.52999877929688,62.09999847412109,61.52999877929688,61.90999984741211,54.14070510864258,122700
2015-06-19,61.77000045776367,61.91999816894531,61.54999923706055,61.58000183105469,53.85211944580078,54400
2015-06-22,61.61000061035156,61.75,61.4900016784668,61.56999969482422,54.15998840332031,32300
2015-06-23,61.58000183105469,61.709999084472656,61.43999862670898,61.61000061035156,54.19518661499024,22000
2015-06-24,61.45000076293945,61.59000015258789,61.09000015258789,61.09000015258789,53.737770080566406,27500
2015-06-25,61.2599983215332,61.34000015258789,60.93000030517578,60.93999862670898,53.60581588745117,41800
2015-06-26,61.04999923706055,61.13999938964844,60.77999877929688,60.9900016784668,53.64980316162109,37000
2015-06-29,60.40999984741211,60.619998931884766,59.7599983215332,59.869998931884766,52.664588928222656,68400
2015-06-30,60.22999954223633,60.369998931884766,59.7599983215332,59.88999938964844,52.68218612670898,39200
2015-07-01,60.400001525878906,60.400001525878906,60.02999877929688,60.290000915527344,53.03403854370117,24200
2015-07-02,60.31999969482422,60.47999954223633,60.060001373291016,60.16999816894531,52.92848205566406,50100
2015-07-06,59.7400016784668,60.18000030517578,59.709999084472656,59.970001220703125,52.752559661865234,27300
2015-07-07,60.0099983215332,60.40999984741211,59.25,60.36000061035156,53.09562301635742,47800
2015-07-08,59.88999938964844,59.95000076293945,59.41999816894531,59.43999862670898,52.28634643554688,39600
2015-07-09,60.02999877929688,60.16999816894531,59.619998931884766,59.650001525878906,52.4710693359375,31700
2015-07-10,60.47999954223633,60.47999954223633,60.060001373291016,60.25,52.99886322021485,33600
2015-07-13,60.59000015258789,60.86000061035156,60.59000015258789,60.84999847412109,53.526649475097656,45300
2015-07-14,60.72999954223633,61.11000061035156,60.70000076293945,61.11000061035156,53.75536346435547,27900
2015-07-15,61.060001373291016,61.22999954223633,60.93999862670898,61.060001373291016,53.71137619018555,157800
2015-07-16,61.43000030517578,61.5,61.34999847412109,61.5,54.09841537475586,23600
2015-07-17,61.34999847412109,61.34999847412109,61.18999862670898,61.31999969482422,53.940086364746094,31500
2015-07-20,61.40999984741211,61.40999984741211,61.18999862670898,61.31999969482422,53.940086364746094,39300
2015-07-21,61.15999984741211,61.2400016784668,60.79999923706055,60.9900016784668,53.64980316162109,92300
2015-07-22,60.790000915527344,60.97999954223633,60.7599983215332,60.88999938964844,53.56184387207031,23700
2015-07-23,60.97999954223633,61.09000015258789,60.5,60.58000183105469,53.28913497924805,25400
2015-07-24,60.52999877929688,60.52999877929688,59.79999923706055,59.880001068115234,52.67338562011719,37400
2015-07-27,59.560001373291016,59.66999816894531,59.38999938964844,59.47999954223633,52.32152938842773,30200
2015-07-28,59.790000915527344,60.27999877929688,59.619998931884766,60.2400016784668,52.99006652832031,24000
2015-07-29,60.27999877929688,60.79999923706055,60.22999954223633,60.77000045776367,53.45627975463867,37100
2015-07-30,60.619998931884766,60.75,60.43000030517578,60.7400016784668,53.42988586425781,22600
2015-07-31,60.81999969482422,60.81999969482422,60.47999954223633,60.540000915527344,53.25395584106445,25600
2015-08-03,60.52000045776367,60.52000045776367,60.02000045776367,60.290000915527344,53.03403854370117,23900
2015-08-04,60.310001373291016,60.43000030517578,60.08000183105469,60.150001525878906,52.91089630126953,15600
2015-08-05,60.540000915527344,60.77999877929688,60.41999816894531,60.5,53.2187614440918,34300
2015-08-06,60.560001373291016,60.58000183105469,60.04999923706055,60.220001220703125,52.97247314453125,21800
2015-08-07,60.150001525878906,60.150001525878906,59.720001220703125,59.88999938964844,52.68218612670898,40000
2015-08-10,60.22999954223633,60.72999954223633,60.22999954223633,60.72999954223633,53.42108917236328,23900
2015-08-11,60.150001525878906,60.290000915527344,59.900001525878906,60.20000076293945,52.95487594604492,55300
2015-08-12,59.7599983215332,60.22999954223633,59.29999923706055,60.209999084472656,52.96367645263672,33500
2015-08-13,60.22999954223633,60.33000183105469,60.02000045776367,60.130001068115234,52.8932991027832,24700
2015-08-14,60.09999847412109,60.40999984741211,60.09999847412109,60.40999984741211,53.13960266113281,10100
2015-08-17,60.18999862670898,60.630001068115234,59.959999084472656,60.630001068115234,53.3331184387207,34800
2015-08-18,60.470001220703125,60.59999847412109,60.369998931884766,60.47999954223633,53.201168060302734,44400
2015-08-19,60.18999862670898,60.29999923706055,59.650001525878906,59.91999816894531,52.70857620239258,32300
2015-08-20,59.41999816894531,59.5099983215332,58.790000915527344,58.790000915527344,51.71456909179688,52600
2015-08-21,58.209999084472656,58.5,57.09000015258789,57.09000015258789,50.21917724609375,199400
2015-08-24,56.52000045776367,56.52000045776367,43.119998931884766,54.77000045776367,48.17838287353516,366400
2015-08-25,55.310001373291016,56.84000015258789,53.83000183105469,53.83000183105469,47.351524353027344,83000
2015-08-26,54.36000061035156,55.84000015258789,54.18000030517578,55.84000015258789,49.11960983276367,155200
2015-08-27,56.38999938964844,57.25,56.119998931884766,57.209999084472656,50.3247299194336,66600
2015-08-28,57.09000015258789,57.380001068115234,56.869998931884766,57.25,50.35990524291992,90000
2015-08-31,57.0,57.150001525878906,56.650001525878906,56.86000061035156,50.016845703125,45400
2015-09-01,56.29999923706055,56.29999923706055,54.88999938964844,55.18999862670898,48.54783630371094,74800
2015-09-02,55.72999954223633,56.060001373291016,55.400001525878906,56.060001373291016,49.31313705444336,51500
2015-09-03,56.34000015258789,56.88999938964844,56.150001525878906,56.27999877929688,49.506649017333984,43900
2015-09-04,55.720001220703125,55.720001220703125,55.0,55.29999923706055,48.64458847045898,66600
2015-09-08,56.18000030517578,56.68000030517578,56.04999923706055,56.68000030517578,49.858516693115234,34100
2015-09-09,57.13999938964844,57.2599983215332,55.75,55.86000061035156,49.137203216552734,114000
2015-09-10,55.7400016784668,56.43999862670898,55.66999816894531,56.06999969482422,49.321922302246094,56300
2015-09-11,55.95000076293945,56.290000915527344,55.77000045776367,56.290000915527344,49.51545333862305,35000
2015-09-14,56.2599983215332,56.2599983215332,55.93999862670898,56.06999969482422,49.321922302246094,28200
2015-09-15,56.18999862670898,56.9900016784668,56.18999862670898,56.84000015258789,49.99925231933594,51000
2015-09-16,56.9900016784668,57.40999984741211,56.880001068115234,57.36000061035156,50.4566764831543,26800
2015-09-17,57.2599983215332,58.060001373291016,57.02999877929688,57.150001525878906,50.271949768066406,53800
2015-09-18,56.38999938964844,56.65999984741211,56.0,56.119998931884766,49.36590576171875,78300
2015-09-21,56.02999877929688,56.27000045776367,55.72999954223633,56.02999877929688,49.629878997802734,31000
2015-09-22,55.369998931884766,55.5099983215332,55.13999938964844,55.45000076293945,49.11612319946289,26700
2015-09-23,55.47999954223633,55.630001068115234,55.18000030517578,55.34000015258789,49.0186882019043,27600
2015-09-24,54.900001525878906,55.310001373291016,54.56999969482422,55.20000076293945,48.894676208496094,36100
2015-09-25,55.75,55.79999923706055,55.09000015258789,55.2599983215332,48.94782257080078,92900
2015-09-28,55.060001373291016,55.060001373291016,54.060001373291016,54.130001068115234,47.946903228759766,62700
2015-09-29,54.220001220703125,54.560001373291016,54.04999923706055,54.34000015258789,48.132904052734375,43900
2015-09-30,54.95000076293945,55.2400016784668,54.66999816894531,55.2400016784668,48.930118560791016,65000
2015-10-01,55.31999969482422,55.34999847412109,54.68000030517578,55.25,48.93896484375,44500
2015-10-02,54.56999969482422,55.88999938964844,54.459999084472656,55.88999938964844,49.50586318969727,39000
2015-10-05,56.43999862670898,57.20000076293945,56.43999862670898,57.15999984741211,50.63079452514648,50400
2015-10-06,57.15999984741211,57.29999923706055,56.97999954223633,57.02999877929688,50.51564407348633,34000
2015-10-07,57.560001373291016,57.65999984741211,57.02999877929688,57.52999877929688,50.958534240722656,113500
2015-10-08,57.43999862670898,58.11000061035156,57.369998931884766,58.08000183105469,51.44569778442383,29500
2015-10-09,58.150001525878906,58.150001525878906,57.790000915527344,57.9900016784668,51.36598587036133,21800
2015-10-12,57.93000030517578,57.9900016784668,57.77999877929688,57.9900016784668,51.36598587036133,27200
2015-10-13,57.68999862670898,58.09000015258789,57.619998931884766,57.68999862670898,51.10025024414063,66500
2015-10-14,57.619998931884766,57.77000045776367,57.29999923706055,57.41999816894531,50.861087799072266,31300
2015-10-15,57.540000915527344,58.2400016784668,57.52999877929688,58.22999954223633,51.57857131958008,38200
2015-10-16,58.5,58.59999847412109,58.27000045776367,58.59999847412109,51.90629577636719,43000
2015-10-19,58.34000015258789,58.5099983215332,58.2599983215332,58.5099983215332,51.82658386230469,24400
2015-10-20,58.369998931884766,58.630001068115234,58.310001373291016,58.400001525878906,51.729148864746094,36400
2015-10-21,58.52999877929688,58.630001068115234,58.04999923706055,58.11000061035156,51.472286224365234,45200
2015-10-22,58.31999969482422,59.22999954223633,58.31999969482422,59.150001525878906,52.39347457885742,55700
2015-10-23,59.68000030517578,59.86000061035156,59.5,59.77000045776367,52.942665100097656,26100
2015-10-26,59.72999954223633,59.72999954223633,59.459999084472656,59.540000915527344,52.73892974853516,50600
2015-10-27,59.369998931884766,59.459999084472656,59.15999984741211,59.369998931884766,52.58834838867188,27000
2015-10-28,59.43000030517578,60.09999847412109,59.36000061035156,60.09999847412109,53.23496627807617,32300
2015-10-29,59.970001220703125,60.060001373291016,59.83000183105469,59.9900016784668,53.13752746582031,23000
2015-10-30,59.97999954223633,60.040000915527344,59.54999923706055,59.54999923706055,52.74778747558594,50100
2015-11-02,59.68000030517578,60.38999938964844,59.68000030517578,60.25,53.36783599853516,30700
2015-11-03,60.18999862670898,60.619998931884766,60.13999938964844,60.45000076293945,53.54498672485352,30800
2015-11-04,60.61000061035156,60.61000061035156,60.09000015258789,60.27000045776367,53.38554382324219,32500
2015-11-05,60.25,60.34999847412109,59.9900016784668,60.27000045776367,53.38554382324219,33700
2015-11-06,60.220001220703125,60.29999923706055,59.790000915527344,60.27999877929688,53.3943977355957,65500
2015-11-09,60.20000076293945,60.20000076293945,59.45000076293945,59.720001220703125,52.89837265014648,25600
2015-11-10,59.619998931884766,59.91999816894531,59.56999969482422,59.90999984741211,53.06666946411133,68400
2015-11-11,59.959999084472656,60.0,59.650001525878906,59.68999862670898,52.87179565429688,18400
2015-11-12,59.31999969482422,59.40999984741211,58.77999877929688,58.77999877929688,52.06574249267578,33900
2015-11-13,58.59999847412109,58.77999877929688,58.310001373291016,58.38999938964844,51.72029113769531,30500
2015-11-16,58.2400016784668,59.2400016784668,58.2400016784668,59.220001220703125,52.45548629760742,31300
2015-11-17,59.43000030517578,59.66999816894531,59.13999938964844,59.18000030517578,52.4200553894043,36700
2015-11-18,59.31999969482422,60.08000183105469,59.31999969482422,60.0099983215332,53.15524673461914,103900
2015-11-19,59.97999954223633,60.11000061035156,59.84000015258789,59.959999084472656,53.1109619140625,48400
2015-11-20,60.2400016784668,60.380001068115234,60.0099983215332,60.0099983215332,53.15524673461914,42600
2015-11-23,60.060001373291016,60.15999984741211,59.81999969482422,59.93000030517578,53.08438873291016,62600
2015-11-24,59.58000183105469,60.18000030517578,59.560001373291016,60.04999923706055,53.19067001342773,34000
2015-11-25,60.060001373291016,60.08000183105469,59.91999816894531,59.959999084472656,53.1109619140625,41000
2015-11-27,59.95000076293945,60.130001068115234,59.880001068115234,60.02000045776367,53.16410446166992,19800
2015-11-30,60.130001068115234,60.150001525878906,59.880001068115234,59.880001068115234,53.04010009765625,27600
2015-12-01,60.060001373291016,60.56999969482422,60.040000915527344,60.56999969482422,53.651275634765625,42500
2015-12-02,60.4900016784668,60.59999847412109,59.790000915527344,59.880001068115234,53.04010009765625,49000
2015-12-03,60.02999877929688,60.02999877929688,58.869998931884766,59.02000045776367,52.27832412719727,32700
2015-12-04,59.09000015258789,60.34999847412109,59.09000015258789,60.2599983215332,53.376686096191406,60600
2015-12-07,60.060001373291016,60.060001373291016,59.61000061035156,59.84999847412109,53.01351547241211,45200
2015-12-08,59.34000015258789,59.650001525878906,59.09999847412109,59.310001373291016,52.53520202636719,73000
2015-12-09,59.18999862670898,59.95000076293945,58.790000915527344,59.040000915527344,52.29603958129883,44900
2015-12-10,59.08000183105469,59.63999938964844,59.06999969482422,59.20000076293945,52.437774658203125,66400
2015-12-11,58.52999877929688,58.720001220703125,58.040000915527344,58.150001525878906,51.50770950317383,53100
2015-12-14,58.15999984741211,58.47999954223633,57.709999084472656,58.470001220703125,51.7911491394043,112500
2015-12-15,58.970001220703125,59.54999923706055,58.970001220703125,59.34999847412109,52.57063674926758,93900
2015-12-16,59.72999954223633,60.290000915527344,59.36000061035156,60.18999862670898,53.3146858215332,78000
2015-12-17,59.86000061035156,59.86000061035156,58.88999938964844,58.88999938964844,52.53939056396485,61200
2015-12-18,58.68999862670898,58.68999862670898,57.86000061035156,57.869998931884766,51.62938690185547,45000
2015-12-21,58.22999954223633,58.34000015258789,57.869998931884766,58.31999969482422,52.03087615966797,37500
2015-12-22,58.58000183105469,59.0099983215332,58.2599983215332,58.900001525878906,52.54830932617188,221100
2015-12-23,59.290000915527344,59.77000045776367,59.16999816894531,59.7599983215332,53.31558227539063,82900
2015-12-24,59.77999877929688,59.810001373291016,59.540000915527344,59.59999847412109,53.172828674316406,52800
2015-12-28,59.34999847412109,59.41999816894531,59.09000015258789,59.41999816894531,53.01224136352539,238200
2015-12-29,59.709999084472656,60.040000915527344,59.709999084472656,59.9900016784668,53.52077102661133,58100
2015-12-30,59.84000015258789,59.88999938964844,59.5,59.540000915527344,53.11930084228516,42200
2015-12-31,59.38999938964844,59.52999877929688,59.02999877929688,59.02999877929688,52.66429901123047,49800
2016-01-04,58.08000183105469,58.27999877929688,57.58000183105469,58.27999877929688,51.99518203735352,231300
2016-01-05,58.34000015258789,58.5,58.02999877929688,58.5,52.19145202636719,68400
2016-01-06,57.68000030517578,57.93999862670898,57.400001525878906,57.68999862670898,51.46879959106445,48300
2016-01-07,56.4900016784668,57.209999084472656,56.18999862670898,56.33000183105469,50.25546646118164,159700
2016-01-08,56.77999877929688,56.77999877929688,55.59000015258789,55.65999984741211,49.65771484375,69800
2016-01-11,55.93999862670898,56.0,55.09000015258789,55.70000076293945,49.693397521972656,92700
2016-01-12,56.20000076293945,56.27999877929688,55.380001068115234,56.09000015258789,50.04134368896485,81000
2016-01-13,56.41999816894531,56.4900016784668,54.84000015258789,54.880001068115234,48.96182632446289,77600
2016-01-14,55.150001525878906,56.220001220703125,54.84000015258789,55.880001068115234,49.85399627685547,104000
2016-01-15,54.369998931884766,54.810001373291016,53.9900016784668,54.619998931884766,48.729862213134766,94900
2016-01-19,55.16999816894531,55.220001220703125,54.2599983215332,54.720001220703125,48.81908798217773,116100
2016-01-20,53.77000045776367,54.310001373291016,52.709999084472656,53.86000061035156,48.05182266235352,158300
2016-01-21,53.970001220703125,54.61000061035156,53.630001068115234,54.16999816894531,48.32839584350586,89500
2016-01-22,54.93999862670898,55.11000061035156,54.56999969482422,55.040000915527344,49.104583740234375,83300
2016-01-25,54.81999969482422,54.84999847412109,54.130001068115234,54.16999816894531,48.32839584350586,53700
2016-01-26,54.43000030517578,55.06999969482422,54.43000030517578,55.0099983215332,49.07780838012695,67100
2016-01-27,54.84999847412109,55.650001525878906,54.41999816894531,54.7400016784668,48.83692932128906,48500
2016-01-28,55.209999084472656,55.27000045776367,54.560001373291016,54.97999954223633,49.051048278808594,120800
2016-01-29,55.34999847412109,56.43000030517578,55.34999847412109,56.41999816894531,50.335750579833984,114200
2016-02-01,56.04999923706055,56.52000045776367,55.79999923706055,56.290000915527344,50.21978378295898,75200
2016-02-02,55.66999816894531,55.66999816894531,55.060001373291016,55.22999954223633,49.27407836914063,59600
2016-02-03,55.5099983215332,55.70000076293945,54.400001525878906,55.54999923706055,49.55957794189453,58900
2016-02-04,55.459999084472656,56.060001373291016,55.31999969482422,55.7599983215332,49.74692535400391,46200
2016-02-05,55.630001068115234,55.630001068115234,54.93999862670898,55.18000030517578,49.2294807434082,66500
2016-02-08,54.54999923706055,54.84000015258789,54.040000915527344,54.65999984741211,48.76555633544922,89400
2016-02-09,54.11000061035156,54.970001220703125,54.11000061035156,54.61000061035156,48.720947265625,144900
2016-02-10,54.84999847412109,55.18999862670898,54.43000030517578,54.459999084472656,48.58712005615234,67200
2016-02-11,53.66999816894531,53.97999954223633,53.150001525878906,53.63999938964844,47.85554885864258,117100
2016-02-12,54.150001525878906,54.790000915527344,54.060001373291016,54.790000915527344,48.881534576416016,209300
2016-02-16,55.470001220703125,55.63999938964844,55.060001373291016,55.58000183105469,49.58634567260742,59600
2016-02-17,56.0,56.5,55.959999084472656,56.369998931884766,50.29114532470703,88400
2016-02-18,56.45000076293945,56.4900016784668,56.18999862670898,56.290000915527344,50.21978378295898,103400
2016-02-19,55.970001220703125,56.220001220703125,55.790000915527344,56.15999984741211,50.10380554199219,34300
2016-02-22,56.68999862670898,56.97999954223633,56.66999816894531,56.91999816894531,50.781837463378906,303500
2016-02-23,56.68999862670898,56.68999862670898,56.09999847412109,56.16999816894531,50.11271286010742,90000
2016-02-24,55.68999862670898,56.38999938964844,55.34000015258789,56.33000183105469,50.25546646118164,36600
2016-02-25,56.43000030517578,57.040000915527344,56.310001373291016,57.02999877929688,50.879981994628906,54400
2016-02-26,57.400001525878906,57.40999984741211,56.84999847412109,56.84999847412109,50.71939468383789,37600
2016-02-29,56.880001068115234,57.060001373291016,56.34000015258789,56.36000061035156,50.28223037719727,62800
2016-03-01,56.93000030517578,57.59999847412109,56.61000061035156,57.59999847412109,51.38850784301758,52600
2016-03-02,57.5099983215332,58.02999877929688,57.43000030517578,58.02999877929688,51.77213668823242,43600
2016-03-03,58.04999923706055,58.27999877929688,57.7400016784668,58.27999877929688,51.99518203735352,23500
2016-03-04,58.290000915527344,58.7400016784668,58.040000915527344,58.43999862670898,52.137916564941406,125300
2016-03-07,58.220001220703125,58.7599983215332,58.220001220703125,58.66999816894531,52.34311676025391,56600
2016-03-08,58.36000061035156,58.459999084472656,58.04999923706055,58.08000183105469,51.816741943359375,92100
2016-03-09,58.380001068115234,58.59999847412109,58.2400016784668,58.400001525878906,52.10223007202149,52800
2016-03-10,58.56999969482422,58.7599983215332,57.83000183105469,58.34000015258789,52.04870223999024,66400
2016-03-11,58.869998931884766,59.2599983215332,58.83000183105469,59.25,52.860572814941406,118500
2016-03-14,59.060001373291016,59.220001220703125,58.84000015258789,59.06999969482422,52.699989318847656,73800
2016-03-15,58.630001068115234,58.9900016784668,58.619998931884766,58.97999954223633,52.61969375610352,69900
2016-03-16,58.91999816894531,59.31999969482422,58.77999877929688,59.20000076293945,52.81597518920898,59300
2016-03-17,59.20000076293945,59.79999923706055,59.0,59.65999984741211,53.22636413574219,53700
2016-03-18,59.9900016784668,60.06999969482422,59.72999954223633,59.900001525878906,53.44048690795898,96400
2016-03-21,59.52999877929688,59.65999984741211,59.369998931884766,59.560001373291016,53.48178482055664,48300
2016-03-22,59.369998931884766,59.70000076293945,59.2599983215332,59.5,53.42790985107422,70200
2016-03-23,59.43000030517578,59.43000030517578,59.08000183105469,59.119998931884766,53.08668518066406,38400
2016-03-24,58.72999954223633,59.09999847412109,58.66999816894531,59.09999847412109,53.068729400634766,39600
2016-03-28,59.18999862670898,59.25,58.95000076293945,59.04999923706055,53.02384185791016,53200
2016-03-29,58.970001220703125,59.45000076293945,58.7599983215332,59.45000076293945,53.38300704956055,62900
2016-03-30,59.75,59.93999862670898,59.59000015258789,59.72999954223633,53.63443374633789,56700
2016-03-31,59.65999984741211,59.83000183105469,59.47999954223633,59.540000915527344,53.46383285522461,102500
2016-04-01,59.11000061035156,59.900001525878906,59.11000061035156,59.880001068115234,53.76913833618164,39500
2016-04-04,59.81999969482422,59.81999969482422,59.560001373291016,59.68999862670898,53.598514556884766,26700
2016-04-05,59.27999877929688,59.38999938964844,59.02999877929688,59.02999877929688,53.00587844848633,162200
2016-04-06,59.119998931884766,59.630001068115234,58.970001220703125,59.630001068115234,53.54464721679688,45900
2016-04-07,59.16999816894531,59.25,58.65999984741211,58.91999816894531,52.9071044921875,43700
2016-04-08,59.33000183105469,59.5,58.9900016784668,59.150001525878906,53.11362838745117,44000
2016-04-11,59.29999923706055,59.59999847412109,59.0,59.0,52.97894287109375,38300
2016-04-12,59.060001373291016,59.709999084472656,59.0,59.59999847412109,53.517704010009766,55900
2016-04-13,59.970001220703125,60.31999969482422,59.959999084472656,60.310001373291016,54.15525817871094,74200
2016-04-14,60.2599983215332,60.47999954223633,60.209999084472656,60.369998931884766,54.20912170410156,68300
2016-04-15,60.5,60.5,60.130001068115234,60.27000045776367,54.11932373046875,47400
2016-04-18,60.060001373291016,60.72999954223633,59.9900016784668,60.68999862670898,54.496463775634766,41600
2016-04-19,60.86000061035156,61.18999862670898,60.86000061035156,61.119998931884766,54.88258743286133,67700
2016-04-20,61.16999816894531,61.52999877929688,61.09999847412109,61.29999923706055,55.04421615600586,185200
2016-04-21,61.27000045776367,61.27000045776367,60.81999969482422,60.90999984741211,54.69401931762695,53600
2016-04-22,60.810001373291016,61.04999923706055,60.72999954223633,61.02999877929688,54.8017692565918,32900
2016-04-25,60.81999969482422,60.900001525878906,60.56999969482422,60.900001525878906,54.68503952026367,54000
2016-04-26,61.02000045776367,61.150001525878906,60.900001525878906,61.06999969482422,54.837684631347656,68500
2016-04-27,61.09000015258789,61.52999877929688,61.040000915527344,61.380001068115234,55.11605453491211,116200
2016-04-28,60.959999084472656,61.369998931884766,60.63999938964844,60.84000015258789,54.631160736083984,73200
2016-04-29,60.61000061035156,60.70000076293945,60.09999847412109,60.45000076293945,54.28096389770508,52700
2016-05-02,60.61000061035156,60.91999816894531,60.5,60.869998931884766,54.6580924987793,41500
2016-05-03,60.369998931884766,60.43000030517578,60.08000183105469,60.310001373291016,54.15525817871094,52400
2016-05-04,60.060001373291016,60.15999984741211,59.70000076293945,59.90999984741211,53.79606628417969,43800
2016-05-05,60.0099983215332,60.18999862670898,59.77000045776367,59.900001525878906,53.787086486816406,92300
2016-05-06,59.70000076293945,60.09000015258789,59.61000061035156,60.060001373291016,53.930763244628906,55200
2016-05-09,60.060001373291016,60.15999984741211,59.83000183105469,59.970001220703125,53.84995269775391,43500
2016-05-10,60.22999954223633,60.72999954223633,60.22999954223633,60.720001220703125,54.52341079711914,39000
2016-05-11,60.709999084472656,60.79999923706055,60.33000183105469,60.34000015258789,54.18219375610352,56100
2016-05-12,60.470001220703125,60.58000183105469,60.130001068115234,60.38999938964844,54.22707748413086,40900
2016-05-13,60.31999969482422,60.43999862670898,59.68999862670898,59.77999877929688,53.67933654785156,40900
2016-05-16,59.810001373291016,60.43999862670898,59.810001373291016,60.33000183105469,54.17321014404297,61600
2016-05-17,60.2599983215332,60.27000045776367,59.650001525878906,59.84000015258789,53.73321914672852,89300
2016-05-18,59.709999084472656,60.310001373291016,59.630001068115234,59.93999862670898,53.8230094909668,134200
2016-05-19,59.790000915527344,59.810001373291016,59.34999847412109,59.7599983215332,53.66137313842773,103500
2016-05-20,60.11000061035156,60.25,59.959999084472656,60.04999923706055,53.92177581787109,31400
2016-05-23,59.95000076293945,60.09999847412109,59.86000061035156,59.880001068115234,53.76913833618164,65900
2016-05-24,60.20000076293945,60.720001220703125,60.20000076293945,60.61000061035156,54.42463302612305,91900
2016-05-25,60.88999938964844,61.27000045776367,60.88999938964844,61.130001068115234,54.891563415527344,50500
2016-05-26,61.09000015258789,61.15999984741211,60.97999954223633,61.040000915527344,54.81074523925781,76500
2016-05-27,61.119998931884766,61.310001373291016,61.11000061035156,61.310001373291016,55.05319595336914,43600
2016-05-31,61.43000030517578,61.5,60.97999954223633,61.18999862670898,54.94544219970703,42300
2016-06-01,60.970001220703125,61.380001068115234,60.84000015258789,61.34000015258789,55.08013534545898,113900
2016-06-02,61.220001220703125,61.470001220703125,61.06999969482422,61.470001220703125,55.19686126708984,34600
2016-06-03,61.220001220703125,61.369998931884766,60.93000030517578,61.27999877929688,55.02626037597656,60500
2016-06-06,61.380001068115234,61.77000045776367,61.380001068115234,61.65999984741211,55.36747741699219,39200
2016-06-07,61.77000045776367,61.9900016784668,61.77000045776367,61.77000045776367,55.46624755859375,37500
2016-06-08,61.84000015258789,62.040000915527344,61.84000015258789,62.0099983215332,55.6817626953125,38500
2016-06-09,61.77000045776367,61.93000030517578,61.59999847412109,61.869998931884766,55.5560417175293,62900
2016-06-10,61.40999984741211,61.630001068115234,61.220001220703125,61.41999816894531,55.1519660949707,95900
2016-06-13,61.16999816894531,61.400001525878906,60.869998931884766,60.869998931884766,54.6580924987793,231200
2016-06-14,60.77999877929688,60.880001068115234,60.41999816894531,60.7400016784668,54.54135894775391,58700
2016-06-15,60.880001068115234,60.970001220703125,60.56999969482422,60.630001068115234,54.44258880615234,47100
2016-06-16,60.34999847412109,60.91999816894531,60.040000915527344,60.86000061035156,54.64911651611328,64700
2016-06-17,60.91999816894531,60.93999862670898,60.54999923706055,60.83000183105469,54.62217712402344,54900
2016-06-20,61.400001525878906,61.619998931884766,61.119998931884766,61.13999938964844,54.90053939819336,37200
2016-06-21,60.93999862670898,61.15999984741211,60.7599983215332,60.97999954223633,55.10477066040039,46600
2016-06-22,61.0,61.27000045776367,60.869998931884766,60.88999938964844,55.02344512939453,70400
2016-06-23,61.5,61.75,61.310001373291016,61.75,55.800575256347656,88400
2016-06-24,59.7400016784668,60.630001068115234,59.40999984741211,59.59000015258789,53.84869003295898,149500
2016-06-27,59.220001220703125,59.220001220703125,58.31999969482422,58.59999847412109,52.95407104492188,211100
2016-06-28,59.290000915527344,59.52999877929688,58.93000030517578,59.52999877929688,53.794471740722656,100700
2016-06-29,60.0,60.61000061035156,59.97999954223633,60.560001373291016,54.72523880004883,73900
2016-06-30,60.790000915527344,61.560001373291016,60.630001068115234,61.560001373291016,55.62889099121094,48300
2016-07-01,61.540000915527344,61.68999862670898,61.47999954223633,61.56999969482422,55.6379280090332,146500
2016-07-05,61.27000045776367,61.27000045776367,60.90999984741211,61.040000915527344,55.15898513793945,49900
2016-07-06,60.90999984741211,61.47999954223633,60.619998931884766,61.47999954223633,55.55659484863281,71300
2016-07-07,61.54999923706055,61.7400016784668,61.02000045776367,61.290000915527344,55.38491439819336,48900
2016-07-08,61.810001373291016,62.18000030517578,61.63999938964844,62.150001525878906,56.16204452514648,77500
2016-07-11,62.25,62.5,62.25,62.27999877929688,56.27952194213867,74300
2016-07-12,62.56999969482422,62.869998931884766,62.56999969482422,62.7400016784668,56.69520568847656,77900
2016-07-13,62.84999847412109,62.959999084472656,62.65999984741211,62.91999816894531,56.857852935791016,87200
2016-07-14,63.310001373291016,63.45000076293945,63.18000030517578,63.290000915527344,57.19221115112305,64700
2016-07-15,63.54999923706055,63.54999923706055,63.060001373291016,63.2400016784668,57.14703369140625,67300
2016-07-18,63.209999084472656,63.34999847412109,63.16999816894531,63.31999969482422,57.21932220458984,49800
2016-07-19,63.2400016784668,63.27000045776367,63.11000061035156,63.27000045776367,57.17414093017578,33900
2016-07-20,63.52999877929688,63.61000061035156,63.380001068115234,63.54999923706055,57.42715072631836,613100
2016-07-21,63.43000030517578,63.58000183105469,63.220001220703125,63.29999923706055,57.20123672485352,71000
2016-07-22,63.33000183105469,63.59999847412109,63.31999969482422,63.59999847412109,57.47233200073242,47000
2016-07-25,63.52000045776367,63.52000045776367,63.119998931884766,63.310001373291016,57.21028518676758,55700
2016-07-26,63.34999847412109,63.5,63.16999816894531,63.400001525878906,57.29161071777344,30400
2016-07-27,63.380001068115234,63.380001068115234,62.95000076293945,63.16999816894531,57.083770751953125,48700
2016-07-28,62.9900016784668,63.16999816894531,62.84000015258789,63.09999847412109,57.0205192565918,67000
2016-07-29,62.84000015258789,63.25,62.84000015258789,63.18999862670898,57.101844787597656,53300
2016-08-01,63.15999984741211,63.15999984741211,62.79999923706055,62.90999984741211,56.848819732666016,35800
2016-08-02,62.86000061035156,62.86000061035156,62.380001068115234,62.58000183105469,56.55062484741211,46400
2016-08-03,62.61000061035156,62.84999847412109,62.61000061035156,62.84999847412109,56.79460525512695,28900
2016-08-04,62.900001525878906,62.93999862670898,62.75,62.86000061035156,56.80363082885742,40400
2016-08-05,63.16999816894531,63.4900016784668,63.16999816894531,63.459999084472656,57.34583282470703,32000
2016-08-08,63.59999847412109,63.61000061035156,63.41999816894531,63.52999877929688,57.40908050537109,38800
2016-08-09,63.61000061035156,63.66999816894531,63.400001525878906,63.5099983215332,57.39101028442383,41600
2016-08-10,63.56999969482422,63.58000183105469,63.16999816894531,63.33000183105469,57.22835922241211,65900
2016-08-11,63.5,63.70000076293945,63.41999816894531,63.630001068115234,57.49944686889648,50900
2016-08-12,63.5,63.56999969482422,63.38999938964844,63.52000045776367,57.40004348754883,54300
2016-08-15,63.630001068115234,63.77999877929688,63.630001068115234,63.65999984741211,57.52656173706055,34200
2016-08-16,63.540000915527344,63.560001373291016,63.40999984741211,63.40999984741211,57.3006477355957,40300
2016-08-17,63.31999969482422,63.619998931884766,63.209999084472656,63.54999923706055,57.42715072631836,42100
2016-08-18,63.59000015258789,63.7400016784668,63.5,63.7400016784668,57.59885025024414,66300
2016-08-19,63.52000045776367,63.619998931884766,63.34999847412109,63.58000183105469,57.45426559448242,98900
2016-08-22,63.56999969482422,63.59000015258789,63.33000183105469,63.540000915527344,57.41812133789063,92200
2016-08-23,63.65999984741211,63.79999923706055,63.59999847412109,63.59999847412109,57.47233200073242,60900
2016-08-24,63.58000183105469,63.650001525878906,63.34000015258789,63.470001220703125,57.35487365722656,48300
2016-08-25,63.38999938964844,63.5,63.31999969482422,63.38999938964844,57.28257751464844,55900
2016-08-26,63.43999862670898,63.77999877929688,63.02000045776367,63.25,57.15605926513672,46900
2016-08-29,63.27000045776367,63.7400016784668,63.25,63.66999816894531,57.53559494018555,53300
2016-08-30,63.63999938964844,63.77999877929688,63.470001220703125,63.650001525878906,57.51752471923828,31600
2016-08-31,63.630001068115234,63.630001068115234,63.220001220703125,63.52999877929688,57.40908050537109,53100
2016-09-01,63.54999923706055,63.560001373291016,63.04999923706055,63.45000076293945,57.33679962158203,33600
2016-09-02,63.63999938964844,63.86000061035156,63.56999969482422,63.70000076293945,57.56270980834961,49400
2016-09-06,63.86000061035156,63.869998931884766,63.560001373291016,63.84000015258789,57.689212799072266,33600
2016-09-07,63.75,63.86000061035156,63.619998931884766,63.79999923706055,57.6530647277832,40300
2016-09-08,63.7400016784668,63.900001525878906,63.70000076293945,63.84999847412109,57.6982536315918,41400
2016-09-09,63.41999816894531,63.459999084472656,62.459999084472656,62.459999084472656,56.44217300415039,84000
2016-09-12,62.20000076293945,63.36000061035156,62.150001525878906,63.27000045776367,57.17414093017578,51500
2016-09-13,62.77000045776367,62.77000045776367,62.040000915527344,62.22999954223633,56.23434066772461,54000
2016-09-14,62.220001220703125,62.43000030517578,61.88999938964844,62.02000045776367,56.04457092285156,41900
2016-09-15,61.90999984741211,62.720001220703125,61.869998931884766,62.59000015258789,56.55964660644531,32800
2016-09-16,62.34999847412109,62.41999816894531,62.11000061035156,62.33000183105469,56.32470703125,60000
2016-09-19,62.52000045776367,62.77000045776367,62.25,62.33000183105469,56.32470703125,23900
2016-09-20,62.2599983215332,62.2599983215332,61.880001068115234,61.880001068115234,56.307411193847656,45000
2016-09-21,62.060001373291016,62.54999923706055,61.93000030517578,62.540000915527344,56.9079704284668,51300
2016-09-22,62.790000915527344,62.97999954223633,62.68999862670898,62.81999969482422,57.16275787353516,69600
2016-09-23,62.65999984741211,62.72999954223633,62.4900016784668,62.52999877929688,56.89888000488281,51800
2016-09-26,62.25,62.33000183105469,61.90999984741211,61.959999084472656,56.38020324707031,94300
2016-09-27,61.93000030517578,62.380001068115234,61.79999923706055,62.380001068115234,56.76238250732422,62300
2016-09-28,62.470001220703125,62.83000183105469,62.150001525878906,62.77000045776367,57.11726760864258,51400
2016-09-29,62.7599983215332,62.84000015258789,61.97999954223633,62.16999816894531,56.57129287719727,38800
2016-09-30,62.41999816894531,62.86000061035156,62.41999816894531,62.66999816894531,57.02626419067383,47700
2016-10-03,62.5099983215332,62.560001373291016,62.34000015258789,62.5099983215332,56.880672454833984,48500
2016-10-04,62.52999877929688,62.59999847412109,62.04999923706055,62.15999984741211,56.56219100952149,68600
2016-10-05,62.38999938964844,62.720001220703125,62.38999938964844,62.619998931884766,56.98076629638672,62200
2016-10-06,62.54999923706055,62.650001525878906,62.27000045776367,62.59000015258789,56.95346832275391,38100
2016-10-07,62.61000061035156,62.66999816894531,62.18999862670898,62.43000030517578,56.807884216308594,44400
2016-10-10,62.70000076293945,62.90999984741211,62.70000076293945,62.77000045776367,57.11726760864258,30100
2016-10-11,62.65999984741211,62.65999984741211,61.84000015258789,62.08000183105469,56.48939895629883,71200
2016-10-12,62.060001373291016,62.16999816894531,61.880001068115234,62.09000015258789,56.49850082397461,38800
2016-10-13,61.65999984741211,62.0099983215332,61.369998931884766,61.84000015258789,56.27101516723633,70900
2016-10-14,62.15999984741211,62.369998931884766,61.959999084472656,61.9900016784668,56.407508850097656,172800
2016-10-17,61.88999938964844,62.040000915527344,61.72999954223633,61.79999923706055,56.23461532592773,36000
2016-10-18,62.209999084472656,62.27000045776367,61.970001220703125,62.08000183105469,56.48939895629883,43400
2016-10-19,62.13999938964844,62.36000061035156,62.11000061035156,62.209999084472656,56.60770034790039,349100
2016-10-20,62.18999862670898,62.2400016784668,61.869998931884766,62.040000915527344,56.45301055908203,45600
2016-10-21,61.77999877929688,62.0099983215332,61.75,61.95000076293945,56.3711051940918,59500
2016-10-24,62.18999862670898,62.27999877929688,62.0,62.13999938964844,56.54399871826172,25700
2016-10-25,62.18000030517578,62.36000061035156,62.09000015258789,62.150001525878906,56.55309295654297,45500
2016-10-26,61.9900016784668,62.400001525878906,61.970001220703125,62.27000045776367,56.662296295166016,45400
2016-10-27,62.4900016784668,62.5,62.150001525878906,62.2400016784668,56.6349983215332,44600
2016-10-28,62.2599983215332,62.40999984741211,61.790000915527344,62.02000045776367,56.43481063842773,29800
2016-10-31,62.06999969482422,62.2599983215332,62.0099983215332,62.0099983215332,56.42571258544922,52100
2016-11-01,62.06999969482422,62.20000076293945,61.2599983215332,61.66999816894531,56.11632537841797,56700
2016-11-02,61.5,61.58000183105469,61.22999954223633,61.36000061035156,55.8342399597168,62300
2016-11-03,61.540000915527344,61.540000915527344,61.08000183105469,61.11000061035156,55.60675811767578,60300
2016-11-04,61.220001220703125,61.380001068115234,61.0,61.040000915527344,55.54305267333984,111900
2016-11-07,61.900001525878906,62.369998931884766,61.869998931884766,62.33000183105469,56.716896057128906,41500
2016-11-08,62.209999084472656,62.75,62.150001525878906,62.59000015258789,56.95346832275391,57600
2016-11-09,62.41999816894531,63.95000076293945,62.400001525878906,63.63999938964844,57.908912658691406,238700
2016-11-10,64.02999877929688,64.48999786376953,63.81999969482422,64.33000183105469,58.53678512573242,208200
2016-11-11,64.0,64.2300033569336,63.790000915527344,64.16000366210938,58.38209915161133,59600
2016-11-14,64.37000274658203,64.63999938964844,64.2699966430664,64.4800033569336,58.67327880859375,86900
2016-11-15,64.58000183105469,64.9800033569336,64.41999816894531,64.9800033569336,59.12824630737305,45300
2016-11-16,64.87999725341797,64.87999725341797,64.5,64.6500015258789,58.82796478271485,57400
2016-11-17,64.87999725341797,64.91999816894531,64.55000305175781,64.83999633789062,59.00085067749024,117600
2016-11-18,64.91999816894531,64.91999816894531,64.6500015258789,64.7300033569336,58.900760650634766,74900
2016-11-21,64.94999694824219,65.1500015258789,64.87999725341797,65.12999725341797,59.26472854614258,77600
2016-11-22,65.30000305175781,65.38999938964844,65.04000091552734,65.27999877929688,59.40122985839844,109400
2016-11-23,65.06999969482422,65.41999816894531,64.94999694824219,65.4000015258789,59.51041412353516,141100
2016-11-25,65.41999816894531,65.69000244140625,65.41999816894531,65.69000244140625,59.77430725097656,58300
2016-11-28,65.63999938964844,65.68000030517578,65.36000061035156,65.4000015258789,59.51041412353516,74000
2016-11-29,65.41999816894531,65.5999984741211,65.29000091552734,65.47000122070312,59.57411956787109,53700
2016-11-30,65.80999755859375,65.88999938964844,65.61000061035156,65.61000061035156,59.70151901245117,117600
2016-12-01,65.87999725341797,66.0199966430664,65.69000244140625,65.83000183105469,59.901702880859375,138800
2016-12-02,65.87000274658203,65.94000244140625,65.66000366210938,65.7300033569336,59.81070709228516,75700
2016-12-05,66.13999938964844,66.20999908447266,65.87999725341797,65.98999786376953,60.04728317260742,94600
2016-12-06,66.12000274658203,66.33000183105469,65.93000030517578,66.30999755859375,60.33846664428711,84400
2016-12-07,66.29000091552734,67.19000244140625,66.12000274658203,67.16999816894531,61.12101364135742,64000
2016-12-08,67.23999786376953,67.4800033569336,67.02999877929688,67.27999877929688,61.22110748291016,84000
2016-12-09,67.33000183105469,67.7300033569336,67.2699966430664,67.68000030517578,61.585105895996094,86400
2016-12-12,67.75,68.05000305175781,67.7300033569336,67.79000091552734,61.68519592285156,102100
2016-12-13,68.05999755859375,68.31999969482422,67.87000274658203,68.16999816894531,62.03096008300781,88000
2016-12-14,68.05000305175781,68.22000122070312,67.41999816894531,67.56999969482422,61.48500442504883,93100
2016-12-15,67.72000122070312,68.23999786376953,67.5999984741211,67.97000122070312,61.84899139404297,114400
2016-12-16,68.16999816894531,68.19000244140625,67.80999755859375,67.98999786376953,61.8671760559082,63900
2016-12-19,67.95999908447266,68.16999816894531,67.94999694824219,68.12999725341797,61.99456405639648,88800
2016-12-20,67.81999969482422,67.9800033569336,67.69000244140625,67.87000274658203,62.207218170166016,98800
2016-12-21,67.8499984741211,67.9000015258789,67.69000244140625,67.69000244140625,62.042240142822266,71100
2016-12-22,67.6500015258789,67.7699966430664,67.5199966430664,67.68000030517578,62.03307342529297,72800
2016-12-23,67.68000030517578,67.76000213623047,67.5999984741211,67.75,62.09722137451172,79900
2016-12-27,67.83000183105469,67.93000030517578,67.79000091552734,67.83000183105469,62.17054748535156,73900
2016-12-28,67.95999908447266,67.95999908447266,67.2699966430664,67.29000091552734,61.67560577392578,105200
2016-12-29,67.29000091552734,67.41000366210938,67.05999755859375,67.26000213623047,61.64811325073242,58600
2016-12-30,67.26000213623047,67.31999969482422,66.88999938964844,67.08999633789062,61.492279052734375,61300
2017-01-03,67.58000183105469,67.72000122070312,67.1500015258789,67.58000183105469,61.94140625,89400
2017-01-04,67.70999908447266,67.91999816894531,67.62999725341797,67.80000305175781,62.1430549621582,130800
2017-01-05,67.76000213623047,67.83000183105469,67.36000061035156,67.58000183105469,61.94140625,57500
2017-01-06,67.61000061035156,67.83999633789062,67.4000015258789,67.66000366210938,62.01473617553711,87100
2017-01-09,67.58000183105469,67.58999633789062,67.27999877929688,67.33000183105469,61.71227264404297,102200
2017-01-10,67.3499984741211,67.63999938964844,67.1500015258789,67.2699966430664,61.65726089477539,54600
2017-01-11,67.2699966430664,67.56999969482422,67.16000366210938,67.56999969482422,61.93224334716797,68400
2017-01-12,67.45999908447266,67.45999908447266,66.9000015258789,67.33999633789062,61.72142791748047,80100
2017-01-13,67.41000366210938,67.6500015258789,67.30000305175781,67.44999694824219,61.82225799560547,66200
2017-01-17,67.16999816894531,67.30999755859375,66.8499984741211,67.05999755859375,61.46479797363281,94800
2017-01-18,67.05999755859375,67.13999938964844,66.91000366210938,67.12000274658203,61.51978302001953,98100
2017-01-19,67.1500015258789,67.23999786376953,66.69999694824219,66.9000015258789,61.318153381347656,146600
2017-01-20,67.1500015258789,67.33000183105469,67.0,67.16000366210938,61.55644607543945,74600
2017-01-23,67.06999969482422,67.11000061035156,66.66000366210938,66.80999755859375,61.23564910888672,89400
2017-01-24,66.8499984741211,67.43000030517578,66.83999633789062,67.2699966430664,61.65726089477539,74900
2017-01-25,67.62999725341797,67.83000183105469,67.4800033569336,67.80000305175781,62.1430549621582,85100
2017-01-26,67.76000213623047,67.83999633789062,67.63999938964844,67.77999877929688,62.12472152709961,57300
2017-01-27,67.86000061035156,67.88999938964844,67.6500015258789,67.7300033569336,62.07889175415039,43200
2017-01-30,67.51000213623047,67.55000305175781,67.0199966430664,67.30000305175781,61.68476104736328,79100
2017-01-31,67.12000274658203,67.2699966430664,66.87999725341797,67.22000122070312,61.6114501953125,82900
2017-02-01,67.38999938964844,67.5,66.87000274658203,66.98999786376953,61.400638580322266,111900
2017-02-02,66.91000366210938,67.0,66.69000244140625,66.95999908447266,61.37314224243164,63800
2017-02-03,67.36000061035156,67.63999938964844,67.23999786376953,67.5999984741211,61.959739685058594,62000
2017-02-06,67.5,67.58999633789062,67.33999633789062,67.43000030517578,61.80392074584961,57400
2017-02-07,67.55999755859375,67.58000183105469,67.29000091552734,67.3499984741211,61.73060607910156,58800
2017-02-08,67.26000213623047,67.3499984741211,67.08000183105469,67.23999786376953,61.6297721862793,58500
2017-02-09,67.41000366210938,67.87000274658203,67.36000061035156,67.7300033569336,62.07889175415039,52200
2017-02-10,67.8499984741211,68.08000183105469,67.77999877929688,67.98999786376953,62.317195892333984,49000
2017-02-13,68.1500015258789,68.55000305175781,68.11000061035156,68.45999908447266,62.74798202514648,59800
2017-02-14,68.37000274658203,68.79000091552734,68.30000305175781,68.79000091552734,63.05045318603516,70900
2017-02-15,68.79000091552734,69.22000122070312,68.63999938964844,69.1500015258789,63.38042068481445,128400
2017-02-16,69.11000061035156,69.19999694824219,68.91999816894531,69.12999725341797,63.36207580566406,60100
2017-02-17,68.8499984741211,69.13999938964844,68.75,69.13999938964844,63.37125778198242,96000
2017-02-21,69.33000183105469,69.6500015258789,69.33000183105469,69.58000183105469,63.7745361328125,66100
2017-02-22,69.41000366210938,69.56999969482422,69.3499984741211,69.52999877929688,63.72871017456055,135600
2017-02-23,69.76000213623047,69.76000213623047,69.41000366210938,69.73999786376953,63.921173095703125,55300
2017-02-24,69.4800033569336,69.76000213623047,69.44000244140625,69.76000213623047,63.93951416015625,72300
2017-02-27,69.7300033569336,69.81999969482422,69.61000061035156,69.81999969482422,63.994510650634766,82400
2017-02-28,69.62999725341797,69.72000122070312,69.47000122070312,69.6500015258789,63.83870315551758,77600
2017-03-01,70.16000366210938,70.80999755859375,70.16000366210938,70.66000366210938,64.76441955566406,65600
2017-03-02,70.62000274658203,70.62000274658203,70.12000274658203,70.12000274658203,64.26948547363281,55100
2017-03-03,70.16999816894531,70.25,70.05999755859375,70.23999786376953,64.37946319580078,52400
2017-03-06,69.94999694824219,70.12000274658203,69.80000305175781,70.02999877929688,64.1869888305664,70500
2017-03-07,69.83999633789062,69.95999908447266,69.69999694824219,69.79000091552734,63.96701049804688,63100
2017-03-08,69.9000015258789,69.91999816894531,69.52999877929688,69.58999633789062,63.78369903564453,71800
2017-03-09,69.6500015258789,69.7699966430664,69.41999816894531,69.72000122070312,63.90285873413086,61600
2017-03-10,70.08000183105469,70.08000183105469,69.61000061035156,69.91000366210938,64.0770034790039,97500
2017-03-13,69.81999969482422,69.91999816894531,69.69999694824219,69.79000091552734,63.96701049804688,67400
2017-03-14,69.5999984741211,69.62000274658203,69.33999633789062,69.55000305175781,63.74703598022461,65500
2017-03-15,69.76000213623047,70.19000244140625,69.62999725341797,70.08000183105469,64.23281860351562,150800
2017-03-16,70.2300033569336,70.29000091552734,69.8499984741211,69.97000122070312,64.13199615478516,58300
2017-03-17,70.05000305175781,70.22000122070312,69.75,69.75,63.930362701416016,51700
2017-03-20,69.75,69.76000213623047,69.5,69.5199966430664,63.71954727172852,44600
2017-03-21,69.7699966430664,69.87000274658203,68.58000183105469,68.69000244140625,62.958797454833984,100200
2017-03-22,68.5999984741211,68.77999877929688,68.41000366210938,68.70999908447266,62.97713088989258,119400
2017-03-23,68.58000183105469,69.06999969482422,68.55000305175781,68.63999938964844,62.912967681884766,55900
2017-03-24,68.79000091552734,68.88999938964844,68.22000122070312,68.52999877929688,62.8121452331543,51600
2017-03-27,67.94999694824219,68.43000030517578,67.80999755859375,68.36000061035156,62.65634536743164,54800
2017-03-28,68.23999786376953,69.04000091552734,68.19000244140625,68.87000274658203,63.12377548217773,63500
2017-03-29,68.48999786376953,68.5199966430664,68.27999877929688,68.41000366210938,63.062931060791016,62600
2017-03-30,68.44000244140625,68.83999633789062,68.43000030517578,68.80000305175781,63.422454833984375,47200
2017-03-31,68.68000030517578,68.7699966430664,68.5,68.52999877929688,63.17355728149414,63300
2017-04-03,68.58000183105469,68.68000030517578,67.97000122070312,68.43000030517578,63.08136749267578,64600
2017-04-04,68.37000274658203,68.5199966430664,68.18000030517578,68.5,63.14590072631836,77300
2017-04-05,68.86000061035156,69.13999938964844,68.26000213623047,68.29000091552734,62.95231246948242,124500
2017-04-06,68.29000091552734,68.61000061035156,68.1500015258789,68.43000030517578,63.08136749267578,53400
2017-04-07,68.36000061035156,68.58000183105469,68.19000244140625,68.30000305175781,62.96154022216797,53000
2017-04-10,68.37000274658203,68.61000061035156,68.18000030517578,68.30000305175781,62.96154022216797,44800
2017-04-11,68.13999938964844,68.23999786376953,67.73999786376953,68.23999786376953,62.90622329711914,63700
2017-04-12,68.19999694824219,68.20999908447266,67.91000366210938,68.0199966430664,62.70341491699219,51100
2017-04-13,67.87999725341797,68.05999755859375,67.44000244140625,67.45999908447266,62.18717956542969,49100
2017-04-17,67.5199966430664,67.97000122070312,67.43000030517578,67.95999908447266,62.64810562133789,51600
2017-04-18,67.73999786376953,67.80999755859375,67.48999786376953,67.62999725341797,62.34390258789063,63900
2017-04-19,67.86000061035156,67.98999786376953,67.30000305175781,67.43000030517578,62.15953063964844,76900
2017-04-20,67.61000061035156,68.08000183105469,67.48999786376953,67.91000366210938,62.60202026367188,66700
2017-04-21,67.91999816894531,67.98999786376953,67.56999969482422,67.66999816894531,62.38077545166016,42100
2017-04-24,68.37999725341797,68.58000183105469,68.33000183105469,68.48999786376953,63.13668441772461,87200
2017-04-25,68.76000213623047,68.9800033569336,68.76000213623047,68.87000274658203,63.48697662353516,65400
2017-04-26,68.86000061035156,69.20999908447266,68.80999755859375,68.81999969482422,63.44089889526367,56400
2017-04-27,68.86000061035156,68.86000061035156,68.51000213623047,68.72000122070312,63.34870910644531,44400
2017-04-28,68.69000244140625,68.69000244140625,68.36000061035156,68.41999816894531,63.07215118408203,50500
2017-05-01,68.51000213623047,68.62999725341797,68.33000183105469,68.47000122070312,63.11824417114258,40200
2017-05-02,68.5,68.52999877929688,68.2699966430664,68.41000366210938,63.062931060791016,82200
2017-05-03,68.31999969482422,68.55999755859375,68.31999969482422,68.54000091552734,63.18276977539063,46300
2017-05-04,68.66000366210938,68.66999816894531,68.2699966430664,68.55000305175781,63.19200134277344,58800
2017-05-05,68.6500015258789,68.7300033569336,68.48999786376953,68.7300033569336,63.35792922973633,47300
2017-05-08,68.75,68.80000305175781,68.62000274658203,68.70999908447266,63.33949661254883,65400
2017-05-09,68.7300033569336,68.80000305175781,68.4000015258789,68.5199966430664,63.16433334350586,71400
2017-05-10,68.5,68.68000030517578,68.38999938964844,68.66000366210938,63.293399810791016,64400
2017-05-11,68.5199966430664,68.56999969482422,68.18000030517578,68.45999908447266,63.1090202331543,65900
2017-05-12,68.31999969482422,68.44000244140625,68.12000274658203,68.25,62.91543197631836,62500
2017-05-15,68.4000015258789,68.6500015258789,68.4000015258789,68.6500015258789,63.284175872802734,44800
2017-05-16,68.66000366210938,68.7300033569336,68.47000122070312,68.56999969482422,63.21043014526367,43600
2017-05-17,67.9800033569336,68.12999725341797,67.3499984741211,67.4000015258789,62.13188171386719,91700
2017-05-18,67.22000122070312,67.80999755859375,67.12000274658203,67.54000091552734,62.260929107666016,77000
2017-05-19,67.66999816894531,68.22000122070312,67.66999816894531,67.97000122070312,62.65733337402344,81600
2017-05-22,68.16999816894531,68.33000183105469,68.12000274658203,68.25,62.91543197631836,33100
2017-05-23,68.44000244140625,68.62999725341797,68.30000305175781,68.55999755859375,63.201210021972656,55200
2017-05-24,68.61000061035156,68.70999908447266,68.43000030517578,68.58999633789062,63.22885513305664,46800
2017-05-25,68.66000366210938,68.86000061035156,68.62000274658203,68.7300033569336,63.35792922973633,60400
2017-05-26,68.68000030517578,68.80000305175781,68.6500015258789,68.75,63.37635803222656,41800
2017-05-30,68.52999877929688,68.72000122070312,68.5,68.56999969482422,63.21043014526367,57900
2017-05-31,68.63999938964844,68.69999694824219,68.3499984741211,68.52999877929688,63.17355728149414,58500
2017-06-01,68.69000244140625,69.12999725341797,68.58000183105469,69.12999725341797,63.72664642333984,60200
2017-06-02,69.06999969482422,69.25,68.98999786376953,69.18000030517578,63.77275085449219,61200
2017-06-05,69.0999984741211,69.27999877929688,69.0999984741211,69.12999725341797,63.72664642333984,50500
2017-06-06,69.01000213623047,69.18000030517578,68.91999816894531,69.02999877929688,63.63446807861328,46900
2017-06-07,69.05999755859375,69.22000122070312,68.88999938964844,69.1500015258789,63.74510192871094,55400
2017-06-08,69.05999755859375,69.44000244140625,69.05999755859375,69.20999908447266,63.80039978027344,55400
2017-06-09,69.30000305175781,69.75,69.30000305175781,69.7300033569336,64.27975463867188,71000
2017-06-12,69.80000305175781,70.0999984741211,69.69000244140625,69.83999633789062,64.38115692138672,78900
2017-06-13,70.0,70.12999725341797,69.93000030517578,70.08999633789062,64.61161804199219,80600
2017-06-14,70.08999633789062,70.11000061035156,69.80000305175781,70.06999969482422,64.59317779541016,56900
2017-06-15,69.72000122070312,69.98999786376953,69.70999908447266,69.98999786376953,64.51944732666016,42900
2017-06-16,70.05000305175781,70.05999755859375,69.66000366210938,70.04000091552734,64.56554412841797,42000
2017-06-19,70.2300033569336,70.45999908447266,70.19999694824219,70.45999908447266,64.95271301269531,58300
2017-06-20,70.25,70.25,69.98999786376953,70.0199966430664,64.5470962524414,60200
2017-06-21,70.02999877929688,70.02999877929688,69.66000366210938,69.72000122070312,64.27054595947266,43700
2017-06-22,69.72000122070312,69.87999725341797,69.63999938964844,69.66000366210938,64.2152328491211,64000
2017-06-23,69.31999969482422,69.37000274658203,69.13999938964844,69.30000305175781,64.26437377929688,53300
2017-06-26,69.44999694824219,69.5999984741211,69.31999969482422,69.38999938964844,64.34783172607422,62600
2017-06-27,69.33000183105469,69.51000213623047,69.05000305175781,69.05000305175781,64.03253936767578,52100
2017-06-28,69.37999725341797,69.69000244140625,69.37999725341797,69.56999969482422,64.5147705078125,55600
2017-06-29,69.87999725341797,69.91999816894531,68.9000015258789,69.25,64.218017578125,66000
2017-06-30,69.62000274658203,69.62000274658203,69.29000091552734,69.36000061035156,64.32001495361328,59000
2017-07-03,69.52999877929688,70.11000061035156,69.52999877929688,69.8499984741211,64.7744140625,35000
2017-07-05,70.0,70.0,69.55000305175781,69.83000183105469,64.7558822631836,56100
2017-07-06,69.5999984741211,69.7300033569336,69.16000366210938,69.20999908447266,64.18091583251953,59200
2017-07-07,69.31999969482422,69.55000305175781,69.2300033569336,69.51000213623047,64.45911407470703,37700
2017-07-10,69.55000305175781,69.55000305175781,69.30999755859375,69.44000244140625,64.39421844482422,55500
2017-07-11,69.37999725341797,69.4800033569336,68.94000244140625,69.2300033569336,64.1994857788086,37200
2017-07-12,69.5199966430664,69.7300033569336,69.5199966430664,69.62999725341797,64.57040405273438,35600
2017-07-13,69.63999938964844,69.80999755859375,69.5,69.7300033569336,64.66313171386719,85900
2017-07-14,69.70999908447266,70.11000061035156,69.55000305175781,69.9800033569336,64.89498138427734,57700
2017-07-17,70.01000213623047,70.05999755859375,69.87000274658203,69.91999816894531,64.8393325805664,251600
2017-07-18,69.79000091552734,69.88999938964844,69.66999816894531,69.83000183105469,64.7558822631836,48200
2017-07-19,69.97000122070312,70.1500015258789,69.93000030517578,70.0999984741211,65.00625610351562,72000
2017-07-20,70.19999694824219,70.33000183105469,70.0999984741211,70.26000213623047,65.15462493896484,77500
2017-07-21,69.94999694824219,70.0999984741211,69.86000061035156,70.0999984741211,65.00625610351562,95600
2017-07-24,70.05000305175781,70.1500015258789,69.8499984741211,69.91000366210938,64.8300552368164,32400
2017-07-25,70.26000213623047,70.44000244140625,70.26000213623047,70.3499984741211,65.23809051513672,43000
2017-07-26,70.41999816894531,70.44999694824219,70.04000091552734,70.13999938964844,65.04335021972656,56700
2017-07-27,70.20999908447266,70.30999755859375,70.0,70.23999786376953,65.13607788085938,46700
2017-07-28,70.08999633789062,70.30999755859375,70.05999755859375,70.23999786376953,65.13607788085938,37700
2017-07-31,70.41000366210938,70.58999633789062,70.3499984741211,70.4800033569336,65.358642578125,64300
2017-08-01,70.5999984741211,70.68000030517578,70.44000244140625,70.62999725341797,65.49773406982422,45200
2017-08-02,70.52999877929688,70.5999984741211,70.33999633789062,70.55000305175781,65.42354583740234,48900
2017-08-03,70.58999633789062,70.66000366210938,70.5,70.62999725341797,65.49773406982422,45300
2017-08-04,70.76000213623047,70.88999938964844,70.7300033569336,70.81999969482422,65.67393493652344,72000
2017-08-07,70.75,70.80000305175781,70.66000366210938,70.72000122070312,65.5811996459961,44600
2017-08-08,70.63999938964844,71.05999755859375,70.54000091552734,70.69000244140625,65.55339050292969,50700
2017-08-09,70.5199966430664,70.69999694824219,70.44999694824219,70.69999694824219,65.56265258789062,70600
2017-08-10,70.4800033569336,70.4800033569336,69.8499984741211,69.87999725341797,64.80223083496094,70400
2017-08-11,69.9000015258789,70.05000305175781,69.73999786376953,69.73999786376953,64.67240142822266,65800
2017-08-14,70.13999938964844,70.5199966430664,70.13999938964844,70.37999725341797,65.26589965820312,28500
2017-08-15,70.54000091552734,70.68000030517578,70.33999633789062,70.44000244140625,65.32154846191406,55500
2017-08-16,70.52999877929688,70.62999725341797,70.3499984741211,70.44000244140625,65.32154846191406,117600
2017-08-17,70.16999816894531,70.33999633789062,69.38999938964844,69.38999938964844,64.34783172607422,62900
2017-08-18,69.27999877929688,69.63999938964844,69.12999725341797,69.2699966430664,64.23655700683594,39400
2017-08-21,69.2300033569336,69.38999938964844,69.08999633789062,69.3499984741211,64.31074523925781,35900
2017-08-22,69.5,69.98999786376953,69.5,69.94999694824219,64.86713409423828,42100
2017-08-23,69.6500015258789,69.93000030517578,69.6500015258789,69.76000213623047,64.69094848632812,40200
2017-08-24,69.87999725341797,69.87999725341797,69.58999633789062,69.58999633789062,64.53330993652344,38800
2017-08-25,69.83000183105469,70.08000183105469,69.80999755859375,69.86000061035156,64.78369903564453,43900
2017-08-28,70.13999938964844,70.13999938964844,69.56999969482422,69.70999908447266,64.64459991455078,26000
2017-08-29,69.33999633789062,69.83999633789062,69.33999633789062,69.7699966430664,64.70023345947266,48400
2017-08-30,69.7300033569336,70.0,69.7300033569336,69.91000366210938,64.8300552368164,58100
2017-08-31,70.06999969482422,70.30000305175781,70.06999969482422,70.16000366210938,65.0618896484375,56400
2017-09-01,70.29000091552734,70.51000213623047,70.25,70.37000274658203,65.25662994384766,52600
2017-09-05,70.12999725341797,70.12999725341797,69.52999877929688,69.7300033569336,64.66313171386719,39500
2017-09-06,69.91999816894531,70.05999755859375,69.8499984741211,69.88999938964844,64.81150817871094,53400
2017-09-07,69.94999694824219,70.02999877929688,69.58000183105469,69.76000213623047,64.69094848632812,87300
2017-09-08,69.62999725341797,69.83000183105469,69.62000274658203,69.66999816894531,64.60749053955078,41000
2017-09-11,70.08999633789062,70.58000183105469,70.08999633789062,70.56999969482422,65.44210815429688,45700
2017-09-12,70.69000244140625,70.94000244140625,70.69000244140625,70.94000244140625,65.78520965576172,65800
2017-09-13,70.80999755859375,71.08000183105469,70.80999755859375,71.08000183105469,65.9150390625,57000
2017-09-14,71.06999969482422,71.19000244140625,71.0,71.16000366210938,65.9892349243164,50000
2017-09-15,71.12999725341797,71.3499984741211,71.08999633789062,71.33999633789062,66.15614318847656,45800
2017-09-18,71.38999938964844,71.6500015258789,71.38999938964844,71.63999938964844,66.43434143066406,50300
2017-09-19,71.79000091552734,71.83000183105469,71.6500015258789,71.7699966430664,66.55490112304688,42400
2017-09-20,71.80999755859375,71.93000030517578,71.75,71.93000030517578,66.70328521728516,36100
2017-09-21,71.9800033569336,71.98999786376953,71.7699966430664,71.7699966430664,66.55490112304688,48000
2017-09-22,71.73999786376953,71.87999725341797,71.70999908447266,71.86000061035156,66.63836669921875,35400
2017-09-25,72.0,72.01000213623047,71.66999816894531,71.87999725341797,66.65690612792969,40400
2017-09-26,71.9800033569336,72.06999969482422,71.83000183105469,71.9000015258789,66.67546081542969,42600
2017-09-27,71.58000183105469,71.72000122070312,71.33999633789062,71.56999969482422,66.84544372558594,40300
2017-09-28,71.68000030517578,71.69000244140625,71.4000015258789,71.58000183105469,66.85478210449219,33500
2017-09-29,71.58999633789062,71.81999969482422,71.52999877929688,71.79000091552734,67.05091857910156,68200
2017-10-02,72.01000213623047,72.26000213623047,71.80999755859375,72.26000213623047,67.48989868164062,47300
2017-10-03,72.33999633789062,72.4800033569336,72.25,72.4800033569336,67.69538116455078,66100
2017-10-04,72.4000015258789,72.5999984741211,72.37000274658203,72.5,67.71405029296875,47400
2017-10-05,72.5999984741211,72.91000366210938,72.55999755859375,72.80999755859375,68.00358581542969,54200
2017-10-06,72.7699966430664,72.83999633789062,72.5999984741211,72.72000122070312,67.91952514648438,31200
2017-10-09,72.8499984741211,72.8499984741211,72.45999908447266,72.55999755859375,67.77007293701172,42300
2017-10-10,72.7699966430664,72.8499984741211,72.5999984741211,72.81999969482422,68.012939453125,33800
2017-10-11,72.77999877929688,72.83999633789062,72.72000122070312,72.83999633789062,68.0315933227539,39200
2017-10-12,72.69999694824219,72.75,72.56999969482422,72.5999984741211,67.80744934082031,37600
2017-10-13,72.5999984741211,72.72000122070312,72.5,72.55000305175781,67.7607421875,41100
2017-10-16,72.63999938964844,72.80999755859375,72.5999984741211,72.73999786376953,67.9382095336914,38600
2017-10-17,72.80999755859375,72.83999633789062,72.69999694824219,72.83999633789062,68.0315933227539,44800
2017-10-18,73.01000213623047,73.1500015258789,72.98999786376953,73.05000305175781,68.22774505615234,57700
2017-10-19,72.87999725341797,73.22000122070312,72.87000274658203,73.20999908447266,68.3771743774414,103600
2017-10-20,73.44999694824219,73.72000122070312,73.4000015258789,73.70999908447266,68.84416961669922,50300
2017-10-23,73.91999816894531,73.91999816894531,73.58000183105469,73.58000183105469,68.7227554321289,58200
2017-10-24,73.72000122070312,73.80999755859375,73.6500015258789,73.73999786376953,68.87220001220703,54000
2017-10-25,73.68000030517578,73.69000244140625,72.95999908447266,73.37000274658203,68.52661895751953,57500
2017-10-26,73.80999755859375,73.80999755859375,73.5199966430664,73.58000183105469,68.7227554321289,39200
2017-10-27,73.7300033569336,73.88999938964844,73.58999633789062,73.75,68.88154602050781,41100
2017-10-30,73.7300033569336,73.7300033569336,73.23999786376953,73.31999969482422,68.47991943359375,40400
2017-10-31,73.4000015258789,73.4000015258789,73.19999694824219,73.19999694824219,68.36784362792969,40000
2017-11-01,73.48999786376953,73.69000244140625,73.37000274658203,73.4800033569336,68.62935638427734,46500
2017-11-02,73.44999694824219,73.69999694824219,73.27999877929688,73.62999725341797,68.76945495605469,44700
2017-11-03,73.66999816894531,73.73999786376953,73.48999786376953,73.7300033569336,68.86284637451172,27500
2017-11-06,73.69000244140625,73.69000244140625,73.5199966430664,73.58000183105469,68.7227554321289,30700
2017-11-07,73.66999816894531,73.75,73.36000061035156,73.48999786376953,68.63870239257812,31100
2017-11-08,73.43000030517578,73.52999877929688,73.2699966430664,73.5199966430664,68.66670989990234,40200
2017-11-09,73.16999816894531,73.30999755859375,72.80000305175781,73.20999908447266,68.3771743774414,43100
2017-11-10,73.08999633789062,73.25,73.0,73.16999816894531,68.33980560302734,39000
2017-11-13,72.9800033569336,73.23999786376953,72.9800033569336,73.1500015258789,68.3211441040039,36300
2017-11-14,72.94000244140625,73.01000213623047,72.70999908447266,73.01000213623047,68.19037628173828,27600
2017-11-15,72.62999725341797,72.88999938964844,72.47000122070312,72.70999908447266,67.9101791381836,33200
2017-11-16,72.9800033569336,73.3499984741211,72.9800033569336,73.23999786376953,68.40520477294922,44900
2017-11-17,73.06999969482422,73.13999938964844,72.95999908447266,72.97000122070312,68.15302276611328,50300
2017-11-20,73.08000183105469,73.22000122070312,72.97000122070312,73.12000274658203,68.29312133789062,66200
2017-11-21,73.33000183105469,73.55000305175781,73.33000183105469,73.48999786376953,68.63870239257812,40400
2017-11-22,73.4800033569336,73.5199966430664,73.3499984741211,73.4000015258789,68.55463409423828,29600
2017-11-24,73.47000122070312,73.5199966430664,73.41000366210938,73.41000366210938,68.56398010253906,22900
2017-11-27,73.4000015258789,73.6500015258789,73.4000015258789,73.51000213623047,68.65737915039062,32700
2017-11-28,73.68000030517578,74.62000274658203,73.6500015258789,74.62000274658203,69.69410705566406,45900
2017-11-29,74.83000183105469,75.31999969482422,74.83000183105469,75.12000274658203,70.1611099243164,62300
2017-11-30,75.44999694824219,76.13999938964844,75.38999938964844,75.69999694824219,70.70281219482422,36300
2017-12-01,75.80999755859375,75.94999694824219,74.87999725341797,75.66999816894531,70.67478942871094,50800
2017-12-04,76.41000366210938,76.58000183105469,75.88999938964844,75.88999938964844,70.88026428222656,79200
2017-12-05,76.11000061035156,76.12000274658203,75.51000213623047,75.5999984741211,70.6093978881836,134700
2017-12-06,75.55999755859375,75.63999938964844,75.37000274658203,75.4000015258789,70.422607421875,41300
2017-12-07,75.41000366210938,75.69000244140625,75.37000274658203,75.4800033569336,70.4973373413086,59000
2017-12-08,75.75,76.01000213623047,75.70999908447266,76.0,70.9830093383789,48200
2017-12-11,76.06999969482422,76.30999755859375,76.0,76.26000213623047,71.22584533691406,57000
2017-12-12,76.36000061035156,76.73999786376953,76.36000061035156,76.6500015258789,71.59009552001953,62500
2017-12-13,76.62000274658203,76.77999877929688,76.41000366210938,76.48999786376953,71.4406509399414,72900
2017-12-14,76.52999877929688,76.58000183105469,75.95999908447266,75.98999786376953,70.97367095947266,51200
2017-12-15,76.26000213623047,76.75,76.25,76.6500015258789,71.59009552001953,51500
2017-12-18,77.02999877929688,77.30999755859375,77.0,77.05999755859375,71.97303771972656,60800
2017-12-19,77.16999816894531,77.20999908447266,76.7699966430664,76.81999969482422,71.74887084960938,53300
2017-12-20,77.08999633789062,77.08999633789062,76.7699966430664,76.8499984741211,71.77689361572266,70800
2017-12-21,77.01000213623047,77.25,76.98999786376953,77.05999755859375,71.97303771972656,47000
2017-12-22,77.2300033569336,77.2300033569336,76.8499984741211,77.05999755859375,71.97303771972656,56600
2017-12-26,76.61000061035156,76.7300033569336,76.41999816894531,76.5,71.89127349853516,82300
2017-12-27,76.48999786376953,76.56999969482422,76.37000274658203,76.5199966430664,71.91006469726562,52900
2017-12-28,76.66999816894531,76.75,76.51000213623047,76.75,72.12620544433594,49900
2017-12-29,76.94000244140625,76.94000244140625,76.4000015258789,76.45999908447266,71.85369110107422,83700
2018-01-02,76.66000366210938,76.7300033569336,76.45999908447266,76.7300033569336,72.10741424560547,86200
2018-01-03,76.86000061035156,77.04000091552734,76.68000030517578,77.02999877929688,72.38934326171875,63400
2018-01-04,77.16999816894531,77.66000366210938,77.16999816894531,77.5199966430664,72.84982299804688,126600
2018-01-05,77.83000183105469,77.91000366210938,77.51000213623047,77.79000091552734,73.10356903076172,57500
2018-01-08,77.83000183105469,77.94000244140625,77.66999816894531,77.94000244140625,73.24451446533203,83000
2018-01-09,78.02999877929688,78.3499984741211,78.02999877929688,78.12999725341797,73.42308044433594,70300
2018-01-10,78.0,78.19999694824219,77.86000061035156,78.08000183105469,73.37609100341797,43600
2018-01-11,78.19999694824219,78.55999755859375,78.18000030517578,78.55999755859375,73.8271713256836,65400
2018-01-12,78.69000244140625,79.16000366210938,78.69000244140625,79.13999938964844,74.37222290039062,129900
2018-01-16,79.55000305175781,79.75,78.7699966430664,78.9800033569336,74.22186279296875,75000
2018-01-17,79.19000244140625,79.77999877929688,79.04000091552734,79.6500015258789,74.85148620605469,67000
2018-01-18,79.66999816894531,79.76000213623047,79.41999816894531,79.52999877929688,74.73873138427734,72200
2018-01-19,79.66999816894531,79.7300033569336,79.37999725341797,79.7300033569336,74.92668914794922,61800
2018-01-22,79.62999725341797,80.36000061035156,79.62999725341797,80.33999633789062,75.49993133544922,56600
2018-01-23,80.33000183105469,80.41999816894531,80.13999938964844,80.30000305175781,75.46234130859375,64600
2018-01-24,80.56999969482422,80.87000274658203,80.0999984741211,80.43000030517578,75.58451843261719,124700
2018-01-25,80.69000244140625,80.7300033569336,80.36000061035156,80.54000091552734,75.68787384033203,209600
2018-01-26,80.87999725341797,81.5199966430664,80.73999786376953,81.5,76.59004974365234,71500
2018-01-29,81.44999694824219,81.58999633789062,81.13999938964844,81.16999816894531,76.27992248535156,59400
2018-01-30,80.37999725341797,80.7699966430664,80.08000183105469,80.11000061035156,75.2837905883789,94100
2018-01-31,80.45999908447266,80.47000122070312,79.68000030517578,80.0,75.18041229248047,111500
2018-02-01,79.80999755859375,80.54000091552734,79.6500015258789,80.19999694824219,75.36836242675781,72800
2018-02-02,79.69000244140625,79.80999755859375,78.3499984741211,78.3499984741211,73.62982177734375,134600
2018-02-05,77.6500015258789,78.26000213623047,74.44999694824219,75.06999969482422,70.54743194580078,214400
2018-02-06,73.63999938964844,76.2300033569336,73.29000091552734,76.08999633789062,71.50596618652344,159800
2018-02-07,75.94000244140625,77.1500015258789,75.73999786376953,75.88999938964844,71.31802368164062,91000
2018-02-08,76.02999877929688,76.02999877929688,73.08999633789062,73.19000244140625,68.78067779541016,94400
2018-02-09,73.97000122070312,74.68000030517578,71.91999816894531,74.25,69.77682495117188,207700
2018-02-12,74.91000366210938,75.69000244140625,74.44999694824219,75.2699966430664,70.73536682128906,81200
2018-02-13,74.91000366210938,75.62000274658203,74.58999633789062,75.43000030517578,70.88572692871094,49700
2018-02-14,75.11000061035156,76.45999908447266,75.11000061035156,76.31999969482422,71.72211456298828,69600
2018-02-15,76.87999725341797,77.16999816894531,76.08999633789062,77.16999816894531,72.5208969116211,59100
2018-02-16,76.9000015258789,77.9000015258789,76.9000015258789,77.27999877929688,72.62428283691406,56900
2018-02-20,76.80999755859375,77.0999984741211,76.3499984741211,76.63999938964844,72.02284240722656,64400
2018-02-21,76.66000366210938,77.36000061035156,76.0999984741211,76.13999938964844,71.5529556274414,76800
2018-02-22,76.33000183105469,76.91000366210938,75.94000244140625,76.16999816894531,71.58116149902344,42900
2018-02-23,76.6500015258789,77.37000274658203,76.44999694824219,77.37000274658203,72.7088623046875,55200
2018-02-26,77.70999908447266,78.41000366210938,77.63999938964844,78.38999938964844,73.66741180419922,51800
2018-02-27,78.44999694824219,78.83999633789062,77.54000091552734,77.54000091552734,72.86861419677734,259800
2018-02-28,77.87999725341797,78.0199966430664,76.5,76.5,71.89127349853516,59400
2018-03-01,76.56999969482422,76.97000122070312,75.08000183105469,75.48999786376953,70.94213104248047,80100
2018-03-02,74.97000122070312,75.94999694824219,74.80000305175781,75.7300033569336,71.16766357421875,48300
2018-03-05,75.3499984741211,76.87999725341797,75.3499984741211,76.66999816894531,72.05104064941406,56000
2018-03-06,77.0,77.0,76.31999969482422,76.69999694824219,72.0792236328125,90000
2018-03-07,75.87000274658203,76.61000061035156,75.87000274658203,76.51000213623047,71.90067291259766,39100
2018-03-08,76.7699966430664,76.80000305175781,76.30000305175781,76.79000091552734,72.16380310058594,47100
2018-03-09,77.2699966430664,78.12999725341797,77.20999908447266,78.12999725341797,73.42308044433594,43200
2018-03-12,78.12999725341797,78.33000183105469,77.72000122070312,77.9800033569336,73.28211975097656,64000
2018-03-13,78.16000366210938,78.37000274658203,77.19999694824219,77.33999633789062,72.68067169189453,56600
2018-03-14,77.72000122070312,77.72000122070312,76.70999908447266,76.83000183105469,72.2013931274414,32500
2018-03-15,76.97000122070312,77.26000213623047,76.7300033569336,76.86000061035156,72.2295913696289,325600
2018-03-16,76.88999938964844,77.3499984741211,76.88999938964844,76.98999786376953,72.35173797607422,39800
2018-03-19,76.83999633789062,76.83999633789062,75.69999694824219,76.05999755859375,71.47777557373047,52500
2018-03-20,76.19000244140625,76.33000183105469,75.94000244140625,75.98999786376953,71.41199493408203,42700
2018-03-21,76.01000213623047,76.76000213623047,75.87000274658203,76.0,71.42140197753906,43900
2018-03-22,74.94999694824219,74.98999786376953,73.61000061035156,73.62000274658203,69.56464385986328,54400
2018-03-23,73.80999755859375,73.9000015258789,72.04000091552734,72.11000061035156,68.1378173828125,68200
2018-03-26,73.20999908447266,74.2300033569336,72.77999877929688,74.19000244140625,70.1032485961914,85600
2018-03-27,74.37000274658203,74.68000030517578,72.7300033569336,73.11000061035156,69.08272552490234,151700
2018-03-28,73.41000366210938,73.80000305175781,72.9000015258789,73.18000030517578,69.14887237548828,72000
2018-03-29,73.55000305175781,74.3499984741211,73.38999938964844,74.05999755859375,69.98040008544922,66100
2018-04-02,73.7699966430664,73.94999694824219,71.62999725341797,72.3499984741211,68.36458587646484,93800
2018-04-03,72.77999877929688,73.4800033569336,72.37000274658203,73.41999816894531,69.37564086914062,52900
2018-04-04,72.36000061035156,74.4000015258789,72.36000061035156,74.26000213623047,70.16938781738281,44200
2018-04-05,74.55999755859375,74.97000122070312,74.43000030517578,74.7699966430664,70.65128326416016,39700
2018-04-06,74.2300033569336,74.5199966430664,72.62000274658203,73.19999694824219,69.16777038574219,50100
2018-04-09,73.72000122070312,74.55000305175781,73.37999725341797,73.5,69.45124053955078,43300
2018-04-10,74.58999633789062,74.9000015258789,74.11000061035156,74.62000274658203,70.50955963134766,100200
2018-04-11,74.16999816894531,74.61000061035156,74.08000183105469,74.12999725341797,70.04653930664062,69700
2018-04-12,74.55999755859375,75.22000122070312,74.55999755859375,74.91000366210938,70.7835693359375,49300
2018-04-13,75.33000183105469,75.33000183105469,74.31999969482422,74.62999725341797,70.51899719238281,54800
2018-04-16,75.18000030517578,75.58000183105469,74.94000244140625,75.31999969482422,71.17098999023438,58200
2018-04-17,75.77999877929688,75.94000244140625,75.62000274658203,75.75,71.57730865478516,128800
2018-04-18,75.9000015258789,76.0199966430664,75.72000122070312,75.73999786376953,71.56785583496094,76500
2018-04-19,75.58000183105469,75.87000274658203,75.29000091552734,75.62000274658203,71.45446014404297,94700
2018-04-20,75.76000213623047,75.76000213623047,74.95999908447266,75.18000030517578,71.03871154785156,40600
2018-04-23,75.37000274658203,75.4800033569336,74.95999908447266,75.30999755859375,71.16153717041016,67800
2018-04-24,75.72000122070312,75.83999633789062,74.29000091552734,74.62999725341797,70.51899719238281,69200
2018-04-25,74.62000274658203,74.83000183105469,73.98999786376953,74.76000213623047,70.641845703125,50700
2018-04-26,74.87999725341797,75.36000061035156,74.75,75.12999725341797,70.99144744873047,45300
2018-04-27,75.23999786376953,75.41999816894531,75.04000091552734,75.29000091552734,71.14265441894531,57500
2018-04-30,75.41000366210938,75.55999755859375,74.4000015258789,74.4000015258789,70.30168151855469,59800
2018-05-01,74.22000122070312,74.29000091552734,73.55999755859375,74.27999877929688,70.18827056884766,44100
2018-05-02,74.04000091552734,74.13999938964844,73.3499984741211,73.5,69.45124053955078,55700
2018-05-03,73.16999816894531,73.43000030517578,72.19999694824219,73.22000122070312,69.18668365478516,72600
2018-05-04,72.93000030517578,74.19000244140625,72.91000366210938,73.98999786376953,69.91425323486328,53600
2018-05-07,74.22000122070312,74.44999694824219,74.0,74.11000061035156,70.02765655517578,42300
2018-05-08,74.0999984741211,74.26000213623047,73.76000213623047,74.12999725341797,70.04653930664062,46300
2018-05-09,74.30999755859375,74.88999938964844,74.12000274658203,74.75,70.63237762451172,31600
2018-05-10,74.9800033569336,75.58999633789062,74.9800033569336,75.5,71.34107208251953,52300
2018-05-11,75.68000030517578,75.88999938964844,75.5,75.80000305175781,71.62454223632812,43800
2018-05-14,76.01000213623047,76.26000213623047,75.87000274658203,76.02999877929688,71.84188079833984,45500
2018-05-15,75.7300033569336,75.75,75.36000061035156,75.62999725341797,71.46391296386719,63900
2018-05-16,75.63999938964844,76.01000213623047,75.55999755859375,75.9000015258789,71.71903991699219,34600
2018-05-17,75.83000183105469,76.12000274658203,75.61000061035156,75.76000213623047,71.58675384521484,49300
2018-05-18,75.80000305175781,75.80000305175781,75.4800033569336,75.52999877929688,71.36943054199219,69700
2018-05-21,75.94999694824219,76.30999755859375,75.94999694824219,76.18000030517578,71.98361206054688,53300
2018-05-22,76.26000213623047,76.47000122070312,76.04000091552734,76.06999969482422,71.87968444824219,74300
2018-05-23,75.66999816894531,76.04000091552734,75.48999786376953,76.04000091552734,71.851318359375,113700
2018-05-24,75.94000244140625,75.94000244140625,75.30000305175781,75.73999786376953,71.56785583496094,57500
2018-05-25,75.88999938964844,75.88999938964844,75.33999633789062,75.55000305175781,71.3883285522461,39000
2018-05-29,74.98999786376953,75.06999969482422,73.98999786376953,74.41000366210938,70.31112670898438,65900
2018-05-30,74.83999633789062,75.66000366210938,74.83999633789062,75.48999786376953,71.33163452148438,51800
2018-05-31,75.45999908447266,75.45999908447266,74.73999786376953,74.94000244140625,70.81192779541016,71600
2018-06-01,75.56999969482422,75.66000366210938,75.41999816894531,75.62999725341797,71.46391296386719,57000
2018-06-04,75.9000015258789,76.05000305175781,75.76000213623047,75.7699966430664,71.59620666503906,48900
2018-06-05,75.76000213623047,75.81999969482422,75.51000213623047,75.75,71.57730865478516,44300
2018-06-06,75.91000366210938,76.44999694824219,75.81999969482422,76.44999694824219,72.23873901367188,82300
2018-06-07,76.66000366210938,76.86000061035156,76.48999786376953,76.70999908447266,72.48441314697266,53900
2018-06-08,76.66000366210938,76.95999908447266,76.58999633789062,76.91999816894531,72.68284606933594,58000
2018-06-11,77.0,77.2300033569336,76.97000122070312,77.01000213623047,72.76789855957031,54800
2018-06-12,77.12000274658203,77.12000274658203,76.66000366210938,76.88999938964844,72.65451049804688,61000
2018-06-13,76.88999938964844,76.97000122070312,76.56999969482422,76.56999969482422,72.35212707519531,77200
2018-06-14,76.8499984741211,76.8499984741211,76.4000015258789,76.51000213623047,72.29544067382812,43400
2018-06-15,76.30000305175781,76.5199966430664,75.87000274658203,76.4000015258789,72.1915054321289,58400
2018-06-18,75.94000244140625,76.12999725341797,75.75,76.08999633789062,71.89856719970703,49200
2018-06-19,75.41000366210938,76.0,75.41000366210938,75.94000244140625,71.7568359375,63100
2018-06-20,76.2699966430664,76.2699966430664,75.75,75.8499984741211,71.67179107666016,99700
2018-06-21,75.7300033569336,75.7300033569336,75.26000213623047,75.41000366210938,71.25602722167969,36900
2018-06-22,75.80000305175781,75.94000244140625,75.66000366210938,75.69999694824219,71.5300521850586,33500
2018-06-25,75.41000366210938,75.48999786376953,74.52999877929688,74.9800033569336,70.84971618652344,47600
2018-06-26,75.08999633789062,75.22000122070312,74.91999816894531,75.0,70.8686294555664,47500
2018-06-27,75.12999725341797,75.62000274658203,74.51000213623047,74.51000213623047,70.40560913085938,67300
2018-06-28,73.98999786376953,74.62000274658203,73.86000061035156,74.41000366210938,70.74884796142578,70300
2018-06-29,74.68000030517578,75.1500015258789,74.41000366210938,74.41000366210938,70.74884796142578,61100
2018-07-02,74.0,74.62000274658203,73.97000122070312,74.61000061035156,70.93901062011719,49600
2018-07-03,74.87999725341797,74.95999908447266,74.36000061035156,74.41999816894531,70.75834655761719,41400
2018-07-05,74.83000183105469,74.9800033569336,74.5199966430664,74.9800033569336,71.29080200195312,56100
2018-07-06,74.95999908447266,75.52999877929688,74.87000274658203,75.41999816894531,71.70914459228516,49300
2018-07-09,75.62999725341797,76.16999816894531,75.62999725341797,76.0999984741211,72.3556900024414,60100
2018-07-10,76.33999633789062,76.51000213623047,76.30999755859375,76.4800033569336,72.71700286865234,59200
2018-07-11,76.12000274658203,76.16000366210938,75.77999877929688,75.8499984741211,72.11800384521484,53800
2018-07-12,76.30000305175781,76.4000015258789,76.08999633789062,76.38999938964844,72.63141632080078,67800
2018-07-13,76.19999694824219,76.51000213623047,76.1500015258789,76.41999816894531,72.65995788574219,57600
2018-07-16,76.38999938964844,76.52999877929688,76.2699966430664,76.5199966430664,72.75502014160156,177300
2018-07-17,76.43000030517578,76.83000183105469,76.33000183105469,76.69000244140625,72.91667175292969,34100
2018-07-18,76.69999694824219,77.06999969482422,76.69999694824219,76.98999786376953,73.201904296875,56500
2018-07-19,76.88999938964844,76.88999938964844,76.54000091552734,76.55000305175781,72.78356170654297,33000
2018-07-20,76.55999755859375,76.70999908447266,76.51000213623047,76.58000183105469,72.81208038330078,58100
2018-07-23,76.52999877929688,76.9000015258789,76.52999877929688,76.83999633789062,73.05928802490234,51400
2018-07-24,77.08999633789062,77.41999816894531,77.08999633789062,77.33000183105469,73.52517700195312,60000
2018-07-25,77.18000030517578,77.91999816894531,77.16000366210938,77.88999938964844,74.0576171875,71000
2018-07-26,78.08000183105469,78.33999633789062,78.08000183105469,78.11000061035156,74.26679229736328,101000
2018-07-27,78.01000213623047,78.13999938964844,77.6500015258789,77.91000366210938,74.07664489746094,36600
2018-07-30,77.9000015258789,78.08000183105469,77.76000213623047,77.8499984741211,74.01959991455078,64100
2018-07-31,78.12999725341797,78.26000213623047,77.9800033569336,78.12999725341797,74.28580474853516,109900
2018-08-01,78.05999755859375,78.18000030517578,77.72000122070312,77.83000183105469,74.0005874633789,71500
2018-08-02,77.41000366210938,78.05000305175781,77.23999786376953,78.0,74.1622085571289,57000
2018-08-03,77.94000244140625,78.58000183105469,77.94000244140625,78.58000183105469,74.71366882324219,94800
2018-08-06,78.5999984741211,78.94999694824219,78.44999694824219,78.80999755859375,74.9323501586914,57200
2018-08-07,78.9800033569336,79.23999786376953,78.94999694824219,79.0999984741211,75.20809173583984,109500
2018-08-08,79.19000244140625,79.19000244140625,78.97000122070312,79.04000091552734,75.15103912353516,99800
2018-08-09,79.12000274658203,79.12000274658203,78.8499984741211,78.8499984741211,74.97037506103516,47700
2018-08-10,78.44999694824219,78.6500015258789,78.16000366210938,78.37999725341797,74.52350616455078,45000
2018-08-13,78.41000366210938,78.47000122070312,77.87000274658203,77.91000366210938,74.07664489746094,43900
2018-08-14,78.12999725341797,78.4800033569336,78.12999725341797,78.4000015258789,74.54252624511719,56800
2018-08-15,78.02999877929688,78.04000091552734,77.58000183105469,77.9800033569336,74.14319610595703,100200
2018-08-16,78.48999786376953,79.0,78.4000015258789,78.86000061035156,74.97991180419922,53000
2018-08-17,78.7699966430664,79.38999938964844,78.76000213623047,79.20999908447266,75.31268310546875,90200
2018-08-20,79.26000213623047,79.48999786376953,79.26000213623047,79.41000366210938,75.5028305053711,50100
2018-08-21,79.58999633789062,79.73999786376953,79.45999908447266,79.4800033569336,75.56939697265625,60300
2018-08-22,79.30999755859375,79.44999694824219,79.22000122070312,79.31999969482422,75.41726684570312,51100
2018-08-23,79.23999786376953,79.41999816894531,79.05000305175781,79.12000274658203,75.22711181640625,161100
2018-08-24,79.27999877929688,79.58999633789062,79.27999877929688,79.48999786376953,75.57888793945312,43900
2018-08-27,79.77999877929688,80.18000030517578,79.77999877929688,80.11000061035156,76.16840362548828,90900
2018-08-28,80.2699966430664,80.29000091552734,80.05999755859375,80.11000061035156,76.16840362548828,37000
2018-08-29,80.19000244140625,80.43000030517578,80.04000091552734,80.31999969482422,76.3680648803711,44500
2018-08-30,80.19000244140625,80.29000091552734,79.83999633789062,79.9800033569336,76.04479217529297,69200
2018-08-31,79.81999969482422,80.01000213623047,79.5999984741211,79.9000015258789,75.9687271118164,39000
2018-09-04,79.80999755859375,79.87000274658203,79.5,79.80000305175781,75.87364959716797,53200
2018-09-05,79.62000274658203,79.94999694824219,79.55999755859375,79.94999694824219,76.01627349853516,48500
2018-09-06,79.83000183105469,80.01000213623047,79.55999755859375,79.8499984741211,75.92118072509766,53500
2018-09-07,79.5999984741211,79.80999755859375,79.44999694824219,79.69000244140625,75.7690658569336,35700
2018-09-10,79.91999816894531,80.19000244140625,79.79000091552734,79.79000091552734,75.8641357421875,64600
2018-09-11,79.69999694824219,80.08000183105469,79.55999755859375,79.91999816894531,75.98773193359375,68400
2018-09-12,80.04000091552734,80.22000122070312,79.9000015258789,80.05999755859375,76.120849609375,124000
2018-09-13,80.29000091552734,80.5199966430664,80.16999816894531,80.44000244140625,76.48214721679688,48100
2018-09-14,80.5,80.5999984741211,80.36000061035156,80.56999969482422,76.60575103759766,48200
2018-09-17,80.5999984741211,80.72000122070312,80.44000244140625,80.54000091552734,76.5772476196289,76200
2018-09-18,80.56999969482422,81.02999877929688,80.48999786376953,80.86000061035156,76.8814926147461,73200
2018-09-19,80.80999755859375,81.22000122070312,80.80999755859375,81.06999969482422,77.0811538696289,47500
2018-09-20,81.37999725341797,81.83000183105469,81.37999725341797,81.76000213623047,77.73721313476562,51600
2018-09-21,82.02999877929688,82.04000091552734,81.79000091552734,81.87000274658203,77.841796875,64300
2018-09-24,81.72000122070312,81.77999877929688,81.27999877929688,81.37999725341797,77.37590789794922,88400
2018-09-25,81.55999755859375,81.55999755859375,80.95999908447266,80.95999908447266,76.9765853881836,58100
2018-09-26,81.08000183105469,81.27999877929688,80.55000305175781,80.6500015258789,76.68182373046875,55200
2018-09-27,80.66999816894531,81.06999969482422,80.58000183105469,80.66000366210938,76.69133758544922,80600
2018-09-28,79.94000244140625,80.20999908447266,79.62999725341797,80.04000091552734,76.57844543457031,43100
2018-10-01,80.47000122070312,80.69999694824219,80.29000091552734,80.48999786376953,77.00897216796875,45800
2018-10-02,80.48999786376953,80.80999755859375,80.36000061035156,80.66000366210938,77.171630859375,81000
2018-10-03,81.08000183105469,81.16999816894531,80.68000030517578,80.76000213623047,77.26730346679688,115300
2018-10-04,80.70999908447266,80.87000274658203,80.12000274658203,80.69000244140625,77.20032501220703,87100
2018-10-05,80.75,80.9000015258789,80.08000183105469,80.4000015258789,76.92286682128906,69200
2018-10-08,80.30000305175781,80.7699966430664,80.13999938964844,80.69000244140625,77.20032501220703,49200
2018-10-09,80.63999938964844,80.79000091552734,80.22000122070312,80.4800033569336,76.99940490722656,68900
2018-10-10,80.45999908447266,80.45999908447266,78.36000061035156,78.41000366210938,75.01893615722656,565700
2018-10-11,78.1500015258789,78.33999633789062,76.0,76.37999725341797,73.07672882080078,189600
2018-10-12,77.5,77.5,76.19000244140625,77.04000091552734,73.70817565917969,102900
2018-10-15,76.93000030517578,77.41999816894531,76.70999908447266,76.70999908447266,73.39244842529297,154800
2018-10-16,77.22000122070312,78.23999786376953,77.16999816894531,78.16000366210938,74.77974700927734,92800
2018-10-17,78.05999755859375,78.55000305175781,77.5,78.26000213623047,74.87541961669922,73500
2018-10-18,78.02999877929688,78.4000015258789,77.16000366210938,77.55000305175781,74.19612884521484,76600
2018-10-19,77.55999755859375,78.19000244140625,77.43000030517578,77.5999984741211,74.24395751953125,77400
2018-10-22,77.75,77.75,76.86000061035156,76.9800033569336,73.6507797241211,70100
2018-10-23,75.87999725341797,76.91000366210938,75.41000366210938,76.55999755859375,73.24894714355469,107000
2018-10-24,76.47000122070312,76.47000122070312,74.33999633789062,74.47000122070312,71.24932861328125,111700
2018-10-25,75.05999755859375,76.02999877929688,74.80000305175781,75.58999633789062,72.32088470458984,116200
2018-10-26,74.79000091552734,75.36000061035156,73.95999908447266,74.5999984741211,71.37370300292969,137400
2018-10-29,75.45999908447266,76.0199966430664,73.81999969482422,74.69999694824219,71.4693832397461,114400
2018-10-30,74.81999969482422,75.87999725341797,74.68000030517578,75.80999755859375,72.53138732910156,140800
2018-10-31,76.36000061035156,76.97000122070312,76.25,76.30999755859375,73.009765625,104900
2018-11-01,76.55999755859375,76.79000091552734,76.29000091552734,76.72000122070312,73.40203094482422,77800
2018-11-02,77.27999877929688,77.30000305175781,76.04000091552734,76.52999877929688,73.2202377319336,81100
2018-11-05,76.86000061035156,77.66000366210938,76.86000061035156,77.4800033569336,74.12914276123047,213200
2018-11-06,77.44999694824219,77.88999938964844,77.38999938964844,77.8499984741211,74.483154296875,99500
2018-11-07,78.44999694824219,79.29000091552734,78.29000091552734,79.2300033569336,75.80347442626953,99400
2018-11-08,78.98999786376953,79.4000015258789,78.88999938964844,79.04000091552734,75.6216812133789,82300
2018-11-09,78.9000015258789,78.9800033569336,78.2699966430664,78.6500015258789,75.24854278564453,87800
2018-11-12,78.55000305175781,78.55000305175781,77.41000366210938,77.58000183105469,74.2248306274414,142200
2018-11-13,77.7300033569336,78.2300033569336,77.22000122070312,77.44000244140625,74.09088134765625,83200
2018-11-14,77.87999725341797,77.91000366210938,76.31999969482422,76.8499984741211,73.5263900756836,93400
2018-11-15,76.5199966430664,77.66999816894531,76.0999984741211,77.5999984741211,74.24395751953125,185700
2018-11-16,77.45999908447266,78.2699966430664,77.43000030517578,78.08999633789062,74.71277618408203,147800
2018-11-19,78.06999969482422,78.19999694824219,77.16999816894531,77.56999969482422,74.21526336669922,149900
2018-11-20,76.9000015258789,77.05999755859375,75.80999755859375,75.98999786376953,72.7035903930664,150500
2018-11-21,76.27999877929688,76.62000274658203,76.08000183105469,76.08999633789062,72.79926300048828,127500
2018-11-23,75.6500015258789,76.0,75.38999938964844,75.66999816894531,72.39742279052734,59300
2018-11-26,76.29000091552734,76.80000305175781,76.29000091552734,76.72000122070312,73.40203094482422,112500
2018-11-27,76.48999786376953,77.13999938964844,76.37999725341797,77.13999938964844,73.8038558959961,77500
2018-11-28,77.33999633789062,78.5,77.18000030517578,78.5,75.10504150390625,123200
2018-11-29,78.18000030517578,78.77999877929688,78.04000091552734,78.36000061035156,74.97109985351562,143400
2018-11-30,78.3499984741211,79.12999725341797,78.2300033569336,79.05000305175781,75.63126373291016,130900
2018-12-03,80.05999755859375,80.05999755859375,79.08999633789062,79.55999755859375,76.11918640136719,111900
2018-12-04,79.44999694824219,79.5,77.23999786376953,77.29000091552734,73.9473648071289,179700
2018-12-06,76.20999908447266,76.91999816894531,74.94000244140625,76.91999816894531,73.59337615966797,173700
2018-12-07,76.80000305175781,77.27999877929688,75.05000305175781,75.33999633789062,72.08171081542969,117100
2018-12-10,75.27999877929688,75.55000305175781,73.68000030517578,75.29000091552734,72.03386688232422,220800
2018-12-11,76.19999694824219,76.38999938964844,74.83999633789062,75.2300033569336,71.9764633178711,102700
2018-12-12,76.30000305175781,76.41999816894531,75.48999786376953,75.48999786376953,72.22521209716797,168300
2018-12-13,75.72000122070312,76.0,75.27999877929688,75.55999755859375,72.29219055175781,98000
2018-12-14,74.98999786376953,75.26000213623047,74.08000183105469,74.25,71.0388412475586,121900
2018-12-17,73.95999908447266,74.20999908447266,72.44000244140625,72.81999969482422,69.67068481445312,183500
2018-12-18,73.36000061035156,73.55999755859375,72.05000305175781,72.58000183105469,69.44107055664062,193800
2018-12-19,72.56999969482422,73.83999633789062,71.25,71.7699966430664,68.66609191894531,178700
2018-12-20,71.33000183105469,71.77999877929688,70.1500015258789,70.80000305175781,67.7380599975586,246500
2018-12-21,70.94999694824219,72.05000305175781,69.61000061035156,69.73999786376953,66.72388458251953,297300
2018-12-24,68.80000305175781,69.0,67.27999877929688,67.31999969482422,64.88677978515625,255800
2018-12-26,67.56999969482422,70.16000366210938,66.81999969482422,70.16000366210938,67.62413787841797,294500
2018-12-27,69.31999969482422,70.87000274658203,68.33999633789062,70.83999633789062,68.27954864501953,304300
2018-12-28,71.20999908447266,71.69000244140625,70.56999969482422,70.79000091552734,68.23136138916016,516500
2018-12-31,71.19999694824219,71.47000122070312,70.75,71.47000122070312,68.88678741455078,259000
2019-01-02,70.47000122070312,71.6500015258789,70.3499984741211,71.51000213623047,68.92533874511719,144500
2019-01-03,71.16999816894531,71.16999816894531,69.9800033569336,70.12999725341797,67.59521484375,113200
2019-01-04,71.02999877929688,72.25,71.02999877929688,72.16000366210938,69.55184936523438,160700
2019-01-07,72.22000122070312,72.98999786376953,71.80999755859375,72.5,69.87955474853516,215800
2019-01-08,73.16999816894531,73.16999816894531,72.4000015258789,73.0,70.36148834228516,79600
2019-01-09,73.20999908447266,73.33000183105469,72.68000030517578,73.0199966430664,70.3807601928711,103000
2019-01-10,72.72000122070312,73.30999755859375,72.48999786376953,73.30999755859375,70.66027069091797,103400
2019-01-11,72.91999816894531,73.45999908447266,72.8499984741211,73.45999908447266,70.80485534667969,91200
2019-01-14,72.94000244140625,73.36000061035156,72.9000015258789,73.19000244140625,70.54461669921875,104900
2019-01-15,73.16999816894531,73.8499984741211,73.16999816894531,73.80999755859375,71.14220428466797,104900
2019-01-16,73.94999694824219,74.3499984741211,73.94000244140625,74.08999633789062,71.4120864868164,87700
2019-01-17,73.80999755859375,74.80999755859375,73.80999755859375,74.58999633789062,71.89401245117188,121500
2019-01-18,75.22000122070312,75.66999816894531,74.94000244140625,75.62000274658203,72.88678741455078,132400
2019-01-22,75.19999694824219,75.25,74.36000061035156,74.79000091552734,72.08678436279297,128700
2019-01-23,75.0999984741211,75.33999633789062,74.38999938964844,75.0999984741211,72.38557434082031,212800
2019-01-24,74.97000122070312,75.0999984741211,74.55999755859375,74.94999694824219,72.24099731445312,89400
2019-01-25,75.41000366210938,75.63999938964844,75.16999816894531,75.30000305175781,72.57836151123047,74100
2019-01-28,74.76000213623047,74.83000183105469,74.31999969482422,74.83000183105469,72.12533569335938,77800
2019-01-29,74.8499984741211,75.08999633789062,74.70999908447266,74.93000030517578,72.22172546386719,59900
2019-01-30,75.16999816894531,75.93000030517578,74.87999725341797,75.62999725341797,72.89642333984375,106200
2019-01-31,75.37000274658203,76.19000244140625,75.2699966430664,76.05999755859375,73.31088256835938,81300
2019-02-01,76.19000244140625,76.5,76.01000213623047,76.2699966430664,73.51329040527344,104500
2019-02-04,76.23999786376953,76.55000305175781,75.87999725341797,76.52999877929688,73.7638931274414,127900
2019-02-05,76.66000366210938,76.76000213623047,76.4000015258789,76.66999816894531,73.8988265991211,192900
2019-02-06,76.44999694824219,76.73999786376953,76.44999694824219,76.66000366210938,73.88919830322266,78600
2019-02-07,76.25,76.30999755859375,75.43000030517578,75.94000244140625,73.1952133178711,129900
2019-02-08,75.6500015258789,75.87999725341797,75.23999786376953,75.87000274658203,73.12775421142578,111800
2019-02-11,76.06999969482422,76.0999984741211,75.77999877929688,75.94000244140625,73.1952133178711,143700
2019-02-12,76.37999725341797,77.04000091552734,76.37999725341797,76.88999938964844,74.11087799072266,73400
2019-02-13,77.16000366210938,77.38999938964844,77.0,77.12999725341797,74.34220123291016,90800
2019-02-14,76.77999877929688,77.1500015258789,76.4800033569336,76.80000305175781,74.02413940429688,52900
2019-02-15,77.37000274658203,77.97000122070312,77.37000274658203,77.97000122070312,75.15184783935547,127800
2019-02-19,77.73999786376953,78.30999755859375,77.70999908447266,78.11000061035156,75.28678894042969,138900
2019-02-20,78.08999633789062,78.33999633789062,77.93000030517578,78.30999755859375,75.47955322265625,79800
2019-02-21,78.12000274658203,78.30999755859375,77.77999877929688,78.0999984741211,75.27715301513672,182400
2019-02-22,78.30999755859375,78.5,78.19000244140625,78.44999694824219,75.61449432373047,82000
2019-02-25,78.83000183105469,79.05999755859375,78.58999633789062,78.61000061035156,75.76870727539062,83800
2019-02-26,78.52999877929688,78.81999969482422,78.43000030517578,78.56999969482422,75.73014831542969,75200
2019-02-27,78.41000366210938,78.56999969482422,78.13999938964844,78.45999908447266,75.62413024902344,225100
2019-02-28,78.44000244140625,78.44000244140625,78.05999755859375,78.1500015258789,75.3253402709961,172200
2019-03-01,78.6500015258789,78.7699966430664,78.18000030517578,78.52999877929688,75.69159698486328,170400
2019-03-04,78.80000305175781,78.80000305175781,77.5,78.0999984741211,75.27715301513672,239200
2019-03-05,78.19999694824219,78.19999694824219,77.80000305175781,78.0199966430664,75.20003509521484,154700
2019-03-06,78.0,78.0,77.41999816894531,77.52999877929688,74.72775268554688,184900
2019-03-07,77.4000015258789,77.41000366210938,76.77999877929688,77.05999755859375,74.27474212646484,142600
2019-03-08,76.58000183105469,76.94999694824219,76.4000015258789,76.93000030517578,74.1494369506836,198800
2019-03-11,77.1500015258789,77.9000015258789,77.1500015258789,77.9000015258789,75.0843734741211,107400
2019-03-12,78.0,78.33999633789062,78.0,78.12000274658203,75.29643249511719,63600
2019-03-13,78.33000183105469,78.91999816894531,78.33000183105469,78.70999908447266,75.86510467529297,71000
2019-03-14,78.7300033569336,78.93000030517578,78.55000305175781,78.6500015258789,75.80725860595703,40200
2019-03-15,78.76000213623047,79.16999816894531,78.72000122070312,78.98999786376953,76.13497161865234,76200
2019-03-18,79.05000305175781,79.41999816894531,79.05000305175781,79.4000015258789,76.53016662597656,93700
2019-03-19,79.69000244140625,79.88999938964844,79.05000305175781,79.33000183105469,76.46269226074219,56600
2019-03-20,79.19000244140625,79.25,78.55999755859375,78.58999633789062,75.74943542480469,79600
2019-03-21,78.36000061035156,79.29000091552734,78.36000061035156,79.16000366210938,76.29883575439453,59900
2019-03-22,78.69000244140625,78.81999969482422,77.7300033569336,77.86000061035156,75.04582214355469,2123200
2019-03-25,77.12000274658203,77.41000366210938,76.75,77.06999969482422,74.8573989868164,1999400
2019-03-26,77.58000183105469,77.9000015258789,77.30999755859375,77.75,75.51787567138672,90300
2019-03-27,77.69999694824219,77.87000274658203,76.98999786376953,77.36000061035156,75.13906860351562,114400
2019-03-28,77.5,77.70999908447266,77.08999633789062,77.54000091552734,75.31389617919922,128600
2019-03-29,77.9800033569336,78.08000183105469,77.61000061035156,78.02999877929688,75.78983306884766,113900
2019-04-01,78.45999908447266,78.98999786376953,78.45999908447266,78.9000015258789,76.63485717773438,73400
2019-04-02,79.0199966430664,79.0199966430664,78.58000183105469,78.68000030517578,76.4211654663086,88900
2019-04-03,79.05000305175781,79.05000305175781,78.55000305175781,78.7699966430664,76.50858306884766,89300
2019-04-04,78.87000274658203,79.08999633789062,78.80000305175781,79.08000183105469,76.8096923828125,71400
2019-04-05,79.19999694824219,79.37999725341797,79.11000061035156,79.37999725341797,77.10108184814453,72700
2019-04-08,79.25,79.44000244140625,79.12000274658203,79.44000244140625,77.15936279296875,58200
2019-04-09,79.11000061035156,79.11000061035156,78.73999786376953,78.94999694824219,76.68341064453125,200200
2019-04-10,79.08000183105469,79.16999816894531,78.93000030517578,79.08999633789062,76.81939697265625,64700
2019-04-11,79.22000122070312,79.30999755859375,78.91000366210938,79.05000305175781,76.78054809570312,86900
2019-04-12,79.55000305175781,79.76000213623047,79.3499984741211,79.5,77.2176284790039,47400
2019-04-15,79.54000091552734,79.55000305175781,79.29000091552734,79.45999908447266,77.17877960205078,104400
2019-04-16,79.76000213623047,79.81999969482422,79.5199966430664,79.69999694824219,77.4118881225586,63400
2019-04-17,80.0,80.0,79.38999938964844,79.4800033569336,77.19820404052734,87500
2019-04-18,79.80000305175781,79.80000305175781,79.38999938964844,79.5999984741211,77.31475067138672,56100
2019-04-22,79.43000030517578,79.66000366210938,79.41999816894531,79.58000183105469,77.29533386230469,68000
2019-04-23,79.66999816894531,80.1500015258789,79.55999755859375,80.13999938964844,77.8392562866211,76000
2019-04-24,80.0,80.05000305175781,79.7300033569336,79.80999755859375,77.51873016357422,96800
2019-04-25,79.5999984741211,79.88999938964844,79.26000213623047,79.72000122070312,77.43131256103516,65700
2019-04-26,79.66000366210938,80.12000274658203,79.61000061035156,80.12000274658203,77.81983947753906,111200
2019-04-29,80.16000366210938,80.5,80.16000366210938,80.31999969482422,78.01409149169922,68000
2019-04-30,80.51000213623047,80.76000213623047,80.16000366210938,80.63999938964844,78.32489776611328,69800
2019-05-01,80.79000091552734,80.79000091552734,80.0999984741211,80.0999984741211,77.80039978027344,94500
2019-05-02,80.05000305175781,80.26000213623047,79.51000213623047,79.91000366210938,77.6158676147461,385500
2019-05-03,80.31999969482422,80.55999755859375,80.1500015258789,80.5199966430664,78.20834350585938,56700
2019-05-06,79.33000183105469,80.33000183105469,79.27999877929688,80.22000122070312,77.91696166992188,94800
2019-05-07,79.55000305175781,79.58000183105469,78.54000091552734,79.05999755859375,76.79026794433594,105100
2019-05-08,78.93000030517578,79.30000305175781,78.70999908447266,78.83000183105469,76.5668716430664,86900
2019-05-09,78.22000122070312,78.76000213623047,77.80000305175781,78.58999633789062,76.33375549316406,70000
2019-05-10,78.30000305175781,79.23999786376953,77.5999984741211,79.1500015258789,76.87767791748047,73800
2019-05-13,77.83000183105469,78.08000183105469,77.23999786376953,77.52999877929688,75.30418395996094,97800
2019-05-14,77.83999633789062,78.52999877929688,77.83999633789062,78.0,75.76068878173828,108100
2019-05-15,77.63999938964844,78.41999816894531,77.44999694824219,78.22000122070312,75.9743881225586,87900
2019-05-16,78.51000213623047,79.30000305175781,78.51000213623047,78.87000274658203,76.605712890625,70500
2019-05-17,78.27999877929688,79.04000091552734,78.20999908447266,78.58000183105469,76.32404327392578,139600
2019-05-20,78.30000305175781,78.80000305175781,78.30000305175781,78.44999694824219,76.1977767944336,71100
2019-05-21,78.93000030517578,79.16000366210938,78.83000183105469,79.08000183105469,76.8096923828125,66400
2019-05-22,78.83000183105469,79.0,78.62999725341797,78.81999969482422,76.55715942382812,80500
2019-05-23,78.19999694824219,78.19999694824219,77.48999786376953,78.01000213623047,75.77041625976562,96100
2019-05-24,78.30999755859375,78.38999938964844,77.97000122070312,78.26000213623047,76.01322937011719,85500
2019-05-28,78.27999877929688,78.37000274658203,77.2300033569336,77.2300033569336,75.01280212402344,76600
2019-05-29,76.9000015258789,76.94000244140625,76.30999755859375,76.80999755859375,74.60485076904297,90500
2019-05-30,76.93000030517578,77.12999725341797,76.51000213623047,76.81999969482422,74.61457061767578,102900
2019-05-31,76.08999633789062,76.16000366210938,75.72000122070312,75.80000305175781,73.62385559082031,91800
2019-06-03,75.91000366210938,76.61000061035156,75.91000366210938,76.41999816894531,74.2260513305664,114200
2019-06-04,77.19999694824219,78.0,77.11000061035156,77.91000366210938,75.67328643798828,88000
2019-06-05,78.2300033569336,78.4800033569336,77.94000244140625,78.47000122070312,76.21719360351562,86000
2019-06-06,78.56999969482422,79.18000030517578,78.45999908447266,78.9000015258789,76.63485717773438,114400
2019-06-07,79.13999938964844,79.62999725341797,79.12000274658203,79.30999755859375,77.0330810546875,56800
2019-06-10,79.73999786376953,79.95999908447266,79.5999984741211,79.5999984741211,77.31475067138672,64000
2019-06-11,80.0199966430664,80.12000274658203,79.4800033569336,79.5999984741211,77.31475067138672,89800
2019-06-12,79.51000213623047,79.66000366210938,79.37999725341797,79.48999786376953,77.20791625976562,71000
2019-06-13,79.72000122070312,79.9000015258789,79.51000213623047,79.79000091552734,77.49929809570312,65500
2019-06-14,79.8499984741211,79.93000030517578,79.52999877929688,79.76000213623047,77.47016906738281,92900
2019-06-17,79.80999755859375,79.80999755859375,79.5,79.5199966430664,77.23704528808594,58000
2019-06-18,79.83999633789062,80.55000305175781,79.83999633789062,80.29000091552734,77.98495483398438,91300
2019-06-19,80.30000305175781,80.61000061035156,80.26000213623047,80.44000244140625,78.13064575195312,88000
2019-06-20,81.12000274658203,81.23999786376953,80.5199966430664,81.11000061035156,78.78141021728516,70000
2019-06-21,81.12000274658203,81.5,81.06999969482422,81.18000030517578,78.84940338134766,136000
2019-06-24,81.18000030517578,81.30999755859375,81.05999755859375,81.08999633789062,78.76197814941406,51100
2019-06-25,81.16999816894531,81.16999816894531,80.66999816894531,80.66999816894531,78.35403442382812,83500
2019-06-26,80.88999938964844,80.88999938964844,80.43000030517578,80.44000244140625,78.13064575195312,76100
2019-06-27,80.08000183105469,80.29000091552734,80.01000213623047,80.0999984741211,78.35858154296875,89800
2019-06-28,80.38999938964844,80.66000366210938,80.27999877929688,80.5,78.74988555908203,72600
2019-07-01,81.31999969482422,81.38999938964844,80.75,81.0999984741211,79.33684539794922,135000
2019-07-02,81.0999984741211,81.26000213623047,80.79000091552734,81.26000213623047,79.49337005615234,109200
2019-07-03,81.55000305175781,81.88999938964844,81.38999938964844,81.88999938964844,80.10967254638672,68900
2019-07-05,81.56999969482422,81.80999755859375,81.25,81.75,79.97270965576172,68000
2019-07-08,81.41000366210938,81.61000061035156,81.2300033569336,81.4000015258789,79.63031768798828,68800
2019-07-09,81.0999984741211,81.3499984741211,81.08000183105469,81.31999969482422,79.55205535888672,67500
2019-07-10,81.5,81.8499984741211,81.31999969482422,81.5199966430664,79.74771118164062,84000
2019-07-11,81.73999786376953,81.79000091552734,81.37999725341797,81.7300033569336,79.9531478881836,243500
2019-07-12,81.9000015258789,82.05999755859375,81.7699966430664,82.02999877929688,80.24662017822266,47000
2019-07-15,82.1500015258789,82.1500015258789,81.88999938964844,82.0,80.21726989746094,64600
2019-07-16,82.0199966430664,82.02999877929688,81.73999786376953,81.80000305175781,80.02162170410156,72400
2019-07-17,81.80999755859375,81.80999755859375,81.16000366210938,81.16000366210938,79.39553833007812,54000
2019-07-18,81.08999633789062,81.6500015258789,81.05999755859375,81.61000061035156,79.83575439453125,78000
2019-07-19,81.80999755859375,81.80999755859375,81.1500015258789,81.1500015258789,79.38574981689453,66900
2019-07-22,81.2300033569336,81.30000305175781,80.91999816894531,81.12000274658203,79.35641479492188,103400
2019-07-23,81.45999908447266,81.80999755859375,81.3499984741211,81.7699966430664,79.99227142333984,100300
2019-07-24,81.61000061035156,82.02999877929688,81.51000213623047,82.02999877929688,80.24662017822266,68100
2019-07-25,82.01000213623047,82.0199966430664,81.55999755859375,81.69999694824219,79.92378997802734,57600
2019-07-26,81.83000183105469,82.20999908447266,81.7300033569336,82.18000030517578,80.39335632324219,53200
2019-07-29,82.16000366210938,82.3499984741211,82.11000061035156,82.19000244140625,80.40314483642578,386500
2019-07-30,81.86000061035156,82.0,81.69999694824219,81.94999694824219,80.1683578491211,67200
2019-07-31,81.97000122070312,82.01000213623047,80.66000366210938,81.16999816894531,79.40531158447266,136100
2019-08-01,81.18000030517578,81.7699966430664,80.12999725341797,80.29000091552734,78.54444885253906,105200
2019-08-02,80.08000183105469,80.23999786376953,79.4000015258789,79.83999633789062,78.10423278808594,85100
2019-08-05,78.86000061035156,78.97000122070312,77.19999694824219,77.80999755859375,76.11837005615234,131600
2019-08-06,78.1500015258789,78.66000366210938,77.62000274658203,78.66000366210938,76.94989776611328,273200
2019-08-07,77.80000305175781,78.58999633789062,76.93000030517578,78.37000274658203,76.66619873046875,132700
2019-08-08,78.69000244140625,79.61000061035156,78.69000244140625,79.5999984741211,77.86945343017578,264000
2019-08-09,79.45999908447266,79.5999984741211,78.69999694824219,79.2699966430664,77.54661560058594,198100
2019-08-12,78.86000061035156,78.93000030517578,78.02999877929688,78.30999755859375,76.60749816894531,73700
2019-08-13,78.25,79.66000366210938,78.16000366210938,79.22000122070312,77.49771881103516,94900
2019-08-14,78.12999725341797,78.20999908447266,76.95999908447266,77.0,75.32598114013672,109300
2019-08-15,77.08999633789062,77.37000274658203,76.47000122070312,77.06999969482422,75.39445495605469,85300
2019-08-16,77.47000122070312,78.30999755859375,77.47000122070312,78.16000366210938,76.46075439453125,49800
2019-08-19,78.98999786376953,79.1500015258789,78.83000183105469,78.97000122070312,77.2531509399414,58900
2019-08-20,78.83000183105469,78.83000183105469,78.12999725341797,78.19000244140625,76.4901123046875,55300
2019-08-21,78.87999725341797,78.87999725341797,78.54000091552734,78.69000244140625,76.97923278808594,53500
2019-08-22,78.87999725341797,78.98999786376953,78.4000015258789,78.7300033569336,77.01837158203125,99700
2019-08-23,78.31999969482422,78.69999694824219,76.41000366210938,76.80999755859375,75.14009857177734,146600
2019-08-26,77.38999938964844,77.58999633789062,77.06999969482422,77.55999755859375,75.87379455566406,80100
2019-08-27,77.94000244140625,78.06999969482422,77.04000091552734,77.1500015258789,75.47271728515625,99600
2019-08-28,77.0,77.9000015258789,76.95999908447266,77.87999725341797,76.18684387207031,73800
2019-08-29,78.4800033569336,78.8499984741211,78.20999908447266,78.72000122070312,77.00858306884766,57800
2019-08-30,79.1500015258789,79.25,78.7300033569336,78.87000274658203,77.15531921386719,66200
2019-09-03,78.41000366210938,78.62999725341797,78.0,78.55999755859375,76.85205841064453,56900
2019-09-04,79.20999908447266,79.3499984741211,79.06999969482422,79.3499984741211,77.6248779296875,55100
2019-09-05,80.0,80.5199966430664,80.0,80.13999938964844,78.397705078125,112300
2019-09-06,80.33999633789062,80.47000122070312,80.16999816894531,80.37999725341797,78.63248443603516,54500
2019-09-09,80.62000274658203,80.91000366210938,80.54000091552734,80.81999969482422,79.06292724609375,53600
2019-09-10,80.75,81.30000305175781,80.73999786376953,81.30000305175781,79.53250122070312,63100
2019-09-11,81.45999908447266,81.9000015258789,81.12999725341797,81.86000061035156,80.08031463623047,132000
2019-09-12,81.95999908447266,82.19000244140625,81.6500015258789,81.94000244140625,80.15857696533203,86700
2019-09-13,82.1500015258789,82.36000061035156,82.02999877929688,82.13999938964844,80.35423278808594,70800
2019-09-16,81.88999938964844,81.94000244140625,81.6500015258789,81.79000091552734,80.0118408203125,116500
2019-09-17,81.66999816894531,81.83000183105469,81.58999633789062,81.77999877929688,80.0020523071289,69000
2019-09-18,81.66999816894531,81.87999725341797,81.29000091552734,81.87000274658203,80.09010314941406,147600
2019-09-19,81.88999938964844,82.19999694824219,81.7300033569336,81.83000183105469,80.05097198486328,178300
2019-09-20,82.12000274658203,82.20999908447266,81.66999816894531,81.66999816894531,79.89444732666016,170900
2019-09-23,81.3499984741211,81.87000274658203,81.3499984741211,81.72000122070312,79.943359375,70000
2019-09-24,82.02999877929688,82.02999877929688,80.91999816894531,81.18000030517578,79.41510772705078,86000
2019-09-25,81.22000122070312,81.48999786376953,80.98999786376953,81.43000030517578,79.65966796875,66400
2019-09-26,81.44000244140625,81.47000122070312,80.8499984741211,81.16000366210938,79.39553833007812,60200
2019-09-27,81.51000213623047,81.5999984741211,80.83000183105469,81.20999908447266,79.44445037841797,68300
2019-09-30,81.30000305175781,81.69999694824219,81.30000305175781,81.44000244140625,79.6694564819336,67100
2019-10-01,81.18000030517578,81.23999786376953,79.6500015258789,79.70999908447266,78.53152465820312,79100
2019-10-02,79.30000305175781,79.30000305175781,78.0199966430664,78.2699966430664,77.1128158569336,150000
2019-10-03,78.30000305175781,78.77999877929688,77.5,78.77999877929688,77.61527252197266,159100
2019-10-04,78.94999694824219,79.91000366210938,78.9000015258789,79.87999725341797,78.69900512695312,68300
2019-10-07,79.68000030517578,80.08000183105469,79.5199966430664,79.5199966430664,78.34432983398438,68400
2019-10-08,78.93000030517578,78.98999786376953,78.25,78.2699966430664,77.1128158569336,120600
2019-10-09,78.79000091552734,79.12999725341797,78.55999755859375,78.87999725341797,77.71379089355469,114200
2019-10-10,78.77999877929688,79.68000030517578,78.77999877929688,79.44000244140625,78.2655258178711,67400
2019-10-11,80.20999908447266,80.8499984741211,80.1500015258789,80.1500015258789,78.96502685546875,101500
2019-10-14,80.05000305175781,80.19999694824219,80.0,80.0999984741211,78.91575622558594,51600
2019-10-15,80.45999908447266,81.13999938964844,80.44000244140625,80.8499984741211,79.6546630859375,40000
2019-10-16,80.8499984741211,81.04000091552734,80.76000213623047,80.83000183105469,79.63496398925781,65500
2019-10-17,81.19000244140625,81.25,80.88999938964844,81.11000061035156,79.91082763671875,73600
2019-10-18,80.9000015258789,81.18000030517578,80.9000015258789,80.94000244140625,79.74334716796875,51300
2019-10-21,81.37999725341797,81.54000091552734,81.36000061035156,81.52999877929688,80.32461547851562,71700
2019-10-22,81.83999633789062,82.2300033569336,81.62000274658203,81.86000061035156,80.64973449707031,78400
2019-10-23,81.73999786376953,82.0199966430664,81.70999908447266,82.0199966430664,80.80736541748047,48200
2019-10-24,82.06999969482422,82.11000061035156,81.55999755859375,81.69999694824219,80.49209594726562,58100
2019-10-25,81.70999908447266,82.25,81.70999908447266,82.0999984741211,80.88618469238281,52300
2019-10-28,82.48999786376953,82.75,82.41999816894531,82.44999694824219,81.23101806640625,67700
2019-10-29,82.47000122070312,82.9000015258789,82.38999938964844,82.77999877929688,81.55613708496094,91500
2019-10-30,82.86000061035156,82.98999786376953,82.45999908447266,82.94000244140625,81.71377563476562,57800
2019-10-31,82.81999969482422,82.81999969482422,82.20999908447266,82.62999725341797,81.4083480834961,54800
2019-11-01,83.0199966430664,83.4800033569336,83.0199966430664,83.41000366210938,82.17682647705078,98700
2019-11-04,84.0,84.04000091552734,83.77999877929688,83.8499984741211,82.61031341552734,72100
2019-11-05,83.98999786376953,84.0999984741211,83.83000183105469,83.94999694824219,82.7088394165039,88400
2019-11-06,84.05999755859375,84.19999694824219,83.83999633789062,84.12000274658203,82.87632751464844,81700
2019-11-07,84.52999877929688,84.7699966430664,84.37999725341797,84.54000091552734,83.29011535644531,95500
2019-11-08,84.55000305175781,84.80000305175781,84.19999694824219,84.80000305175781,83.54627227783203,94700
2019-11-11,84.47000122070312,84.52999877929688,84.33999633789062,84.5,83.2507095336914,62200
2019-11-12,84.51000213623047,84.86000061035156,84.33999633789062,84.48999786376953,83.24085235595703,56300
2019-11-13,84.20999908447266,84.5999984741211,84.04000091552734,84.44000244140625,83.19159698486328,84300
2019-11-14,84.26000213623047,84.44999694824219,84.04000091552734,84.37000274658203,83.12263488769531,45100
2019-11-15,84.69999694824219,85.06999969482422,84.55999755859375,85.06999969482422,83.8122787475586,63700
2019-11-18,84.98999786376953,85.1500015258789,84.87000274658203,85.08999633789062,83.83197784423828,82300
2019-11-19,85.23999786376953,85.23999786376953,84.81999969482422,84.94000244140625,83.6842041015625,58500
2019-11-20,84.76000213623047,84.80999755859375,84.2699966430664,84.61000061035156,83.35908508300781,87800
2019-11-21,84.66000366210938,84.86000061035156,84.38999938964844,84.77999877929688,83.52656555175781,76500
2019-11-22,84.97000122070312,85.12999725341797,84.81999969482422,85.04000091552734,83.78272247314453,66900
2019-11-25,85.30000305175781,85.5199966430664,85.30000305175781,85.5,84.23592376708984,63600
2019-11-26,85.5199966430664,85.58999633789062,85.37000274658203,85.58000183105469,84.31474304199219,61600
2019-11-27,85.66999816894531,85.83000183105469,85.5,85.77999877929688,84.51177978515625,68400
2019-11-29,85.55000305175781,85.69999694824219,85.44000244140625,85.55000305175781,84.28518676757812,24000
2019-12-02,85.69999694824219,85.7300033569336,85.01000213623047,85.01000213623047,83.75316619873047,89800
2019-12-03,84.3499984741211,84.41999816894531,83.93000030517578,84.33000183105469,83.08322143554688,60700
2019-12-04,84.69999694824219,85.1500015258789,84.69999694824219,85.0199966430664,83.76301574707031,128000
2019-12-05,85.08999633789062,85.18000030517578,84.80000305175781,85.11000061035156,83.8516845703125,80700
2019-12-06,85.66999816894531,86.05999755859375,85.66999816894531,85.87999725341797,84.61029815673828,58600
2019-12-09,85.77999877929688,85.93000030517578,85.6500015258789,85.6500015258789,84.38370513916016,49700
2019-12-10,85.55999755859375,85.70999908447266,85.4000015258789,85.55999755859375,84.29503631591797,89600
2019-12-11,85.63999938964844,85.87000274658203,85.5999984741211,85.73999786376953,84.47236633300781,71000
2019-12-12,85.7699966430664,86.88999938964844,85.7699966430664,86.69999694824219,85.41817474365234,91800
2019-12-13,86.73999786376953,87.05999755859375,86.30000305175781,86.54000091552734,85.26054382324219,46100
2019-12-16,87.13999938964844,87.3499984741211,87.08000183105469,87.08000183105469,85.79256439208984,53100
2019-12-17,87.2699966430664,87.3499984741211,87.18000030517578,87.20999908447266,85.92063903808594,176400
2019-12-18,87.27999877929688,87.30000305175781,87.05000305175781,87.08999633789062,85.80240631103516,93600
2019-12-19,87.2699966430664,87.33000183105469,87.12999725341797,87.29000091552734,85.99945831298828,97700
2019-12-20,87.69999694824219,87.97000122070312,87.69999694824219,87.70999908447266,86.41324615478516,57400
2019-12-23,87.87000274658203,87.9000015258789,87.75,87.7699966430664,86.47235870361328,87900
2019-12-24,87.26000213623047,87.26000213623047,87.06999969482422,87.16000366210938,86.46145629882812,60300
2019-12-26,87.19999694824219,87.4000015258789,87.16000366210938,87.38999938964844,86.68960571289062,57700
2019-12-27,87.63999938964844,87.63999938964844,87.33000183105469,87.41000366210938,86.7094497680664,76200
2019-12-30,87.5199966430664,87.5199966430664,86.87000274658203,86.95999908447266,86.26305389404297,179500
2019-12-31,86.75,87.19999694824219,86.73999786376953,87.18000030517578,86.48129272460938,73000
2020-01-02,87.52999877929688,87.66999816894531,87.16999816894531,87.66999816894531,86.96736145019531,110200
2020-01-03,86.81999969482422,87.22000122070312,86.62000274658203,86.9800033569336,86.28289794921875,110900
2020-01-06,86.5,87.12999725341797,86.38999938964844,87.12999725341797,86.43168640136719,93900
2020-01-07,86.91000366210938,86.91000366210938,86.55999755859375,86.66000366210938,85.96546173095703,74600
2020-01-08,86.66999816894531,87.27999877929688,86.66999816894531,86.9000015258789,86.20353698730469,83700
2020-01-09,87.29000091552734,87.3499984741211,87.08999633789062,87.3499984741211,86.6499252319336,128900
2020-01-10,87.4800033569336,87.5199966430664,86.91999816894531,87.04000091552734,86.34241485595703,184300
2020-01-13,87.19999694824219,87.31999969482422,86.91000366210938,87.31999969482422,86.62017059326172,201900
2020-01-14,87.23999786376953,87.61000061035156,87.18000030517578,87.43000030517578,86.72928619384766,92800
2020-01-15,87.41999816894531,87.73999786376953,87.30000305175781,87.55000305175781,86.84832763671875,92800
2020-01-16,87.95999908447266,88.06999969482422,87.75,88.06999969482422,87.3641586303711,69000
2020-01-17,88.20999908447266,88.2699966430664,88.05999755859375,88.16000366210938,87.45343780517578,63500
2020-01-21,87.94999694824219,88.0999984741211,87.76000213623047,87.86000061035156,87.15583801269531,78800
2020-01-22,88.12000274658203,88.16000366210938,87.87999725341797,87.94000244140625,87.23519897460938,87600
2020-01-23,87.76000213623047,87.83999633789062,87.22000122070312,87.83999633789062,87.13599395751953,170000
2020-01-24,87.94000244140625,87.94000244140625,86.66999816894531,87.02999877929688,86.33248901367188,110500
2020-01-27,85.72000122070312,86.16999816894531,85.55999755859375,85.7699966430664,85.08258819580078,109500
2020-01-28,86.0999984741211,86.6500015258789,86.04000091552734,86.36000061035156,85.66786193847656,80800
2020-01-29,86.58000183105469,86.66999816894531,86.0,86.0199966430664,85.33058166503906,77700
2020-01-30,85.4800033569336,86.44000244140625,85.23999786376953,86.44000244140625,85.74722290039062,74700
2020-01-31,85.98999786376953,85.98999786376953,84.54000091552734,84.86000061035156,84.17988586425781,96000
2020-02-03,85.20999908447266,85.75,85.04000091552734,85.0999984741211,84.41796112060547,56100
2020-02-04,86.16000366210938,86.47000122070312,86.05999755859375,86.05999755859375,85.3702621459961,101200
2020-02-05,86.80999755859375,87.68000030517578,86.55999755859375,87.68000030517578,86.97728729248047,90800
2020-02-06,88.08000183105469,88.08000183105469,87.63999938964844,87.76000213623047,87.056640625,55300
2020-02-07,87.47000122070312,87.52999877929688,87.13999938964844,87.29000091552734,86.59040832519531,105200
2020-02-10,87.05000305175781,87.5199966430664,87.05000305175781,87.5199966430664,86.81856536865234,52700
2020-02-11,87.91000366210938,88.05000305175781,87.75,87.83000183105469,87.12608337402344,59700
2020-02-12,88.19000244140625,88.37000274658203,87.93000030517578,88.16000366210938,87.45343780517578,62900
2020-02-13,87.87000274658203,88.11000061035156,87.62999725341797,87.9000015258789,87.19551849365234,48800
2020-02-14,87.93000030517578,87.93000030517578,87.44000244140625,87.79000091552734,87.0864028930664,58900
2020-02-18,87.63999938964844,87.66999816894531,87.01000213623047,87.29000091552734,86.59040832519531,96300
2020-02-19,87.47000122070312,87.75,87.45999908447266,87.55999755859375,86.85824584960938,149400
2020-02-20,87.5,87.69000244140625,86.86000061035156,87.48999786376953,86.78880310058594,84100
2020-02-21,87.12000274658203,87.23999786376953,86.80000305175781,87.1500015258789,86.45153045654297,88200
2020-02-24,84.93000030517578,85.45999908447266,84.37000274658203,84.52999877929688,83.85253143310547,121700
2020-02-25,84.72000122070312,84.72000122070312,81.62999725341797,81.91999816894531,81.26344299316406,142100
2020-02-26,82.20999908447266,82.93000030517578,81.19999694824219,81.29000091552734,80.63849639892578,168600
2020-02-27,80.05000305175781,80.75,77.7699966430664,77.7699966430664,77.1467056274414,323100
2020-02-28,75.51000213623047,76.8499984741211,74.43000030517578,76.8499984741211,76.23407745361328,379200
2020-03-02,77.08000183105469,80.12000274658203,76.37000274658203,80.12000274658203,79.47787475585938,392600
2020-03-03,80.23999786376953,81.23999786376953,77.1500015258789,77.7699966430664,77.1467056274414,183300
2020-03-04,79.45999908447266,81.33999633789062,78.87000274658203,81.33999633789062,80.68809509277344,234800
2020-03-05,79.18000030517578,79.94999694824219,78.0,78.7300033569336,78.09901428222656,183400
2020-03-06,76.26000213623047,77.69000244140625,75.93000030517578,77.48999786376953,76.86894989013672,136000
2020-03-09,72.16999816894531,74.55000305175781,70.81999969482422,71.58000183105469,71.00631713867188,280600
2020-03-10,74.04000091552734,74.70999908447266,70.94999694824219,74.62999725341797,74.03186798095703,245000
2020-03-11,72.66000366210938,72.95999908447266,70.16000366210938,70.93000030517578,70.36152648925781,378600
2020-03-12,66.3499984741211,68.12999725341797,63.83000183105469,63.93999862670898,63.427547454833984,983800
2020-03-13,67.88999938964844,70.08999633789062,64.4800033569336,70.08000183105469,69.51834106445312,613900
2020-03-16,62.5099983215332,66.79000091552734,62.0,62.79999923706055,62.29668426513672,414700
2020-03-17,63.880001068115234,66.83000183105469,62.2599983215332,66.29000091552734,65.75871276855469,893700
2020-03-18,62.83000183105469,64.2699966430664,59.68999862670898,62.68999862670898,62.18756484985352,451000
2020-03-19,62.09999847412109,63.45000076293945,60.27000045776367,62.27000045776367,61.77093505859375,486200
2020-03-20,62.900001525878906,62.900001525878906,59.220001220703125,59.34999847412109,58.87433624267578,315600
2020-03-23,59.02000045776367,59.02000045776367,56.0,56.93999862670898,56.48365020751953,378900
2020-03-24,59.95000076293945,62.290000915527344,59.650001525878906,62.16999816894531,61.67173385620117,598000
2020-03-25,62.7400016784668,65.61000061035156,61.25,63.2599983215332,62.75299835205078,759400
2020-03-26,63.59000015258789,67.26000213623047,63.59000015258789,67.01000213623047,67.01000213623047,505700
2020-03-27,64.87000274658203,66.93000030517578,64.47000122070312,64.95999908447266,64.95999908447266,283300
2020-03-30,65.75,67.37999725341797,65.12000274658203,67.25,67.25,245700
2020-03-31,67.12000274658203,67.44000244140625,65.66000366210938,66.01000213623047,66.01000213623047,376200
2020-04-01,63.540000915527344,64.23999786376953,62.630001068115234,63.16999816894531,63.16999816894531,281600
2020-04-02,54.81613535163829,56.61409736006715,54.51213008065587,56.57935333251953,,183600
2020-04-03,56.46643616614385,56.84860718828642,55.07670498419554,55.788944244384766,,231700
2020-04-06,57.77798266955063,59.35011817257135,57.4652997281112,58.86370849609375,,253200
2020-04-07,60.96569014477789,61.10465963068194,58.95926393555689,59.04612731933594,,292600
2020-04-08,59.79309002600139,61.48682630526336,59.08954180522411,61.191505432128906,,354100
2020-04-09,62.25118683903796,63.241368460559805,61.79084005687817,62.32067489624024,,218100
2020-04-13,62.311987742106176,62.311987742106176,60.687745808878674,61.382606506347656,,268400
2020-04-14,62.46832221295318,62.91130022444451,61.96454381766852,62.70284271240234,,261800
2020-04-15,61.26099942268442,61.46077591155713,60.65299554654182,61.11334228515625,,205700
2020-04-16,61.30443701035148,61.32180571130756,60.47928123990135,61.17414855957031,,401000
2020-04-17,62.850498105474735,63.35427648685109,62.19906259992607,63.29347610473633,,311800
2020-04-20,62.09483327787888,63.05027073622976,61.981920170887975,62.00797653198242,,167200
2020-04-21,60.8093512582503,61.313123148842045,60.2187159754133,60.34031677246094,,136200
2020-04-22,61.3739305752236,61.56501280987126,60.991752852435326,61.252323150634766,,120600
2020-04-23,61.530248396573285,62.26854723044752,61.24362182617188,61.24362182617188,,149800
2020-04-24,61.764775373214285,62.19906573211651,61.15677152144916,61.99060821533203,,103500
2020-04-27,62.364088755841394,63.44112682751712,62.320657075822666,63.16318130493164,,125300
2020-04-28,64.17074878980623,64.29234957483388,63.18925484587,63.2761116027832,,95900
2020-04-29,64.56161283492787,64.92641518265897,64.02309035012554,64.41395568847656,,141400
2020-04-30,63.93623488346599,63.93623488346599,63.006853668328525,63.2761116027832,,133600
2020-05-01,62.26853859207944,62.33801999623045,61.27835734543645,61.49550247192383,,84000
2020-05-04,60.99175013185817,61.40866524107908,60.58351606013415,61.33918380737305,,153300
2020-05-05,62.01666848080407,62.424902504151454,61.68660354614258,61.68660354614258,,127400
2020-05-06,62.042712218954605,62.25116970644447,60.791954040527344,60.791954040527344,,107800
2020-05-07,61.52158061237915,61.886382963640585,61.12203423336723,61.18283462524414,,112000
2020-05-08,62.03404422769785,62.58125441764504,61.860330704164674,62.53782272338867,,308400
2020-05-11,62.05144267053247,62.53784601900965,61.80824099629388,62.18172454833984,,99600
2020-05-12,62.45964525101036,62.61598342518014,61.05254204277492,61.06122970581055,,149900
2020-05-13,60.87015016918825,60.87015016918825,59.37618998283176,59.81916809082031,,154600
2020-05-14,59.141665901039424,60.69642639160156,58.75080717581114,60.69642639160156,,202400
2020-05-15,60.21870970368519,60.84408895293828,60.01893319977266,60.687744140625,,140900
2020-05-18,62.29460709736964,63.16318777273342,62.2859194351275,62.85049819946289,,123900
2020-05-19,62.7636468500773,62.7636468500773,61.695289611816406,61.695289611816406,,120300
2020-05-20,62.48569570713055,62.93735474111294,62.34671961867773,62.67678451538086,,124600
2020-05-21,62.5117575968621,62.807071870831095,62.051410859942656,62.22512435913086,,138700
2020-05-22,62.173011871900734,62.25986862182617,61.773465520847495,62.25986862182617,,89400
2020-05-26,63.86673654609112,64.21417014456053,63.60616631729759,63.6756477355957,,115700
2020-05-27,64.79612524607666,65.12619018554688,64.13600199388169,65.12619018554688,,113700
2020-05-28,65.76025527521013,65.82105566956348,64.73532960843517,64.87430572509766,,175500
2020-05-29,64.51819341701457,65.01328430504186,63.79726962120821,64.91773986816406,,194000
2020-06-01,64.74400594879953,65.16960863483578,64.56160479764112,64.96115112304688,,109200
2020-06-02,65.16090761499214,65.51702880859375,65.03062583854614,65.51702880859375,,100700
2020-06-03,66.17716377221538,66.91545602087758,66.12504442551058,66.69831085205078,,242000
2020-06-04,66.45511947862,67.09786742108074,66.42037545108893,67.05443572998047,,129700
2020-06-05,69.00873618264966,69.58200264391535,68.65262153010934,68.93925476074219,,222000
2020-06-08,69.55595548080974,70.07710266113281,69.24326584726671,70.07710266113281,,340900
2020-06-09,69.22588831817802,69.24326364545898,68.67868479025074,68.83502960205078,,251700
2020-06-10,68.76553377387768,68.76553377387768,67.60163879394531,67.60163879394531,,171400
2020-06-11,65.6647092636384,65.91659849893793,63.23268692157525,63.25874328613281,,224100
2020-06-12,65.16961981433774,65.16961981433774,63.024224064463496,64.22286987304688,,136700
2020-06-15,62.71152757223963,64.93509880101254,62.47701368523477,64.60503387451172,,184300
2020-06-16,66.70700168018675,66.70700168018675,64.81349545308198,65.92527770996094,,264200
2020-06-17,66.0208190708021,66.0208190708021,65.02194996756064,65.19566345214844,,118200
2020-06-18,64.69188973452225,65.31726223612219,64.6050263681176,65.22171783447266,,162100
2020-06-19,66.02082344701331,66.02950448309686,64.49211949968041,64.73532104492188,,169600
2020-06-22,64.46606121333673,64.79611949677569,64.13599630315287,64.62240600585938,,121700
2020-06-23,65.25648722636535,65.36940699589499,64.7613963284,64.7874526977539,,151000
2020-06-24,64.32709131986519,64.32709131986519,62.70284948032352,63.041595458984375,,264600
2020-06-25,62.81934711810525,63.74676148784621,62.48687277791942,63.73801040649414,,138500
2020-06-26,63.396796919473616,63.396796919473616,62.04941730960537,62.259403228759766,,153500
2020-06-29,62.75811807951813,63.2918140189437,62.48688789295002,63.2830696105957,,299800
2020-06-30,63.27429903949351,64.3329528590664,63.16056168991122,64.06172943115234,,163200
2020-07-01,64.21923243426265,64.59544890525484,63.8780136204698,64.02674865722656,,132000
2020-07-02,64.83167606677154,65.18164597076624,64.19298716646787,64.30672454833984,,127000
2020-07-06,65.20789679793809,65.26038995066838,64.70044073780818,64.98041534423828,,141300
2020-07-07,64.54295659512411,64.61295191767071,64.11424692598855,64.18424224853516,,273500
2020-07-08,64.35922078523369,64.56045565909898,63.85177140897361,64.39421844482422,,132800
2020-07-09,64.41172906136183,64.41172906136183,62.85436304334111,63.31807708740234,,105100
2020-07-10,63.31805218722556,64.52544108862054,63.31805218722556,64.42919921875,,111000
2020-07-13,64.84916700397434,65.54910001564228,64.56044138254053,64.69168090820312,,224000
2020-07-14,64.61292654685289,65.76782221490673,64.25421234111613,65.61908721923828,,227400
2020-07-15,66.51152037192966,66.58151568436001,66.10905733813576,66.36278533935547,,200600
2020-07-16,66.23153949560793,66.6777512259953,65.98656260053089,66.4940185546875,,133000
2020-07-17,66.72150161183087,66.87023663393369,66.47652471069213,66.60775756835938,,125000
2020-07-20,66.49403874023487,66.60777614029934,66.01282921088183,66.0915756225586,,104700
2020-07-21,66.529035645177,67.16772464035765,66.529035645177,66.87025451660156,,175500
2020-07-22,66.76523713751551,67.23769540423181,66.63400429269372,67.20269775390625,,131000
2020-07-23,67.15022766719432,67.45644886876306,66.84400646562555,67.04523468017578,,154500
2020-07-24,66.80901264406458,66.98399429070008,66.15282145649856,66.35404968261719,,91400
2020-07-27,66.34529910414453,66.40654334228472,65.95158042313936,66.32779693603516,,127400
2020-07-28,66.18781100702864,66.73025805017443,66.18781100702864,66.38029479980469,,527000
2020-07-29,66.63400730701167,67.15895873540389,66.33653060334701,66.99272155761719,,101100
2020-07-30,66.40653407840453,66.51152037192966,65.79408510731957,66.36278533935547,,89800
2020-07-31,66.1265643617778,66.15281093708728,65.27788949279316,66.10906219482422,,286700
2020-08-03,66.36278533935547,66.55526911097874,66.01281545232412,66.36278533935547,,156400
2020-08-04,66.2403117338675,66.67777252197266,66.11782324720781,66.67777252197266,,154900
2020-08-05,67.0452375853639,67.24647248375555,67.01023992150789,67.1414794921875,,122100
2020-08-06,67.04522380288782,67.20270992030459,66.83524453803896,67.11521911621094,,142600
2020-08-07,67.01898255225257,67.92890167236328,66.95773831701055,67.92890167236328,,201600
2020-08-10,67.99889972144632,68.55009786075546,67.99889972144632,68.4801025390625,,152900
2020-08-11,69.15380776565095,69.52127325528588,68.39262352987366,68.5588607788086,,197900
2020-08-12,69.19753686329797,69.26753218394367,68.86506910291264,69.12754821777344,,133800
2020-08-13,68.6550888747219,68.76882626287076,68.36636318735817,68.53260040283203,,244600
2020-08-14,68.2788801266185,68.87382706124781,68.25263354753693,68.67259216308594,,92300
2020-08-17,68.79508213569444,68.79508213569444,68.43636775529046,68.49761199951172,,102000
2020-08-18,68.48884287917127,68.62883350059677,68.21761939405965,68.24386596679688,,91900
2020-08-19,68.32260583515719,68.6550802242133,67.92889389299314,68.08638000488281,,172700
2020-08-20,67.61393266123932,67.88515619103991,67.58768608417749,67.71017456054688,,92900
2020-08-21,67.73641480233012,67.85890326724335,67.5089400389888,67.8414077758789,,87900
2020-08-24,68.13887094765126,68.7513198852539,67.93764277931554,68.7513198852539,,600700
2020-08-25,69.13629952718549,69.18004827573603,68.45386177057696,68.67259216308594,,91800
2020-08-26,68.70759602710422,68.70759602710422,68.15639779128507,68.55010986328125,,130500
2020-08-27,68.69007425599725,69.33751415955766,68.69007425599725,69.07503509521484,,161500
2020-08-28,69.4075438429583,69.61752319335938,68.99632955354396,69.61752319335938,,94700
2020-08-31,69.50374642426648,69.50374642426648,69.03128814697266,69.03128814697266,,104100
2020-09-01,68.90881073086473,68.9700549613247,68.62883615231614,68.95255279541016,,126200
2020-09-02,69.1100408858391,70.36992986283248,69.06629882004502,70.14244842529297,,116300
2020-09-03,70.29993385530841,70.86863410599794,68.45384914890795,68.93505859375,,173600
2020-09-04,69.39000235360784,69.6524813992311,68.13012028992658,68.88255310058594,,164900
2020-09-08,68.62009372437754,68.62009372437754,67.54393733899357,67.71017456054688,,178900
2020-09-09,68.26137037539858,69.05755211975831,68.1826306468994,68.52384948730469,,127700
2020-09-10,68.69882867007534,68.74257741221177,67.36895101565074,67.50894165039062,,160900
2020-09-11,67.7967212990552,68.20158213537907,67.47107601488685,67.94634246826172,,125200
2020-09-14,68.43921854090623,69.09931901024204,68.28959066454098,68.70325469970703,,101800
2020-09-15,69.08174264902286,69.16975474027707,68.5184572071254,68.61527252197266,,117000
2020-09-16,68.8969272868997,69.62744053030681,68.75610925925479,68.97614288330078,,159300
2020-09-17,68.24558799551879,68.91449168461472,68.04315423037121,68.70325469970703,,118900
2020-09-18,68.67686646035065,68.83529087550853,67.97276317123062,68.29840850830078,,99400
2020-09-21,67.3478733607302,67.3478733607302,66.04527836327271,66.89900970458984,,141500
2020-09-22,66.78458990173182,67.20705733062753,66.50294718743201,66.84619903564453,,94700
2020-09-23,67.048615861392,67.23344321620489,65.62279620511931,65.63159942626953,,430100
2020-09-24,65.57000853225763,66.32692460418379,65.0595290019089,65.74603271484375,,696700
2020-09-25,65.45558736152384,66.59096136319586,65.37637178634641,66.4765396118164,,255200
2020-09-28,67.16305355936898,67.73514225931626,67.16305355936898,67.38308715820312,,153900
2020-09-29,67.4446864556402,67.4446864556402,66.67017071812394,66.88140106201172,,136600
2020-09-30,67.03982417263732,68.03438017209982,67.03102766486418,67.50629425048828,,254100
2020-10-01,67.76153797149655,67.85835328182314,67.08383751410216,67.46229553222656,,108100
2020-10-02,66.51176333838652,67.84076830240662,66.51176333838652,67.37429809570312,,105700
2020-10-05,67.88475584725164,68.45684448274909,67.85835289274883,68.412841796875,,107500
2020-10-06,68.5888527580389,69.07292921364983,67.67351246054126,67.726318359375,,110000
2020-10-07,68.33363141730642,69.09054750680161,68.33363141730642,68.87051391601562,,89700
2020-10-08,69.19614486257142,69.6538116367339,69.19614486257142,69.60980224609375,,87600
2020-10-09,69.99707145793228,70.18189883310583,69.60981026334522,69.84745025634766,,101800
2020-10-12,69.96187273651054,70.53396136720862,69.90906682794791,70.3227310180664,,132400
2020-10-13,70.18190429154349,70.31392577404722,69.54820654743882,69.82984924316406,,128200
2020-10-14,69.7242356437243,69.99707510965858,69.31057147608756,69.40738677978516,,161800
2020-10-15,68.76488342030682,69.54820233013362,68.65046839035037,69.5394058227539,,109200
2020-10-16,69.77704967984717,70.1379079838384,69.63623167662796,69.812255859375,,112400
2020-10-19,69.98826367278762,70.05867601537479,68.67686568783205,68.8440933227539,,102700
2020-10-20,69.15216709658026,69.5570281590377,68.84412136589452,68.97614288330078,,86800
2020-10-21,68.89689576133595,69.1785384026462,68.65045928955078,68.65045928955078,,98000
2020-10-22,68.68567003732538,69.61861008980884,68.68567003732538,69.49539184570312,,98700
2020-10-23,69.81224417565994,69.83864712716401,69.22255587576566,69.53060150146484,,80900
2020-10-26,68.7913022755416,68.82650173954428,67.61191878469069,68.28082275390625,,149500
2020-10-27,68.14879396557885,68.14879396557885,67.30386590724203,67.33026885986328,,91900
2020-10-28,66.14207998700587,66.59974677157446,65.27954560103498,65.32355499267578,,173400
2020-10-29,65.24435386451407,66.2741161086628,64.67227193596597,65.71083068847656,,231300
2020-10-30,65.45557416924568,65.79882592442014,64.84827950321848,65.78121948242188,,189200
2020-11-02,66.57337100729359,67.0398412036481,66.06289140132736,66.96063232421875,,105100
2020-11-03,67.73512716776135,68.56245546381255,67.73512716776135,68.09598541259766,,128800
2020-11-04,68.2544064131919,69.68021944690777,68.00796320925848,68.54484558105469,,158600
2020-11-05,69.3545727755975,70.09388222853251,69.30176016118031,69.48658752441406,,189200
2020-11-06,69.6186070721384,69.78583470255784,69.27535530488089,69.38097381591797,,178900
2020-11-09,73.10396262211178,73.73766047755687,72.04780400629842,72.10941314697266,,241600
2020-11-10,72.4878682627989,73.29759028293378,72.14461639089623,73.19197845458984,,501200
2020-11-11,73.67604688695157,73.67604688695157,72.61988833492872,72.9455337524414,,363500
2020-11-12,72.36464068378149,72.5230651208239,71.56371527570829,72.06539154052734,,120800
2020-11-13,72.50544420480367,73.52640297640583,72.50544420480367,73.3415756225586,,133600
2020-11-16,74.58258215761634,74.58258215761634,73.84327253450849,74.51217651367188,,160200
2020-11-17,73.92247570831498,74.33613989100324,73.54401770233333,74.13371276855469,,166100
2020-11-18,74.38894988716785,74.54737433360913,73.2271728515625,73.2271728515625,,148700
2020-11-19,73.15677524488237,73.3944085832005,72.73430776967017,73.306396484375,,288300
2020-11-20,73.18317599288456,73.45601550547157,72.91913298948953,72.96314239501953,,160600
2020-11-23,73.52641286528603,73.9488735266439,73.3151825346071,73.84326171875,,274600
2020-11-24,74.71459113128576,75.48031029680973,74.60017610351868,75.418701171875,,397200
2020-11-25,75.22508143719047,75.22508143719047,74.64418956259206,74.89942932128906,,107400
2020-11-27,75.11064676669392,75.16345938296486,74.72339229842162,74.92581939697266,,74600
2020-11-30,74.66179678120524,74.69700296017142,73.99289281063207,74.1865234375,,95100
2020-12-01,75.08425562202747,75.65634426486535,74.82901586707234,74.890625,,292200
2020-12-02,74.74981025240716,75.47152014731935,74.69700434042817,75.40110778808594,,102400
2020-12-03,75.4186952682073,75.80594971681575,75.21626146504454,75.51551055908203,,106200
2020-12-04,75.77075737836829,76.45726776123047,75.77075737836829,76.45726776123047,,149200
2020-12-07,76.12281966411403,76.12281966411403,75.63874979029356,75.89398956298828,,103200
2020-12-08,75.48031195157752,76.37804589386353,75.40989960299673,76.31643676757812,,101700
2020-12-09,76.54528468206354,76.77412149080637,76.00840219706619,76.35165405273438,,116100
2020-12-10,76.09639806158627,76.22841952751267,75.79715567271776,76.02598571777344,,218500
2020-12-11,75.77074776440422,76.09639982592097,75.47150536859762,75.9643783569336,,115300
2020-12-14,76.64210837623872,76.64210837623872,75.08426666259766,75.08426666259766,,152800
2020-12-15,75.67395067007664,76.2284328661231,75.33949533588732,76.07881164550781,,147800
2020-12-16,76.20202838497092,76.20202838497092,75.80596392582072,75.99079132080078,,134500
2020-12-17,76.26362609863281,76.33403844281423,76.01718960888857,76.26362609863281,,166300
2020-12-18,76.39566121065663,76.39566121065663,75.49792044922044,76.0083999633789,,181100
2020-12-21,75.08425359746684,75.84116961867834,74.57378081621279,75.58592987060547,,117900
2020-12-22,75.59472479342699,75.59472479342699,74.98743005555808,75.01383972167969,,105500
2020-12-23,75.36589435251294,75.95558941070396,75.36589435251294,75.63874053955078,,134700
2020-12-24,75.79925964624195,75.8169937133789,75.43564699155287,75.8169937133789,,75600
2020-12-28,76.313638851103,76.57969046652764,76.02984640162929,76.1185302734375,,165900
2020-12-29,76.4555237289858,76.49099862724309,75.87020482310317,76.00322723388672,,242000
2020-12-30,76.23382667346432,76.50874873492002,76.15401321025968,76.29590606689453,,144400
2020-12-31,76.30475456096927,77.05857748350371,76.07417112327416,76.99649810791016,,129000
2021-01-04,77.15614136917839,77.15614136917839,75.27601227011712,76.07418060302734,,173000
2021-01-05,75.94114499651778,76.9078173307631,75.86133155305029,76.54420471191406,,146300
2021-01-06,76.7482047108259,78.72588170170663,76.7482047108259,78.30906677246094,,164700
2021-01-07,78.832296782667,79.22251394189982,78.592849649776,78.91211700439453,,394500
2021-01-08,79.14268807478625,79.14268807478625,78.27357671176664,79.03627014160156,,144200
2021-01-11,78.5130151437516,79.35552869643526,78.5130151437516,79.26683807373047,,133000
2021-01-12,79.37327169688871,79.62158922967002,79.09834968075872,79.44422149658203,,145700
2021-01-13,79.54177521061993,79.75461784203202,79.22250788042918,79.55950927734375,,195500
2021-01-14,79.69252317895965,80.24237386800266,79.55949402252976,79.8787612915039,,148500
2021-01-15,79.18702753792095,79.32892036039426,78.53962250560426,79.07173919677734,,188300
2021-01-19,79.55063764206399,79.6659327555107,79.31119053116228,79.40874481201172,,133600
2021-01-20,79.65707962794988,79.68368411647484,79.22252386103348,79.53292083740234,,135100
2021-01-21,79.38213802336719,79.68366450731025,79.05400029130125,79.1692886352539,,222800
2021-01-22,78.62832484289194,78.88550604481482,78.31792113809283,78.68153381347656,,431400
2021-01-25,78.37998958573587,78.72586137855158,77.9809088297623,78.69925689697266,,163200
2021-01-26,79.07174695945189,79.08061061000208,78.43321228027344,78.43321228027344,,268000
2021-01-27,77.67939324053557,77.67939324053557,76.21609229193115,76.5264892578125,,181800
2021-01-28,77.00535812812306,78.30903160574515,76.9432787609098,77.53746795654297,,156200
2021-01-29,77.25368141937406,77.44878994993299,75.99435315176801,76.22492980957031,,486900
2021-02-01,76.91668468813165,77.05857750403565,76.33135906139835,76.67723083496094,,121400
2021-02-02,77.4399428089643,78.19376591310646,77.37786341841486,77.67938995361328,,139900
2021-02-03,77.68823825419402,78.0784553214979,77.51974096561258,77.97203063964844,,148800
2021-02-04,78.03410799228543,78.80567169189453,77.94542414277892,78.80567169189453,,87500
2021-02-05,79.34666119204392,79.34666119204392,78.92096919233441,79.07173919677734,,105900
2021-02-08,79.39100570449193,79.76348876953125,79.34666715432567,79.76348876953125,,176100
2021-02-09,79.4974217964917,79.83442315907722,79.32005408274028,79.70140075683594,,159700
2021-02-10,80.05613618433877,80.05613618433877,79.32891773212665,79.70140075683594,,86300
2021-02-11,79.89651010437065,79.90538052074191,79.15155751666934,79.67479705810547,,94000
2021-02-12,79.54177055624973,80.07388048671626,79.54177055624973,80.06501007080078,,164200
2021-02-16,80.35766961814753,80.41087857917717,79.96745252754458,80.1093521118164,,138600
2021-02-17,80.03841010192666,80.5350451628774,79.86104237048575,80.5173110961914,,278500
2021-02-18,80.08274685003633,80.25124414703457,79.78121361947267,80.13595581054688,,107700
2021-02-19,80.28673175645083,80.43749501253431,80.08275953143097,80.1270980834961,,108900
2021-02-22,79.88764961419255,80.84545163581994,79.88764961419255,80.6148681640625,,109100
2021-02-23,80.77450098341193,81.16471135518444,80.38428384549401,80.96073913574219,,210700
2021-02-24,81.04941548454556,82.20232595808508,81.00507017166143,82.00721740722656,,285500
2021-02-25,82.05155095305282,82.1136303276201,80.49069617360593,80.739013671875,,150600
2021-02-26,80.87204755951124,80.87204755951124,79.4885536415553,79.59497833251953,,163000
2021-03-01,80.65034392109385,81.74116837440764,80.65034392109385,81.31548309326172,,111100
2021-03-02,81.31546651044206,81.61699295925077,81.09375349826715,81.13809204101562,,142700
2021-03-03,81.16470392942264,81.75002958274806,81.0316815228894,81.0494155883789,,155000
2021-03-04,80.96961298614909,81.51945704982909,79.43535561929838,80.27786254882812,,243900
2021-03-05,81.14695812516116,82.33533655924509,80.38426486269329,82.05154418945312,,338600
2021-03-08,82.52160067308412,83.83413815207716,82.35309658837262,82.93841552734375,,302000
2021-03-09,83.10691488726265,83.62129076261046,82.72556818880065,82.7433090209961,,163800
2021-03-10,82.98274688085313,84.01149851692917,82.98274688085313,83.75431060791016,,193800
2021-03-11,83.83413474102848,84.17114289673925,83.40844948748715,83.62129211425781,,278300
2021-03-12,83.95830270499158,84.29531089763579,83.88735289957745,84.2686996459961,,131500
2021-03-15,84.37511008292755,84.4105849796344,83.62128713480494,84.33076477050781,,264100
2021-03-16,84.25095121604451,84.25095121604451,83.7720502603528,83.94942474365234,,150900
2021-03-17,84.04698210248569,84.25983150739208,83.5503470233284,84.16227722167969,,179600
2021-03-18,84.23321120888748,84.88060942036475,83.78091476605998,83.95828247070312,,150000
2021-03-19,83.8962097504386,83.99376402557165,83.10691189974007,83.57694244384766,,407500
2021-03-22,83.36410942902816,83.89621941258008,83.1867416898927,83.70111083984375,,149200
2021-03-23,83.24879960178953,83.69222560139525,82.72555340386,82.92066192626953,,139600
2021-03-24,83.30204041167116,83.90510027239363,83.06259325742161,83.07145690917969,,158300
2021-03-25,83.00936866813366,84.06472500344367,82.50386315980325,83.96717071533203,,229900
2021-03-26,84.40757426628815,85.51303699800346,84.24710332122997,85.45954895019531,,165400
2021-03-29,84.98704844771895,85.66458635532261,84.78199960618535,85.43280029296875,,202300
2021-03-30,85.28122180949566,85.47734685171628,85.00485111968986,85.20989990234375,,232700
2021-03-31,85.19208902295445,85.30798885377216,84.80874217056497,84.87114715576172,,200800
2021-04-01,84.88898735303778,85.24559020996094,84.65719447579265,85.24559020996094,,215300
2021-04-05,85.83397257840991,86.17274832731451,85.70024566708616,85.89637756347656,,191600
2021-04-06,85.79830187154978,86.09249968272465,85.6734919155906,85.75373077392578,,220900
2021-04-07,85.94094570786456,86.06575566382375,85.49519392182961,85.75373077392578,,322300
2021-04-08,85.72696785414182,85.7626220037271,85.37036514361031,85.73587799072266,,224000
2021-04-09,85.923138839124,86.25299771307512,85.69135273469472,86.20841979980469,,151600
2021-04-12,86.19949785909897,86.44911781532119,86.05685399746702,86.27081298828125,,123600
2021-04-13,85.99443171018773,86.0924976449248,85.56651381463713,85.95877075195312,,271400
2021-04-14,85.94096277441511,86.54718559587445,85.88746792435758,86.27973175048828,,141000
2021-04-15,86.57393338602017,86.7968093329924,86.3153964713363,86.77006530761719,,158200
2021-04-16,87.18906431054914,87.42976731608474,87.07316447686277,87.32278442382812,,171400
2021-04-19,87.2514771822212,87.30496523236651,86.89487431077296,87.10883331298828,,153800
2021-04-20,86.6630762069613,86.77005910244561,86.27081239181918,86.52043914794922,,147700
2021-04-21,86.50258063345349,87.40300104289781,86.48475355676575,87.36734008789062,,130800
2021-04-22,87.39410294066549,87.4654248660526,86.43127735283906,86.57392120361328,,138900
2021-04-23,86.5560979914758,87.41194759835784,86.42237786693235,87.18907165527344,,108800
2021-04-26,87.33170468024716,87.42085369302826,86.89486975647617,86.9126968383789,,394400
2021-04-27,87.04641835198903,87.2425502489061,86.75222050661344,87.18014526367188,,155400
2021-04-28,87.27819061279297,87.42082763039184,87.13554679356243,87.27819061279297,,118800
2021-04-29,87.6437106841599,88.09837939320391,87.45649575729053,88.04489135742188,,196500
2021-04-30,87.78636291308138,87.82202387422494,87.35843818099139,87.58131408691406,,136100
2021-05-03,88.1073083185158,88.6867870576341,88.1073083185158,88.45499420166016,,352400
2021-05-04,88.22318428711225,88.66001909143283,87.8754984711954,88.61544799804688,,594900
2021-05-05,88.99880132309693,89.37323118294293,88.66002561993234,89.16818237304688,,146800
2021-05-06,89.27518579066547,90.05079650878906,88.99882180218147,90.05079650878906,,140500
2021-05-07,89.88138946557693,90.66591015693297,89.7654964503093,90.58567810058594,,301800
2021-05-10,91.0225323965368,91.58418411752398,90.66592953275511,90.69268035888672,,269300
2021-05-11,89.97054405566156,90.28256896357536,89.11470139325534,89.41781616210938,,207500
2021-05-12,89.3643310612178,89.55154602637444,88.14297531686731,88.23212432861328,,310600
2021-05-13,88.16970613592585,89.85464737163227,88.06272325687227,89.39997863769531,,190300
2021-05-14,89.94378640660783,90.56783612787716,89.87246449513938,90.32713317871094,,155700
2021-05-17,90.30933080539316,90.63918283330862,90.09536501245836,90.33607482910156,,130900
2021-05-18,90.28257713624996,90.36281600648148,89.45347841923605,89.50697326660156,,152900
2021-05-19,88.68678952018288,89.02555847167969,87.86660096126255,89.02555847167969,,326600
2021-05-20,89.0968653759069,89.81006412221905,88.856155612782,89.49803924560547,,192800
2021-05-21,89.84574890136719,90.29150078661044,89.6585339257611,89.84574890136719,,134000
2021-05-24,90.27366926224003,90.39847923983648,89.94381043480163,90.12210845947266,,117700
2021-05-25,90.26475583889886,90.34498791263805,89.53372302663931,89.66744995117188,,138600
2021-05-26,89.75659479237882,89.81899978070702,89.28409890908908,89.72985076904297,,338400
2021-05-27,90.1845056733144,90.36280366916698,89.8100689994119,89.99728393554688,,130200
2021-05-28,90.29149634405368,90.29149634405368,90.02404930704715,90.12210845947266,,112100
2021-06-01,90.7194176417494,90.78182262815112,89.97055100329501,90.05970001220703,,120700
2021-06-02,90.30933034288184,90.3806454718612,89.9259834678791,90.2469253540039,,233500
2021-06-03,89.98837234233876,90.69266097734776,89.87247252543867,90.58567810058594,,126400
2021-06-04,90.90663428328712,90.96903927084377,90.66592447297336,90.9244613647461,,136400
2021-06-07,91.03142919193346,91.04034613200386,90.5767604711961,90.71048736572266,,275100
2021-06-08,90.60351880124722,90.67484072981152,90.13102292736735,90.5322036743164,,134700
2021-06-09,90.50544944453358,90.63917635515168,90.2647464467276,90.30040740966795,,162900
2021-06-10,90.74616089256372,90.96903681376511,90.31823613113832,90.35389709472656,,113400
2021-06-11,90.55003382040265,90.55895076218334,90.0062159995524,90.33607482910156,,93300
2021-06-14,90.23800554171632,90.24692248316772,89.49805583882078,89.93489074707031,,83100
2021-06-15,90.07752227783205,90.25582027266128,89.7833244648945,90.07752227783205,,119200
2021-06-16,90.1131818720472,90.1131818720472,89.14143945054042,89.47129821777344,,140100
2021-06-17,89.4891414397451,89.63178530048594,88.06273684050485,88.49066162109375,,422900
2021-06-18,87.61695249864748,87.61695249864748,86.8145980834961,86.8145980834961,,294400
2021-06-21,87.34059891214879,88.42823426952435,87.304937955982,88.410400390625,,267900
2021-06-22,88.44608371420382,88.72244769234716,88.08948086398536,88.49066162109375,,112700
2021-06-23,88.56197570393954,88.58872652873777,88.17863563640135,88.18754577636719,,84000
2021-06-24,88.64204905815178,88.92891626522204,88.49861887434352,88.83927154541016,,176200
2021-06-25,88.95581103080595,89.49368616007206,88.84823326917139,89.3861083984375,,114800
2021-06-28,89.34127612295258,89.34127612295258,88.79443455199136,89.09922790527344,,158600
2021-06-29,89.3592173922925,89.50264757111975,88.7675499510648,88.88409423828125,,171100
2021-06-30,88.75857833225342,89.36817189907161,88.70478603790451,89.305419921875,,133000
2021-07-01,89.55643357533586,89.88811968774314,89.48471507123855,89.87019348144531,,88400
2021-07-02,89.96881602185589,90.23775702629436,89.76262700652588,90.1660385131836,,135000
2021-07-06,90.0046687748322,90.0046687748322,88.76754845115198,89.32335662841797,,96900
2021-07-07,89.17993595682746,89.64609262913919,88.97374693442065,89.56541442871094,,141300
2021-07-08,88.48964694115699,89.0275220666017,88.26553173560059,88.76754760742188,,172400
2021-07-09,89.35023856133739,90.06740987504803,89.35023856133739,89.98672485351562,,117700
2021-07-12,89.68194058386814,90.39910513084102,89.47575158744834,90.35428619384766,,113800
2021-07-13,90.26463731239738,90.3004965640082,89.85226617805243,89.90605163574219,,123900
2021-07-14,90.06743234696548,90.28258105897748,89.49369788863065,89.8343505859375,,212800
2021-07-15,89.40403688371883,89.97777123759127,89.38610383796801,89.87019348144531,,89600
2021-07-16,90.1929337692184,90.1929337692184,89.11718340027409,89.2247543334961,,125600
2021-07-19,88.12211376724994,88.27451048666953,87.09118231099502,87.72766876220703,,230600
2021-07-20,87.915915544336,89.29646607812832,87.915915544336,88.97373962402344,,131500
2021-07-21,89.43094589598321,89.9150356276009,89.43094589598321,89.8343505859375,,166900
2021-07-22,89.87915230862387,89.87915230862387,89.29645148176846,89.59228515625,,155800
2021-07-23,89.85227556995854,90.02259848359694,89.61919382985161,89.95984649658203,,93900
2021-07-26,89.7805589574207,90.318434120271,89.7805589574207,90.20189666748048,,102300
2021-07-27,89.79847085901781,90.26463427481814,89.57435567358183,90.22877502441406,,84100
2021-07-28,90.30050945484584,90.3811876528977,89.76262744335132,90.04053497314453,,117400
2021-07-29,90.57840121637396,90.9011276556762,90.47082345678882,90.69493865966795,,99000
2021-07-30,90.57838719659692,90.74871691304638,90.183942311957,90.31841278076172,,73700
2021-08-02,90.67700539528602,91.14316197163366,90.1749827290816,90.22877502441406,,108700
2021-08-03,90.30050357745723,91.21489062646624,89.91502514201788,91.17903137207033,,80100
2021-08-04,90.65011266734612,90.90112058072198,90.22877502441406,90.22877502441406,,70600
2021-08-05,90.45290894855664,90.6053056647558,90.29154570803578,90.5873794555664,,74500
2021-08-06,90.9369870915924,91.24178048518291,90.85630206187813,91.16110229492188,,84400
2021-08-09,91.11626632686465,91.21487755245592,90.87422494370124,91.1072998046875,,70600
2021-08-10,91.21489904491284,91.81552622270767,91.04456928067545,91.73484802246094,,71400
2021-08-11,91.9499882423,92.28168121586988,91.82448427164188,92.26374816894533,,141900
2021-08-12,92.28168642318124,92.4161500854358,91.97688616334536,92.39822387695312,,98100
2021-08-13,92.43408767480996,92.49683966676312,92.22789865013289,92.44305419921876,,90400
2021-08-16,92.27270450720265,92.73886108398438,91.75275563503835,92.73886108398438,,80000
2021-08-17,92.32650316328944,92.71198161128922,91.78862800873137,92.46994018554688,,90900
2021-08-18,92.17410012095064,92.39821532323262,91.22385385190012,91.28660583496094,,182700
2021-08-19,90.5425406913573,91.3403902552437,90.41703672666416,91.07144927978516,,92700
2021-08-20,91.06245872528346,91.6272263749418,90.86523632206762,91.44793701171876,,83900
2021-08-23,91.8782651686676,92.21892464877456,91.8782651686676,91.9410171508789,,84000
2021-08-24,92.0037623871918,92.12030665950552,91.9051511595968,91.96790313720705,,106600
2021-08-25,92.05757726708347,92.55959321112864,91.78863624594254,92.2816925048828,,76400
2021-08-26,92.35339639771976,92.35339639771976,91.73484304436572,91.81552124023438,,128700
2021-08-27,91.96791875996288,92.45200845781171,91.96791875996288,92.37133026123048,,113700
2021-08-30,92.4609623236925,92.4878550522046,92.08445044561728,92.1740951538086,,90100
2021-08-31,92.0934145146284,92.36234863203713,91.8692993303948,92.0306625366211,,98800
2021-09-01,92.17411196030822,92.17411196030822,91.52865900051803,91.73484802246094,,88400
2021-09-02,91.985838588356,92.3623504638672,91.985838588356,92.3623504638672,,114200
2021-09-03,92.29960042287703,92.29960042287703,91.90515549389478,92.0754852294922,,67900
2021-09-07,91.92309551201548,91.92309551201548,91.1431721176744,91.17903137207033,,130000
2021-09-08,90.99076801220944,91.27763518458114,90.8025120715392,91.11627197265624,,119700
2021-09-09,91.00870356977788,91.33143002678926,90.54254693156898,90.61426544189452,,114900
2021-09-10,91.08936832412698,91.08936832412698,90.0315444704207,90.0763702392578,,123000
2021-09-13,90.75768688247176,91.00869480498372,90.17498601123874,90.65011596679688,,144500
2021-09-14,90.96389106056031,90.96389106056031,89.48472916793996,89.62816619873047,,101500
2021-09-15,89.6729583145894,90.77560793069574,89.64606558922495,90.5425262451172,,90100
2021-09-16,90.6590756583051,90.8025126651551,89.6640036515052,90.12120056152344,,84200
2021-09-17,89.95088606114031,90.04053762533272,89.52955517092478,89.56541442871094,,108200
2021-09-20,88.29242617814137,88.65101188187606,87.33321335333682,88.26553344726562,,238600
2021-09-21,88.85718903921946,89.0275119252121,88.06829922827559,88.0951919555664,,120100
2021-09-22,88.72271926890112,89.31437979236182,88.57032258673955,88.71375274658203,,85600
2021-09-23,89.25163599162212,90.32739306653043,89.1082058186396,89.95087432861328,,85400
2021-09-24,89.76263417089405,90.3722279020824,89.76263417089405,90.0136489868164,,72300
2021-09-27,90.30050470131052,90.739768604084,90.2018934603578,90.33635711669922,,95400
2021-09-28,90.24671018977426,90.26464323648308,89.14406719805004,89.32335662841797,,123200
2021-09-29,89.50556610996773,90.0468199139449,89.21689695568553,89.68598175048828,,113200
2021-09-30,89.92955192306387,90.06486021448418,88.23361459149572,88.26969909667969,,120200
2021-10-01,88.75685447641057,89.67699241052723,87.99910030235453,89.26202392578125,,132300
2021-10-04,89.19886672697007,89.83935130900173,88.48621312325173,88.86509704589844,,154300
2021-10-05,89.1357152410622,90.07389181982305,89.01844574962321,89.61382293701172,,205900
2021-10-06,89.03649203141742,89.8483763390654,88.51328381752596,89.83033752441406,,130600
2021-10-07,90.3986383560554,91.12031470791958,90.3986383560554,90.54297637939452,,126500
2021-10-08,90.63320609821268,90.90382963372797,90.43474470938436,90.67830657958984,,112800
2021-10-11,90.77752698984295,91.13836521206818,89.87543487548828,89.87543487548828,,121400
2021-10-12,90.01977696983015,90.04683863329238,89.35223070223293,89.50558471679688,,113900
2021-10-13,89.64990779558602,89.75816132208655,88.75683856980967,89.66795349121094,,202100
2021-10-14,90.39864445096016,91.10227515613964,90.26332926556036,91.0571746826172,,94500
2021-10-15,91.65254930599455,92.08555651071026,91.56234147905012,91.81492614746094,,113600
2021-10-18,91.52627058775822,91.86906313410924,91.129347831255,91.4541015625,,106400
2021-10-19,91.86906063510766,92.29304504394533,91.6706061446714,92.29304504394533,,82900
2021-10-20,92.43737786653148,93.27632378827852,92.38325454332733,93.23121643066406,,110000
2021-10-21,93.28533979177529,93.28533979177529,92.74407906978092,93.12296295166016,,86800
2021-10-22,93.08687485925108,93.5740053608335,93.032744659687,93.43869018554688,,76000
2021-10-25,93.66423565683502,93.72738183613096,93.25829003357477,93.60108947753906,,73400
2021-10-26,93.69128378217935,94.06113795534432,93.5740142896961,93.7454071044922,,110500
2021-10-27,93.83561829832958,93.83561829832958,92.55464915330354,92.58171081542967,,145600
2021-10-28,92.69900050398508,93.34850801793344,92.69900050398508,93.33948516845705,,96000
2021-10-29,93.19512697570264,93.5649880177486,93.15002650289787,93.3484878540039,,82300
2021-11-01,93.70932815292996,93.82660453478468,93.2673049355227,93.54695129394533,,116900
2021-11-02,93.70932970800868,94.15135981516808,93.49282951990864,94.01604461669922,,124300
2021-11-03,93.6732314525057,94.44903113532372,93.6732314525057,94.4039306640625,,86500
2021-11-04,94.8008571750652,94.8008571750652,93.70932654050095,94.16939544677734,,107800
2021-11-05,94.71063840769672,94.99029161144442,94.31372260248092,94.53924560546876,,158100
2021-11-08,94.96321931187714,94.97224215871604,94.5211961705896,94.7737808227539,,89100
2021-11-09,94.73771237162624,94.79184257941668,94.2956891554355,94.6655502319336,,129200
2021-11-10,94.47612176937642,94.93618384886794,94.42199155582288,94.51219940185548,,110000
2021-11-11,94.71064312141948,94.71064312141948,94.4851201072074,94.55728912353516,,157000
2021-11-12,94.81890126144552,94.93617075687432,94.42197853473796,94.79183959960938,,74700
2021-11-15,95.026386440907,95.026386440907,94.63849341265512,94.76478576660156,,77800
2021-11-16,94.82791160930688,95.07147341614238,94.63847311900912,94.69259643554688,,91900
2021-11-17,94.5572978113782,94.5572978113782,94.16037506752288,94.31373596191406,,195200
2021-11-18,94.26862206518092,94.26862206518092,93.63716036412234,93.9619140625,,90400
2021-11-19,93.6010576672787,93.6010576672787,93.00567370847146,93.07784271240234,,109500
2021-11-22,93.38456914296609,94.33176858043603,93.32142297262918,93.61009216308594,,181200
2021-11-23,93.80855672226184,94.49414865389178,93.7454105497707,94.44002532958984,,347700
2021-11-24,94.27765867171394,94.43101269543456,94.14234346390624,94.36786651611328,,120900
2021-11-26,92.60876491400178,92.76211889707278,91.99534209930228,92.36519622802734,,135000
2021-11-29,93.33044353032072,93.33044353032072,92.35618245552992,92.75310516357422,,179200
2021-11-30,92.01339357290696,92.02241642092208,90.54298593759808,90.6602554321289,,285000
2021-12-01,91.63451514218336,92.5275843743458,90.16410064697266,90.16410064697266,,175600
2021-12-02,90.41668820759622,92.14870327281048,90.2994118376368,91.7337417602539,,167800
2021-12-03,92.23890323254712,92.36519555679553,91.06618092748008,91.76079559326172,,206100
2021-12-06,92.56366878237806,93.3935918433283,92.41031478071872,92.84331512451172,,105500
2021-12-07,93.58302709438196,94.10624213378902,93.56498828169238,93.89875793457033,,117200
2021-12-08,93.97993806480554,94.15133773483063,93.27630745668291,93.69126892089844,,127500
2021-12-09,93.42066161004884,93.91681504954356,93.23122308290094,93.66423034667967,,83900
2021-12-10,94.2054765361195,94.52120738879728,93.88072283553198,94.45806121826172,,105200
2021-12-13,94.37688963208794,94.50318199108752,93.97094400751718,94.23255157470705,,116300
2021-12-14,93.96190502273254,94.66553567405136,93.94385932877192,94.25959014892578,,211100
2021-12-15,94.54826447809953,95.3240641828308,94.04309513824325,95.31504821777344,,171600
2021-12-16,95.61274118484718,96.54189496058552,95.61274118484718,95.97357940673828,,175300
2021-12-17,95.5315680210346,95.5315680210346,94.4490532213909,94.51219940185548,,257300
2021-12-20,93.6101021139662,93.7454173169056,92.870386804637,93.67324829101562,,226900
2021-12-21,94.23253814894008,94.73770751296456,94.00701512822684,94.56631469726562,,89400
2021-12-22,94.62044579284796,95.22484588623048,94.29569206574932,95.22484588623048,,115500
2021-12-23,95.61273441722383,96.05476447690074,95.5856727569204,95.75707244873048,,158500
2021-12-27,96.06297735856172,96.72560196248432,95.87235903721631,96.7165298461914,,101400
2021-12-28,96.74375376225852,97.17037865982364,96.7255956802928,96.9162139892578,,98700
2021-12-29,96.97976392120704,97.28838902051262,96.88899427739244,97.09777069091795,,191500
2021-12-30,97.3700604071276,97.52437638896728,96.87082400202776,96.96159362792967,,128400
2021-12-31,96.94344247286072,97.25206058598296,96.81636361154231,96.96159362792967,,92200
2022-01-03,97.03422965565947,97.42454535041024,96.72560456141755,97.41546630859376,,90600
2022-01-04,97.80578275454472,98.6953418768368,97.80578275454472,98.46841430664062,,144700
2022-01-05,98.6771797037853,99.49412030769264,98.04178530367936,98.06901550292967,,273000
2022-01-06,98.2142456028066,98.49564048755684,97.81485780475008,98.0599365234375,,182600
2022-01-07,98.1325555223399,98.78610800932452,97.99639760000484,98.56825256347656,,385100
2022-01-10,98.68625353063412,98.7316348852268,97.6605365778748,98.50470733642578,,383100
2022-01-11,98.70440721033256,99.2218017578125,97.99639434802098,99.2218017578125,,302800
2022-01-12,99.28535735908088,99.4759757049439,98.7498115671725,99.19458770751952,,187400
2022-01-13,99.2580991030882,99.60303337692623,98.62270479645797,98.8405532836914,,209400
2022-01-14,98.18702553282286,98.81334788170793,97.94194678885236,98.76795959472656,,286500
2022-01-18,98.12347051021518,98.12347051021518,97.04330008938308,97.46084594726562,,360600
2022-01-19,97.84209067097323,97.8874720292296,96.59852511004884,96.6257553100586,,264300
2022-01-20,96.68929981839734,97.69685882323394,95.826977788263,95.92682647705078,,254700
2022-01-21,95.9358815373722,96.29896003280578,94.66508602751952,94.89201354980467,,506500
2022-01-24,93.80277431607828,94.91926097552434,91.92381436747266,94.81033325195312,,502400
2022-01-25,93.74830813070707,95.38218925703248,92.57736114438708,94.75586700439452,,404100
2022-01-26,95.12803488019108,95.92681738954153,93.51230485345306,94.38371276855467,,457800
2022-01-27,95.0645001171564,95.93590114984126,93.73923702183838,94.22032928466795,,299200
2022-01-28,93.86631174535228,95.4094162599914,93.13106180048725,95.40033721923828,,331600
2022-01-31,94.9464872979852,96.11743430876176,94.65602030560277,96.0357437133789,,496800
2022-02-01,96.15375274760186,96.87084471855584,95.85420668531476,96.7800750732422,,318600
2022-02-02,96.66205869748012,97.82392666272676,96.49867058203736,97.64238739013672,,347500
2022-02-03,97.45176832875276,97.5788472036468,96.73467643454823,96.87083435058594,,297600
2022-02-04,96.48958541451586,97.4426768546134,96.02665132916654,96.75281524658205,,272400
2022-02-07,96.87991333007812,97.3882288293308,96.4079001448184,96.87991333007812,,277700
2022-02-08,97.02514030000113,97.6605346540154,96.72559427941766,97.5062255859375,,195000
2022-02-09,98.0326922518664,98.42300787765814,97.92376454515292,98.28684997558594,,256700
2022-02-10,97.47899763250452,98.36855667388008,96.51682703848384,96.89806365966795,,295100
2022-02-11,96.92529198160447,97.44268650756298,95.57280575151631,95.8905029296875,,268300
2022-02-14,95.8360388917074,95.91772948072632,94.41093423927607,95.22787475585938,,354000
2022-02-15,95.85418630121823,96.38065982747104,95.67264704919656,96.15373229980467,,237300
2022-02-16,95.8451331642928,96.55315305919645,95.65451482056966,96.29898834228516,,333400
2022-02-17,95.72712453803692,95.72712453803692,94.8284933070472,95.01911163330078,,193500
2022-02-18,94.87385528722638,95.29140802167228,94.22030984153704,94.61969757080078,,234300
2022-02-22,94.4835437583139,94.78308976217352,93.32167590425324,93.9389190673828,,438200
2022-02-23,94.4744832522992,94.57433193252184,92.84060205345548,93.00399017333984,,393100
2022-02-24,91.25211426533431,92.70444934299998,90.62579194969604,92.56829833984376,,481000
2022-02-25,92.94952253709874,95.600034564133,92.94952253709874,95.40033721923828,,376600
2022-02-28,93.96615393645304,94.99187086275296,93.72107523719284,94.8466339111328,,396400
2022-03-01,94.61064942097234,94.9555768484516,92.9586169204684,93.51231384277344,,348700
2022-03-02,94.12046948420776,95.8541923029885,94.04785100874078,95.40033721923828,,391400
2022-03-03,95.79974066115064,96.26267482794697,95.05541853281127,95.6363525390625,,538700
2022-03-04,94.64694954400638,95.77251529757152,94.4018708111391,95.7362060546875,,273900
2022-03-07,95.41849274629833,95.41849274629833,93.8753813476908,93.89353942871094,,411900
2022-03-08,94.102308025116,94.94647872760297,92.83151245117188,92.83151245117188,,301800
2022-03-09,94.33830444023933,94.85569888441592,93.91167961472426,94.27476501464844,,280700
2022-03-10,93.35799469402971,94.25662587229029,93.15829733768751,94.147705078125,,230500
2022-03-11,94.39279569769865,94.85572990713727,93.41247380014887,93.46693420410156,,206500
2022-03-14,93.93892833144976,94.69232947293068,93.23091547088868,93.61215209960938,,375200
2022-03-15,93.92077610450848,94.84663746732464,93.66661835492286,94.73771667480467,,215200
2022-03-16,95.29143563847911,95.80883026123048,94.20217906275816,95.80883026123048,,333900
2022-03-17,95.5455830478322,96.99791806572142,95.5274249646388,96.97068786621094,,328200
2022-03-18,96.91622358839088,97.26115792711204,96.31713840448968,97.125,,339400
2022-03-21,97.2792953245421,98.02361737214623,97.09775606425968,97.59699249267578,,348200
2022-03-22,98.10532290184683,98.31409237569952,97.77854666641883,98.13255310058594,,321300
2022-03-23,97.95101961635989,98.00548001705778,97.1340789794922,97.1340789794922,,294500
2022-03-24,97.6513957455525,98.16232299804688,97.40505780906037,98.16232299804688,,185100
2022-03-25,98.3721583365396,99.09293458740429,98.2900480228154,99.08380889892578,,313100
2022-03-28,98.86484988651634,99.01082611083984,98.18056936790028,99.01082611083984,,226800
2022-03-29,99.47612092690645,99.61297839819518,98.63673864559696,99.4669952392578,,339500
2022-03-30,99.51261854934774,99.72246760396992,98.9195741367479,99.39401245117188,,311400
2022-03-31,99.12031860376683,99.38490791989302,97.87948930924637,97.91598510742188,,426700
2022-04-01,98.29005642955768,98.29005642955768,97.31381650468336,98.20793914794922,,235200
2022-04-04,98.18056883171116,98.18056883171116,97.24082470501511,98.02546691894533,,345500
2022-04-05,97.73350460511811,98.81010619495162,97.3138134037744,97.4871597290039,,251000
2022-04-06,97.04011346877844,98.08021942488028,96.97624755781996,97.92511749267578,,269900
2022-04-07,97.8429926698376,98.864854127381,97.4506715439011,98.54552459716795,,277000
2022-04-08,98.63674552549772,99.5034979693488,98.53638383694307,99.16592407226562,,200900
2022-04-11,99.0655617639761,99.3027739710207,98.12581774144404,98.23529815673828,,407800
2022-04-12,98.53639183558872,99.1020662205549,97.62401783711104,97.97984313964844,,231100
2022-04-13,97.8247464584592,98.4269097099874,97.66964454103572,98.3721694946289,,223000
2022-04-14,98.4177847844464,98.91958630231368,97.96159778955192,97.9889678955078,,194500
2022-04-18,97.7699818610078,98.49075105301962,97.5053926179896,97.88858795166016,,207800
2022-04-19,98.01633375709628,99.00169929400607,97.9707122752379,98.8922119140625,,194700
2022-04-20,99.30276950116026,100.00530128502506,99.30276950116026,99.64035034179688,,264500
2022-04-21,100.14215923530664,100.28813543677629,98.41777315523083,98.58200073242188,,273000
2022-04-22,98.13493047357562,98.13493047357562,95.87224719149177,95.98172760009766,,469100
2022-04-25,95.43433611230208,96.255474251645,93.93804304099385,96.10037231445312,,388700
2022-04-26,95.56205260441143,96.164222796926,94.39421497623194,94.4215850830078,,299400
2022-04-27,94.5493103781138,95.461684332413,94.10224908954824,94.54019165039062,,264800
2022-04-28,95.1149735953298,96.28281100631185,94.23909553709328,95.93611145019533,,400600
2022-04-29,95.4799377655615,95.56204808200332,92.9526579596505,93.15338134765624,,280100
2022-05-02,93.26286456222554,93.78291742569718,91.5202270086605,93.12600708007812,,710700
2022-05-03,93.42710314783857,94.49457910471352,93.17163953021324,93.78292846679688,,372600
2022-05-04,94.00189738272144,96.39231990280928,93.71906365432118,96.31932830810548,,561100
2022-05-05,95.67153883183404,95.72627904472176,93.39060381669564,94.24823760986328,,495600
2022-05-06,93.80116657525927,94.4945727485011,93.0712715684067,94.3303451538086,,390000
2022-05-09,93.20814919229863,93.3723698616051,91.89432815094672,92.24102783203124,,465000
2022-05-10,93.18075698454992,93.38148038447106,91.19178132484453,91.9308090209961,,3063600
2022-05-11,92.00377910500492,93.54569319616633,91.42898606409672,91.54759216308594,,439600
2022-05-12,91.13702554201244,91.68444847318938,90.2064072550977,91.6205825805664,,420500
2022-05-13,92.30488573972148,92.89793029505203,91.91256459950544,92.74282836914062,,186500
2022-05-16,92.52382804164796,93.73727987447508,92.43258509528512,93.07125091552734,,175400
2022-05-17,93.956274039653,94.48544564944322,93.61869316647324,94.46720123291016,,260900
2022-05-18,93.82853517893086,93.82853517893086,91.09141328511105,91.41986846923828,,463500
2022-05-19,90.32502605266984,91.1644084625526,89.76847735547639,90.46188354492188,,285500
2022-05-20,91.05493984279698,91.1917903919306,88.95647658516116,90.73560333251952,,235100
2022-05-23,91.52022478600644,92.76105386184982,91.45635889067012,92.39610290527344,,267300
2022-05-24,92.00378593577685,93.0347729560094,91.23739515766566,92.86141967773438,,200300
2022-05-25,92.66982651300208,93.67343651662172,92.4326073249556,93.44534301757812,,222300
2022-05-26,93.90153741489488,94.91427318731868,93.90153741489488,94.56757354736328,,181200
2022-05-27,94.81391185639464,95.99087524414062,94.65880993481912,95.99087524414062,,357500
2022-05-31,95.41606974085668,95.89050113396364,94.71353789848229,95.22447204589844,,356600
2022-06-01,95.66241827049927,95.66241827049927,93.78292994475513,94.51282501220705,,226100
2022-06-02,94.74090110915029,95.30657542514498,93.45445754779792,95.27920532226562,,217900
2022-06-03,94.6223225838439,95.05113954954408,94.41248042671128,94.49459075927734,,898100
2022-06-06,95.21536897183806,95.5073284279071,94.52196265335064,94.6679458618164,,160800
2022-06-07,94.11138126476456,95.75365031918008,94.11138126476456,95.72628021240234,,189200
2022-06-08,95.19708294262894,95.42517640219344,94.36682636946132,94.57667541503906,,191200
2022-06-09,94.28472106947925,94.56756172861763,92.54209043690682,92.55121612548828,,155600
2022-06-10,91.30126754024184,91.57498252949895,90.6261127171653,90.69910430908205,,257100
2022-06-13,88.89258341832769,89.13892129209627,87.46928245686483,87.91634368896484,,549100
2022-06-14,88.27217568990287,88.6097565421203,86.5660339742761,87.24119567871094,,459800
2022-06-15,87.85249376670711,88.66450607419536,86.45656265295455,87.72476196289062,,322000
2022-06-16,86.15545509458005,86.15545509458005,85.01498788585208,85.6080322265625,,415900
2022-06-17,85.56242883282131,86.1737177152558,84.66830625033583,85.08799743652344,,239900
2022-06-21,86.41092842047533,87.60613596308843,86.2649522208752,87.33242797851562,,304100
2022-06-22,86.22846331472905,87.9345981334406,86.22846331472905,87.08609008789062,,655600
2022-06-23,87.33122253417969,87.73518893170022,86.33965527680229,87.33122253417969,,452800
2022-06-24,88.11163255566827,89.54389190673828,87.94637132249309,89.54389190673828,,199900
2022-06-27,89.7550635101909,90.16821309883947,89.36944928882346,89.71833801269531,,222300
2022-06-28,90.38855340988135,90.93024570812524,88.81857526494588,88.93793487548828,,329000
2022-06-29,89.12154132600574,89.16744993894146,88.39622867058078,88.66248321533203,,183600
2022-06-30,87.73519345945469,88.74512701705393,87.4138541477966,88.30442810058594,,244000
2022-07-01,88.17590249378468,89.36944964613731,87.43223042937491,89.18582916259766,,267900
2022-07-05,88.1483530654579,88.21262093001938,86.55082556692051,88.20343780517578,,813100
2022-07-06,88.12999111585476,88.8277615399054,87.59748892836541,88.33197784423828,,365700
2022-07-07,88.80021929017511,89.37863010024185,88.79103616487086,89.17664337158203,,219200
2022-07-08,89.26846610252281,89.61734783413466,88.90121811917352,89.11238098144531,,200800
2022-07-11,88.61660270120359,89.05730170924363,88.4788908280721,88.62578582763672,,233000
2022-07-12,88.32279615321328,89.00220734238567,87.78111083163584,88.11163330078125,,145900
2022-07-13,87.30368483467818,88.11163174708568,86.91807762903217,87.48731231689453,,247100
2022-07-14,86.20193645149973,86.92724914890745,85.67861045522724,86.82625579833984,,324600
2022-07-15,88.02900869359893,88.62578582763672,87.49650643991994,88.62578582763672,,312200
2022-07-18,89.26846896926865,89.34191296455893,87.58831411964361,87.8270263671875,,234700
2022-07-19,88.55232860790896,89.87441853452685,88.48806073673573,89.75506591796875,,182800
2022-07-20,89.61734341535627,89.80096389564078,89.00220710126364,89.48880767822266,,239000
2022-07-21,89.04811181790706,89.82850939328281,88.66250459308692,89.81015014648438,,193200
2022-07-22,90.13149757694518,90.35185058630698,89.17665555039693,89.69998168945312,,202100
2022-07-25,89.9386899475476,90.48038231563066,89.75506945258518,90.38856506347656,,194300
2022-07-26,90.21411453339292,90.48036911551576,89.86522583732138,90.03048706054688,,223600
2022-07-27,90.20494138583553,91.33422770356148,89.79179178441066,90.99452209472656,,181400
2022-07-28,91.05878059095892,91.9860800730765,90.36101019815062,91.74736785888672,,210200
2022-07-29,91.62802149058804,92.5185885337981,91.53620424487748,92.39005279541016,,355800
2022-08-01,91.82081703456936,92.38086856179332,91.66473193337204,92.07788848876952,,299400
2022-08-02,91.9493644941497,92.34415485052315,91.2699602778347,91.30667877197266,,4557200
2022-08-03,91.68309843691983,92.31660095414902,91.37093523833164,92.05034637451172,,293100
2022-08-04,91.9952604478564,92.06871144095358,91.3893072664854,91.45357513427734,,173400
2022-08-05,90.91188404018943,91.69228859417886,90.81089767916131,91.68310546875,,166400
2022-08-08,91.97688203244194,92.27067893892632,91.49946468615636,91.63717651367188,,297800
2022-08-09,91.88509891281204,92.1880790320476,91.60047804110307,91.84837341308594,,135600
2022-08-10,92.86748651337994,93.09701564119122,92.64714051198958,93.06947326660156,,250500
2022-08-11,93.62033173008952,94.07020681103464,93.30816850732084,93.45507049560548,,153500
2022-08-12,93.79478618691684,94.75880432128906,93.55607393259336,94.75880432128906,,165200
2022-08-15,94.14365893216625,95.06177535591895,93.95085532373884,94.97914123535156,,132200
2022-08-16,94.8689822922222,95.69528856637848,94.8138905374963,95.38312530517578,,134300
2022-08-17,94.69454072476462,95.35558576373325,94.56600496770666,94.88734436035156,,283600
2022-08-18,95.03423635407889,95.3188502140401,94.79552411412963,95.27294158935548,,129700
2022-08-19,94.850592423626,94.96995202525348,94.4649852599175,94.67615509033205,,116600
2022-08-22,93.89576389558157,93.89576389558157,92.99601371984976,93.23472595214844,,275400
2022-08-23,93.18881891969222,93.5101582736532,92.87666269146516,92.93174743652344,,3117500
2022-08-24,92.8950176965301,93.372435142805,92.80320745740096,93.2255401611328,,253200
2022-08-25,93.40915934014323,94.2905502319336,93.28980673140266,94.2905502319336,,188900
2022-08-26,94.33645518056808,94.40072304502976,91.76572659275682,91.80245208740234,,208000
2022-08-29,91.35258151331232,92.12379592464936,91.10469316814604,91.48111724853516,,142500
2022-08-30,91.60965648628108,91.60965648628108,90.17739709351125,90.48037719726562,,204400
2022-08-31,90.58137444268434,90.8476220553139,89.72752584398121,89.73670196533203,,224900
2022-09-01,89.3694389923878,90.27837919016972,88.93793020704264,90.214111328125,,210900
2022-09-02,91.0955115470778,91.35258302176835,89.04810886563963,89.40617370605469,,2932200
2022-09-06,89.6724300074755,89.92032536611052,88.87367319662867,89.15828704833984,,213600
2022-09-07,88.93793445492315,90.47118709741612,88.83694109479036,90.3426513671875,,195500
2022-09-08,90.0947569401932,91.12304979711716,89.73669211597377,91.1046905517578,,210600
2022-09-09,91.60965920922789,92.33497205280204,91.49948971707713,92.1238021850586,,126400
2022-09-12,92.61040062248846,93.19799453801949,92.4910410115802,92.84910583496094,,142900
2022-09-13,91.49948883364505,91.60047519891732,89.42454369387625,89.72752380371094,,187100
2022-09-14,90.00295575853576,90.3151189984251,89.2592836649069,89.9570541381836,,154200
2022-09-15,89.88360017394265,90.35184151598878,89.33273171518557,89.5530776977539,,264000
2022-09-16,88.68086058900471,89.13991879353544,88.40542986908966,89.01138305664062,,191900
2022-09-19,88.26769838441328,89.47961159088254,88.2401560168276,89.47042846679688,,155200
2022-09-20,88.86448663141752,88.88284587724497,87.8545599987747,88.44215393066406,,292800
2022-09-21,89.00221559457738,89.33273809436848,87.07416534423828,87.07416534423828,,213600
2022-09-22,87.08332723444965,87.48730063672011,86.65181146469192,86.82625579833984,,305600
2022-09-23,86.03668335962352,86.03668335962352,84.30144399748797,85.33891296386719,,381500
2022-09-26,84.8431507710938,85.21957490095713,83.84240012427412,84.20964813232422,,392800
2022-09-27,84.83396415238136,85.1920290192052,83.35579605921717,83.86075592041016,,276400
2022-09-28,84.35745669520294,85.87441044653849,84.03371785625525,85.513671875,,376500
2022-09-29,84.94020661776283,85.01420609423116,83.73773982457706,84.25572204589844,,452200
2022-09-30,84.20946927212562,84.69045170727013,83.01625429667864,83.16425323486328,,293800
2022-10-03,84.16321978144798,85.70792874223292,83.92273208681627,85.29168701171875,,241700
2022-10-04,86.34614631919332,87.77060423625133,86.34614631919332,87.7613525390625,,216200
2022-10-05,86.95663030309883,88.05734231862202,86.59589174365333,87.59485626220703,,197200
2022-10-06,87.17863834352816,87.67812422702877,86.36466526873747,86.51265716552734,,256400
2022-10-07,86.00391954935498,86.01316419046941,84.38521817510785,84.88469696044922,,212700
2022-10-10,85.12518641978568,85.34717776135601,83.94122318877392,84.34821319580078,,176400
2022-10-11,83.9967211505886,85.25468387609821,83.78398150174696,84.24646759033203,,227900
2022-10-12,84.4222161448446,84.87545763906569,83.98748510494639,84.0059814453125,,214700
2022-10-13,82.79425970087871,86.77163573947935,82.67400880407303,86.52189636230469,,525200
2022-10-14,86.92889667811872,87.53937470415089,85.14369992216452,85.25469207763672,,566600
2022-10-17,86.4386565584129,87.13238576692979,86.37390878123047,86.6976547241211,,528700
2022-10-18,88.13135876639505,88.35335014030382,87.00289144214284,87.78912353515625,,388700
2022-10-19,87.45611477995114,87.9093491324905,86.70688258104491,87.31736755371094,,238300
2022-10-20,87.2803714111172,88.0203519435017,86.46639847107615,86.6513900756836,,342300
2022-10-21,86.67914092688137,88.95457161097298,86.46640128036864,88.86207580566406,,301000
2022-10-24,89.23206275740885,90.305026761553,89.23206275740885,90.0182876586914,,320400
2022-10-25,89.93503740973475,90.81375805284377,89.73154242535746,90.73050689697266,,344100
2022-10-26,91.00800823058636,92.12722367241788,91.00800823058636,91.4334945678711,,229100
2022-10-27,92.05322601529352,92.58971156035288,91.53524386529276,91.68324279785156,,201100
2022-10-28,91.90523224122516,93.62568098330549,91.90523224122516,93.55168151855467,,190800
2022-10-31,93.08921142322713,93.69969652671296,92.98746390597948,93.22795867919922,,394700
2022-11-01,93.78293865601216,93.91243421031056,92.71921912543652,93.3019561767578,,272600
2022-11-02,93.200190152341,94.4766491013431,91.96072387695312,91.96072387695312,,343600
2022-11-03,91.20224862537088,92.25671626610595,90.9155095295326,91.74798583984376,,412400
2022-11-04,92.85796914300892,93.40370647263848,91.7665015407285,92.90422058105467,,326000
2022-11-07,93.2187080050374,93.94018527564934,92.96896858712506,93.82919311523438,,283300
2022-11-08,94.04193036268336,94.82815539220344,93.57019957915844,94.36566925048828,,273100
2022-11-09,93.95868272675378,94.29167330087996,92.70997160226976,92.83021545410156,,203800
2022-11-10,95.0963869420436,95.95661134606436,94.4211612069926,95.84561920166016,,337000
2022-11-11,95.98435748321334,96.04910525182736,95.0223926515128,95.9473648071289,,207100
2022-11-14,95.7531211900962,96.62259733586257,95.42938232421876,95.42938232421876,,223700
2022-11-15,96.3173489919294,96.54859203315776,94.90214270872818,95.70687103271484,,274600
2022-11-16,95.47562511455835,95.84561538077052,95.12413118601702,95.26287841796876,,326800
2022-11-17,94.31016873605547,95.37388822336644,94.31016873605547,95.35538482666016,,344900
2022-11-18,95.90111931250549,96.31735398550522,95.5866250905016,96.13236236572266,,292500
2022-11-21,95.82712828948073,96.42836169224292,95.66988469310586,96.24337005615234,,237800
2022-11-22,96.8353408220269,97.48281853218693,96.78908938973927,97.45507049560548,,311700
2022-11-23,97.2423306905812,97.80656433105467,97.21458265202978,97.80656433105467,,225400
2022-11-25,97.76955803803216,98.1025485922772,97.76955803803216,98.00080108642578,,62200
2022-11-28,97.205324640473,97.62156636264638,96.50235085289732,96.6688461303711,,262500
2022-11-29,96.7150841757266,97.02957837124949,96.3635973049444,96.94632720947266,,275000
2022-11-30,97.0943269230563,98.79627227783205,96.14160674543972,98.79627227783205,,251600
2022-12-01,99.23102180673816,99.23102180673816,98.19505740366507,98.59278869628906,,365900
2022-12-02,97.5568289797595,98.66679290979609,97.4458297639644,98.52804565429688,,330900
2022-12-05,97.92682345272392,98.06556365711562,96.69660855593912,96.96485137939452,,285000
2022-12-06,96.90933477429752,97.24232533252354,95.56812790037128,96.0213623046875,,300700
2022-12-07,95.8086235026142,96.72434401740038,95.8086235026142,96.13236236572266,,165200
2022-12-08,96.53007595667266,96.82606670664234,96.29883296272835,96.64107513427734,,269900
2022-12-09,96.43761327043416,96.82609993992529,95.7808837890625,95.7808837890625,,159000
2022-12-12,95.9751303362316,97.23309326171876,95.86413111681377,97.23309326171876,,151400
2022-12-13,99.01828357683814,99.01828357683814,97.02034010141064,97.48282623291016,,207600
2022-12-14,97.42733015805612,98.28755464494812,96.60410540852249,97.07583618164062,,208400
2022-12-15,96.08612129456657,96.32661607180208,94.82815838484358,95.29989624023438,,228900
2022-12-16,94.46740439641572,94.73564717032352,93.7551789365056,94.43040466308594,,249000
2022-12-19,94.53215582905187,94.9113978176464,93.65343506359204,94.17141723632812,,234000
2022-12-20,94.08818454804847,94.83740986127948,94.0326884676547,94.37492370605467,,274800
2022-12-21,95.11487432332837,95.89184743125251,95.04087486819944,95.73460388183594,,181800
2022-12-22,95.16839896459422,95.24289666413983,93.60383359142789,94.92626190185548,,222100
2022-12-23,94.90764433993466,95.63404846191406,94.60962510510248,95.63404846191406,,136300
2022-12-27,95.82030679841796,96.07175876048974,95.30809510173094,95.85755920410156,,179800
2022-12-28,95.99724537783187,96.20213003821318,94.86107197402224,94.92626190185548,,275800
2022-12-29,95.34534881481108,96.09038272835924,95.26153622975116,95.885498046875,,346600
2022-12-30,95.50366055634252,95.78304290771484,94.92625899523593,95.78304290771484,,324000
2023-01-03,95.9506710894326,96.25799805755445,94.86106504445738,95.55021667480467,,275300
2023-01-04,95.91341685898736,96.7608929479038,95.55021485092848,96.2673110961914,,158800
2023-01-05,95.90410908632266,96.08104909975276,95.34533020762544,95.66197204589844,,239900
2023-01-06,96.44427530275564,97.8970908045998,96.2114530799466,97.67357635498048,,173600
2023-01-09,98.00881952566549,98.19508152634776,96.72364369421749,96.78883361816406,,149900
2023-01-10,96.73297921390298,97.21724630868457,96.39771464629636,97.19862365722656,,129400
2023-01-11,97.47799516362552,97.7480697631836,96.9471608417823,97.7480697631836,,159400
2023-01-12,97.93433827789671,98.31616300937456,97.25449429527718,97.87845611572266,,142200
2023-01-13,97.31966673513838,98.26957805929324,97.03096951895608,98.12989044189452,,243500
2023-01-17,98.01814594493248,98.17646333527978,97.35693175127348,97.46868896484376,,844300
2023-01-18,97.51523188515912,97.52454676093404,95.56884205314202,95.61540222167967,,204800
2023-01-19,95.06597454357848,95.52230412437744,94.786585025849,94.9821548461914,,153800
2023-01-20,95.1777147958732,96.00656127929688,94.74932279024064,96.00656127929688,,150500
2023-01-23,96.10899025721928,97.1613510274168,95.969302637431,96.64913940429688,,166300
2023-01-24,96.2673248667452,96.90990930090784,95.63404820476885,96.69571685791016,,271800
2023-01-25,96.11831046818143,96.90990447998048,95.75510842623636,96.90990447998048,,317900
2023-01-26,97.16135058647173,97.44073292994926,96.5932639180146,97.40348052978516,,152000
2023-01-27,97.2265375689157,97.55248717902909,96.88195820669948,97.04027557373048,,128400
2023-01-30,96.57463095327836,97.19859975381289,96.24868134414456,96.2673110961914,,180700
2023-01-31,96.43495661729844,97.46868773801047,96.2393797197198,97.45005798339844,,232200
2023-02-01,97.0309811357908,98.35340951006094,96.40701224764204,97.75738525390624,,183800
2023-02-02,97.71081964047572,97.83189173234156,96.93784822767738,97.48731231689452,,312400
2023-02-03,97.22654714744937,97.64562424385755,96.77952542013388,97.0775375366211,,272800
2023-02-06,96.63982401761824,96.97508851367752,96.4535691221048,96.78883361816406,,294600
2023-02-07,96.5466967443791,97.80393505428955,96.26731440060392,97.552490234375,,188300
2023-02-08,97.15203451058292,97.4314239557796,96.80745514219618,96.9192123413086,,109500
2023-02-09,97.42212435170066,97.53388156833242,95.97862383384556,96.15557098388672,,276700
2023-02-10,96.25801112205612,97.2265523285444,96.23938136712516,97.17998504638672,,336200
2023-02-13,97.12410937765416,97.92501831054688,97.12410937765416,97.92501831054688,,155100
2023-02-14,97.6921918949487,98.14852139579888,96.94715804831344,97.53387451171876,,258100
2023-02-15,97.05891970894734,97.47799682617188,96.80746775447687,97.47799682617188,,170400
2023-02-16,96.63052368164062,97.394180180275,96.44426166662652,96.63052368164062,,142200
2023-02-17,96.31388025190807,96.97509440788934,96.15556287058212,96.90990447998048,,139100
2023-02-21,96.2300776730727,96.52808981807046,95.3453490107697,95.42916870117188,,183300
2023-02-22,95.46640686813792,95.71785169150016,94.85175291410071,95.14976501464844,,114000
2023-02-23,95.5502221852772,95.77372949081536,94.572373282817,95.35465240478516,,105000
2023-02-24,94.52581313441948,95.06596234328543,94.19986347567954,94.8890151977539,,174000
2023-02-27,95.50366983300252,95.7551146841784,94.7213835418015,94.89833068847656,,115900
2023-02-28,94.86105290849837,94.9448654680807,94.37677888035202,94.3954086303711,,175100
2023-03-01,94.26504017570406,94.60030466482488,94.04153288467973,94.32091522216795,,127600
2023-03-02,93.98566140633577,95.02870739151513,93.87391130071728,94.84244537353516,,225200
2023-03-03,95.1218289607509,96.01586527621365,94.88900678156264,95.9413604736328,,160700
2023-03-06,95.98793091165268,96.3418180778087,95.89480345794524,95.99724578857422,,137500
2023-03-07,96.02518751115338,96.02518751115338,94.25573739269724,94.40474700927734,,207000
2023-03-08,94.4513070973891,94.55374943239988,93.75284050695356,94.2557373046875,,148300
2023-03-09,94.33024048839312,94.58168533034502,92.24415563033212,92.55147552490234,,167600
2023-03-10,92.36521519844815,93.1009341371972,91.27560910524488,91.67606353759766,,172500
2023-03-13,90.68890597900588,92.22553400802748,90.40952358611018,91.03348541259766,,505800
2023-03-14,92.23485048614651,92.53286264017405,91.14524421409308,92.13240814208984,,216300
2023-03-15,90.66095587884844,91.11728536425412,90.00905661398318,91.08934783935548,,358300
2023-03-16,90.51195620986226,92.14171152819094,90.2232518648146,92.05789184570312,,218200
2023-03-17,91.64814482450116,91.73195741571898,90.25121146284047,90.53059387207033,,123500
2023-03-20,90.88446202391192,91.96476034067337,90.88446202391192,91.82506561279295,,261800
2023-03-21,92.73774350699044,92.89606090303802,92.25346933591904,92.8215560913086,,152000
2023-03-22,92.8681193300556,93.13819393193424,91.21973419189452,91.21973419189452,,135900
2023-03-23,91.6160595670376,92.15949874648408,90.32305576104596,90.8852310180664,,200100
2023-03-24,90.34179529375322,91.6066914575369,90.06071122871603,91.55047607421876,,184800
2023-03-27,92.30942772523002,92.77790839347274,92.00960038349258,92.40312957763672,,284300
2023-03-28,92.30941690852,92.6935744427188,92.13139913639212,92.41248321533205,,277500
2023-03-29,93.0589882199394,93.44314575195312,92.99340122038178,93.44314575195312,,204300
2023-03-30,93.93972840005542,93.96783609125268,93.32133059993018,93.76170349121094,,119800
2023-03-31,94.00531895442673,94.69866824117734,94.00531895442673,94.65181732177734,,140100
2023-04-03,94.97976417242806,95.74807210895412,94.97976417242806,95.58878326416016,,198900
2023-04-04,95.7199689523918,95.7480766473798,94.4831731853414,94.84859466552734,,209700
2023-04-05,94.8860577420869,95.52319164512198,94.8860577420869,95.50445556640624,,232000
2023-04-06,95.50446609518028,95.74807803602158,95.335812774359,95.57005310058594,,141800
2023-04-10,95.29833741035844,95.83240509033205,95.19527109067512,95.83240509033205,,205200
2023-04-11,96.010409598863,96.45078248042938,95.9260793786851,96.15095520019533,,134400
2023-04-12,96.50700514094314,96.61007144646454,95.83239192242,96.00104522705078,,472700
2023-04-13,96.06662636953864,96.75997562477494,95.68247601201652,96.64754486083984,,153500
2023-04-14,96.71314795132317,97.09729837277706,96.13222936334326,96.54449462890624,,168300
2023-04-17,96.52575152026216,96.99423217773438,96.45080004788672,96.99423217773438,,93600
2023-04-18,97.14413905676302,97.14413905676302,96.64755075656645,97.00359344482422,,110500
2023-04-19,96.6288056322264,97.012963154088,96.57259024793314,96.90989685058594,,149200
2023-04-20,96.36645608036332,96.50700168726708,96.02914948317289,96.33834838867188,,327400
2023-04-21,96.59132476234144,96.59132476234144,96.0385210965522,96.33834838867188,,218100
2023-04-24,96.37583677094536,96.7037717856432,96.34772907660658,96.6850357055664,,145500
2023-04-25,96.27275496432152,96.3945573363346,95.5325548225974,95.60751342773438,,190000
2023-04-26,95.1952594805946,95.1952594805946,94.14586747863684,94.3426284790039,,96500
2023-04-27,94.7455223476084,95.7199628866437,94.52064650506011,95.64500427246094,,183100
2023-04-28,95.49508378296323,96.46952428872164,95.49508378296323,96.43204498291016,,153600
2023-05-01,96.49763235993056,97.02233549490516,96.49763235993056,96.58196258544922,,134400
2023-05-02,96.25402040526264,96.25402040526264,94.4737928216369,95.176513671875,,136300
2023-05-03,95.23275126694696,95.3451892026536,94.26768221792032,94.2770538330078,,92600
2023-05-04,93.90224234330616,94.08026723934924,93.09645522751096,93.50872039794922,,227300
2023-05-05,94.3238721334942,95.14840247573136,94.3238721334942,94.88604736328124,,184900
2023-05-08,95.09218788492974,95.18588257297272,94.6424505229448,94.81110382080078,,198800
2023-05-09,94.35199975066104,94.78300823792452,94.30515597487842,94.4457015991211,,82500
2023-05-10,94.97037421965568,94.97037421965568,93.54618939623582,94.29576110839844,,133900
2023-05-11,93.8647832349528,93.93037023995554,93.3869309708202,93.89289093017578,,113700
2023-05-12,94.19270888656813,94.24892427141988,93.37755721243067,93.8741455078125,,86000
2023-05-15,94.0990112759247,94.34262318346796,93.63053068750496,94.18333435058594,,101500
2023-05-16,93.9772051950961,94.05215665347198,93.06835174560548,93.06835174560548,,219300
2023-05-17,93.57432406597722,94.3613680969608,93.24638190462024,94.23019409179688,,153700
2023-05-18,93.9397394589404,94.47380709989962,93.5930612136539,94.4269561767578,,201900
2023-05-19,94.7173967750406,95.09218265504654,94.26765943779031,94.50189971923828,,132600
2023-05-22,94.53937298711814,94.91415884319944,94.0334131536752,94.29576110839844,,240900
2023-05-23,94.11774888777258,94.63308040281008,93.73359851620091,93.75233459472656,,108200
2023-05-24,93.49935008569284,93.49935008569284,92.8996955467774,93.00276184082033,,112700
2023-05-25,92.67482618106148,92.80600016367951,91.96273374081647,92.55301666259766,,133800
2023-05-26,92.7778873267773,93.48060816957744,92.74977963681668,93.27448272705078,,119700
2023-05-30,93.19952181430818,93.4618697787076,92.75914895330378,93.03086853027344,,140900
2023-05-31,92.61860205125676,93.01212399230148,92.30003871282416,92.75914764404295,,111600
2023-06-01,92.97466006222324,93.59305071734954,92.48743625059994,93.35881042480467,,262900
2023-06-02,93.87414828881388,95.27021852541576,93.87414828881388,95.09219360351562,,221200
2023-06-05,95.18588784115256,95.38265598991364,94.67993506802854,94.7174072265625,,194800
2023-06-06,94.62370648809058,95.04534330335257,94.49253249626145,94.91416931152344,,117100
2023-06-07,95.0266052444026,95.70121846675023,94.6986702469966,95.59815216064452,,211400
2023-06-08,95.57003172119866,96.01040457974376,95.26083284412071,95.91670989990234,,93100
2023-06-09,95.89797601698876,96.22591100260318,95.74806594432782,95.93545532226562,,111800
2023-06-12,96.010423011544,96.31025033366404,95.79491877293562,96.28214263916016,,230700
2023-06-13,96.49762754970756,97.03169512321458,96.40393286370475,96.79745483398438,,137200
2023-06-14,96.83494743921597,97.01297237098704,96.10411878018331,96.4789047241211,,109200
2023-06-15,96.478897186153,97.90307508370766,96.478897186153,97.70631408691406,,237200
2023-06-16,98.02487777201218,98.22163875506747,97.5563971985149,97.60324096679688,,127800
2023-06-20,97.1441389720644,97.2003543574122,96.65692228600768,96.77872467041016,,133100
2023-06-21,96.5257352406638,97.17224072644196,96.25402279578952,96.79745483398438,,148100
2023-06-22,96.6100651702324,96.7787184639067,96.27275858288382,96.49762725830078,,108300
2023-06-23,96.08365270713524,96.31940610119428,95.63101021953052,95.79132080078124,,103300
2023-06-26,95.68758418503202,96.25339086496372,95.56498782138826,96.05535888671876,,118200
2023-06-27,96.1213783131329,96.64946363661824,95.866767802059,96.57402801513672,,145400
2023-06-28,96.49858766242788,96.49858766242788,95.91391661462735,96.3477020263672,,179400
2023-06-29,96.29112657678893,97.0738296508789,96.2156837563559,97.0738296508789,,136000
2023-06-30,97.5358878596588,98.07340527385564,97.48873430619751,97.84708404541016,,104700
2023-07-03,97.63962078240168,98.28087026416912,97.54532086926989,98.1205596923828,,67900
2023-07-05,97.81880036694794,98.0168323524535,97.62076118681983,97.76221466064452,,232000
2023-07-06,97.0172311894764,97.04552763938794,96.39484598924832,96.7248992919922,,805100
2023-07-07,96.51744735317487,97.30958257445096,96.43257957658638,96.46086883544922,,180700
2023-07-10,96.49858923712048,97.2718601479922,96.49858923712048,97.01724243164062,,104800
2023-07-11,97.29069695081336,97.95081068964969,97.15867564197046,97.837646484375,,159800
2023-07-12,98.40345459817706,98.51661880514992,97.88480150411736,98.0168228149414,,224600
2023-07-13,98.1771440906138,98.40346533463077,98.01683350921108,98.28087615966795,,259600
2023-07-14,98.56377000356456,98.56377000356456,97.98853837507384,98.1205596923828,,185800
2023-07-17,97.8659501591326,98.35632125963168,97.65848601620011,98.14885711669922,,163600
2023-07-18,98.1771448050654,99.23332260920157,98.1771448050654,98.79953002929688,,209900
2023-07-19,99.1201578601426,99.69539671887853,99.01642579088713,99.3559112548828,,118200
2023-07-20,99.51621559248174,100.525239770874,99.51621559248174,100.36492919921876,,124800
2023-07-21,100.62897042424812,100.9967451162462,100.36492779354406,100.77042388916016,,124400
2023-07-24,100.94961083303724,101.54370682318569,100.9213143809724,101.33624267578124,,164200
2023-07-25,100.95903700005567,101.411686708424,100.94017989307588,101.14764404296876,,117700
2023-07-26,101.06276511320448,101.64743613138052,101.0250437061006,101.3173828125,,108800
2023-07-27,101.65687034604348,101.7134488605368,100.68556028129645,100.81758880615234,,146500
2023-07-28,101.29852416783372,101.41168839546413,100.8458816465585,101.10992431640624,,118300
2023-07-31,101.27967125083168,101.4682711100622,100.97790715928878,101.3079605102539,,113000
2023-08-01,101.20422424212,101.46826691196772,100.79872808639004,101.10992431640624,,128100
2023-08-02,100.72327434965476,100.91188137526058,100.3554996430014,100.47809600830078,,112200
2023-08-03,100.1574729219156,100.5063905416432,99.83685175348168,100.14804077148438,,186600
2023-08-04,100.42151425389989,100.8364425319336,99.61052199844634,99.72368621826172,,137100
2023-08-07,100.15746904901114,100.87416136699284,100.15746904901114,100.77986145019533,,218500
2023-08-08,100.0631700178131,100.44037688296416,99.48793116724784,100.34607696533205,,104600
2023-08-09,100.43094725292517,100.67613280061911,99.93115120177325,99.99716186523438,,141900
2023-08-10,100.37436934629154,101.07219739204302,99.74254476977728,99.90286254882812,,133100
2023-08-11,99.73312535830608,100.44981055016396,99.66711469077646,100.40266418457033,,131100
2023-08-14,100.26120200322734,100.4215125826642,100.0631700178131,100.34607696533205,,245200
2023-08-15,99.76141197749756,99.8368547939994,98.95985183737857,99.09187316894533,,152600
2023-08-16,99.12958522640896,99.5350813335777,98.497760691084,98.54491424560548,,141500
2023-08-17,98.76181303566602,99.11072344735813,98.1488527844096,98.1959991455078,,192500
2023-08-18,97.84708850840444,98.57320578032174,97.84708850840444,98.41289520263672,,211200
2023-08-21,98.46004935930766,98.61092778786684,97.71506778274876,98.31859588623048,,268700
2023-08-22,98.39402772170698,98.46004557527864,97.6113319640558,97.686767578125,,258600
2023-08-23,97.78106880698792,98.29029694310312,97.74334740491032,98.23371124267578,,268500
2023-08-24,98.10169480126012,98.912686999622,97.50759887695312,97.50759887695312,,154700
2023-08-25,97.90367431596844,98.4317596439925,97.36615683719452,98.16771697998048,,152800
2023-08-28,98.46004755958,98.92212218153836,98.27144053405038,98.60149383544922,,128800
2023-08-29,98.76181415652098,99.4219207763672,98.6297856379292,99.4219207763672,,123300
2023-08-30,99.47850295288364,99.85570983295857,99.34648162405084,99.59166717529295,,375800
2023-08-31,99.76140369342627,99.77083584336152,99.14844345083844,99.18616485595705,,100000
2023-09-01,99.7519768524724,99.8745732242882,99.16731302857342,99.44078063964844,,71500
2023-09-05,99.46907329035648,99.64824097408162,98.6580810546875,98.6580810546875,,93800
2023-09-06,98.52607265173565,98.53549760842589,97.90368016825488,98.32803344726562,,218800
2023-09-07,98.20544311241844,98.68638209907424,98.16772170222748,98.39404296875,,154200
2023-09-08,98.49777197075996,98.80896819914535,98.36575063652796,98.71466827392578,,84000
2023-09-11,99.11073905697212,99.20503898864293,98.81840711040552,99.02587127685548,,111400
2023-09-12,98.75238768930996,99.53509072261498,98.75238768930996,99.09187316894533,,130400
2023-09-13,99.18615462115906,99.46906153304472,98.92211200719731,99.07299041748048,,102900
2023-09-14,99.73311633797202,100.28949088616868,99.73311633797202,100.22348022460938,,102800
2023-09-15,99.9217255625642,100.18576823361452,99.4030723714648,99.47850799560548,,126400
2023-09-18,99.73312065464891,99.8179884254888,99.21446029521805,99.59166717529295,,109400
2023-09-19,99.64823779233572,99.64823779233572,98.79009922292768,99.22388458251952,,103300
2023-09-20,99.48792912710276,99.90285738972244,98.95984384349396,98.96926879882812,,141900
2023-09-21,98.6892657332163,98.73672184041187,97.75903768112116,97.7685317993164,,167400
2023-09-22,97.83497592862844,98.01532796449146,97.4268157498108,97.50275421142578,,148000
2023-09-25,97.22747221234148,97.815984363423,97.08508942267294,97.77801513671876,,168300
2023-09-26,97.2369793085607,97.33189876704628,96.48710327531076,96.62948608398438,,276900
2023-09-27,96.9711960457819,96.9711960457819,95.8416350052182,96.53455352783205,,246300
2023-09-28,96.5440523870786,97.17053384125136,96.53455826877256,96.87627410888672,,114900
2023-09-29,97.36035136295736,97.36035136295736,95.90806298252993,96.2497787475586,,115900
2023-10-02,95.98401684962865,96.01249196097446,94.84496170256568,95.40499877929688,,114000
2023-10-03,95.04430264966317,95.37653162144248,94.34188995762833,94.62665557861328,,242400
2023-10-04,94.65512837375898,94.68360348678186,93.81033289192489,94.5222396850586,,140900
2023-10-05,94.36088114275938,94.6171644161403,93.8672883498832,94.35138702392578,,209500
2023-10-06,93.89576925322756,95.39552147820248,93.2977700838779,94.97786712646484,,355300
2023-10-09,94.93987486266248,95.85112181668028,94.86394365140224,95.82263946533205,,112100
2023-10-10,96.1453791681854,96.7908415690608,95.9175710390205,96.29724884033205,,155700
2023-10-11,96.34471112886038,96.4870939237342,95.6233102788856,96.14537811279295,,190000
2023-10-12,96.34470709417832,96.34470709417832,95.1202266965655,95.62330627441406,,206800
2023-10-13,96.0884317576768,96.64846160031928,95.57585802064176,95.88909149169922,,151400
2023-10-16,96.4776025905141,97.14204599658086,96.44912747909552,96.7813491821289,,168100
2023-10-17,96.3067578012726,97.40784387207322,96.3067578012726,97.00917053222656,,148700
2023-10-18,96.86678442100096,96.9332287634341,95.96503149724822,96.17385864257812,,143700
2023-10-19,96.14538470999152,96.50608153878392,95.26262001146904,95.3480453491211,,163700
2023-10-20,95.32906047092028,95.52839349254428,94.49375915527344,94.49375915527344,,137800
2023-10-23,94.29439943618296,94.65510341774689,93.75335070572558,93.83878326416016,,160500
2023-10-24,94.19001118325828,94.72156589979711,94.07610349747571,94.4083251953125,,157700
2023-10-25,94.26594648888168,94.5032487464748,93.79134197369548,93.95271301269533,,183900
2023-10-26,93.74387523109056,94.14254124056052,93.41165355653229,93.51605987548828,,426400
2023-10-27,93.41166092454432,93.41166092454432,91.8549515060312,92.13971710205078,,196500
2023-10-30,92.5858401987527,93.41165457758666,92.50040762899566,93.20282745361328,,244700
2023-10-31,93.44014338649988,94.04763661336789,93.09842754115031,94.02864837646484,,136800
2023-11-01,94.1140727260699,94.66461567785078,93.93372070072,94.4083251953125,,175300
2023-11-02,94.91140884059756,96.1169083636306,94.87343961038732,96.10741424560548,,258600
2023-11-03,96.70543444846402,97.06613859329738,96.62950321334962,96.66746520996094,,236000
2023-11-06,96.66745650542434,96.8667968000886,96.20234604895364,96.44914245605467,,130300
2023-11-07,96.14537811279295,96.31623601826358,95.91756998612874,96.14537811279295,,115100
2023-11-08,96.2118353075182,96.25929865944823,95.54739183184242,95.90808868408205,,133900
2023-11-09,96.0694419553121,96.0694419553121,95.07277685112729,95.13922119140624,,129600
2023-11-10,95.5568668747476,96.21182339243876,95.05378727091116,96.16436004638672,,113600
2023-11-13,95.9840129987876,96.30674057027925,95.80366097831303,96.12638854980467,,123300
2023-11-14,96.99966797983002,97.8729385033425,96.95220463407595,97.58817291259766,,184800
2023-11-15,97.76852886971284,98.24313337878912,97.73055963995994,98.0438003540039,,239300
2023-11-16,97.8824328531422,98.06277763527804,97.49325369432673,97.85395050048828,,152400
2023-11-17,98.15771141100204,98.35704444262626,97.94888426114127,98.30008697509766,,246500
2023-11-20,98.17668859792605,98.86961436450872,98.0343057974622,98.62281799316406,,207100
2023-11-21,98.40449888648357,98.70824548790328,98.22415409438106,98.52790069580078,,301500
2023-11-22,98.6133227172979,98.92656342626202,98.56585937040396,98.80316162109376,,152800
2023-11-24,98.96452803254331,99.33471894697574,98.96452803254331,99.23979949951172,,85600
2023-11-27,99.10692221756062,99.10692221756062,98.73672401868228,98.8506317138672,,309700
2023-11-28,98.74619974790276,99.26826753458084,98.67975541522456,98.860107421875,,162000
2023-11-29,99.19234539112908,99.45812276553204,98.82215444222632,98.94554901123048,,201600
2023-11-30,99.14487647146603,99.91374068066403,98.97401856296534,99.82830810546876,,265100
2023-12-01,99.78085394124165,100.61615526466028,99.67644037057804,100.57818603515624,,182800
2023-12-04,100.1035922597796,100.76804298449083,100.1035922597796,100.5687026977539,,152400
2023-12-05,100.33139676514692,100.35038500218783,99.81883023529136,99.91374969482422,,267100
2023-12-06,100.15104497970069,100.29342778001497,99.52456355507388,99.60050201416016,,180300
2023-12-07,99.9042510445082,100.0086646178252,99.61948543693642,99.83780670166016,,139000
2023-12-08,99.88526403654338,100.35986852599558,99.71440613066498,100.1890106201172,,119200
2023-12-11,100.52124389091824,101.19518147452784,100.52124389091824,101.17619323730467,,147600
2023-12-12,101.0812666519738,101.37552637306636,100.69209471901804,101.30908203125,,156900
2023-12-13,101.15720761192246,102.78984832763672,100.97685557601044,102.78984832763672,,179900
2023-12-14,103.34987259832371,104.00482912119992,103.23597215392084,103.672607421875,,218300
2023-12-15,103.19800567626952,103.3973387011784,102.9417151857509,103.19800567626952,,224100
2023-12-18,103.6441232286898,103.85295034764928,103.48275221010977,103.52072143554688,,285300
2023-12-19,103.54919623348394,104.19465858019976,103.54919623348394,104.16618347167967,,225100
2023-12-20,103.95735801049038,104.09025392218464,102.51456363465616,102.56202697753906,,278200
2023-12-21,103.163367814365,103.48840873801444,102.65667479028716,103.46929168701172,,222600
2023-12-22,103.68916854264852,104.28189922520347,103.56488947909035,103.91860961914062,,125500
2023-12-26,104.0620106721586,104.6738583914914,103.9950900557878,104.4539794921875,,252700
2023-12-27,104.50178142425962,104.66430918179108,104.23409894427915,104.65474700927734,,221300
2023-12-28,104.4922262164509,104.84594636653938,104.4922262164509,104.68342590332033,,192200
2023-12-29,104.6356185621164,104.73122569590456,104.16717424051552,104.55914306640624,,160300
2024-01-02,104.1576228808776,105.45780126232404,104.10026442969058,105.2666015625,,185600
2024-01-03,104.99891416886382,105.23791742939908,104.62606966593286,104.70254516601562,,234600
2024-01-04,104.87462780535304,105.41955494762142,104.65474889018898,104.70254516601562,,162000
2024-01-05,104.6643075417454,105.28571016319124,104.4348591678142,104.82682800292967,,205100
2024-01-08,104.6069406624278,105.52471226675888,104.41574098003396,105.46735382080078,,165700
2024-01-09,105.12319824339666,105.14232258967836,104.79815729461812,104.9893569946289,,243900
2024-01-10,104.94154546755044,105.11362810203572,104.58782531996442,105.01802825927734,,223900
2024-01-11,104.97023461912308,104.97023461912308,104.14806282192706,104.7599105834961,,196500
2024-01-12,104.9893487876942,105.30483483247164,104.46353871306518,104.76946258544922,,145300
2024-01-16,104.43485809495854,104.52090305774892,103.91861019961736,104.13849639892578,,144100
2024-01-17,103.51708443390976,104.10981510800228,103.27808118861766,103.56488800048828,,149600
2024-01-18,103.46929437578176,104.023776394875,103.10600475308544,103.95685577392578,,266300
2024-01-19,104.1863025852898,105.14231560947788,103.77521669313693,104.93199157714844,,129300
2024-01-22,105.00847018793624,105.4482426106408,105.00847018793624,105.14231872558594,,349300
2024-01-23,105.25703609302676,105.629880601668,105.18055329797194,105.61076354980467,,232000
2024-01-24,105.93579913390155,106.04096114833666,105.29527216874266,105.35263061523438,,171100
2024-01-25,105.86887794818232,106.21304321289062,105.476916409587,106.21304321289062,,126600
2024-01-26,106.088776518064,106.39470042305284,106.002731544954,106.25129699707033,,122100
2024-01-29,106.2990997969501,106.6050236997132,105.907130921703,106.58589935302734,,143700
2024-01-30,106.49029895496857,107.21687095548084,106.45205755559412,107.1690673828125,,200800
2024-01-31,107.19773510731784,107.30289712086416,106.20348071166218,106.2417221069336,,327700
2024-02-01,106.375564334954,107.22642262352272,106.050523412818,107.2072982788086,,144500
2024-02-02,107.03520295663724,107.70441636009032,106.65279633949258,107.22640991210938,,149700
2024-02-05,106.9109377314947,106.94917912753444,106.27996563753968,106.5667724609375,,169500
2024-02-06,106.78665946834444,107.13082476499903,106.66238039214184,107.03522491455078,,168300
2024-02-07,107.42718793005902,107.56102917215432,107.14994327320426,107.38894653320312,,122700
2024-02-08,107.39849886462478,107.39849886462478,106.9969751478628,107.36981964111328,,351000
2024-02-09,107.2933451315098,107.2933451315098,106.844017842222,107.28378295898438,,202800
2024-02-12,107.3029055584049,108.01991536507366,107.14994725909204,107.76179504394533,,167400
2024-02-13,107.09257590220123,107.28378288357258,105.7924048978789,106.48072814941406,,152500
2024-02-14,106.8727025630082,107.10214365881586,106.47117882189455,106.9874267578125,,128700
2024-02-15,107.13082117953589,108.335399677512,107.13082117953589,108.21112060546876,,180600
2024-02-16,108.05815887451172,108.55528976804317,107.86695917318492,108.05815887451172,,135600
2024-02-20,107.92430525062974,108.40231174294144,107.81914323881716,108.01990509033205,,186800
2024-02-21,108.00079295614609,108.5839614868164,107.7809067504013,108.5839614868164,,178000
2024-02-22,108.85164492717632,109.72161299767718,108.64132089212318,109.5208511352539,,208200
2024-02-23,109.6546973700266,110.1709453085371,109.6546973700266,109.8076629638672,,173800
2024-02-26,109.94149541866294,110.1422572741714,109.32964767983702,109.39656829833984,,157300
2024-02-27,109.51128707027236,109.51128707027236,109.14799747881789,109.44436645507812,,140400
2024-02-28,109.186247465404,109.60689553333044,109.13845119010364,109.32965087890624,,145400
2024-02-29,109.77897495855612,109.8076541816573,109.15756504742971,109.39656829833984,,153800
2024-03-01,109.54953206074724,110.1900663484846,109.35833236798432,110.15182495117188,,175100
2024-03-04,109.92239014883876,110.49599655373952,109.89370362886274,110.26654815673828,,159100
2024-03-05,110.1422587609488,110.60114821816283,109.3965697750514,109.77897644042967,,389100
2024-03-06,110.34302642992074,110.97399855509248,110.19962301112707,110.47686767578124,,175100
2024-03-07,111.02179972555642,111.27992734952242,110.81148296836344,111.04092407226562,,157400
2024-03-08,111.06003358466032,111.27035762137436,110.763671875,110.763671875,,156000
2024-03-11,110.57247990958962,111.27036539602976,110.37171073775215,111.26080322265624,,147500
2024-03-12,111.54759593709912,111.85351980207074,111.17475145459626,111.671875,,137500
2024-03-13,111.82484845627258,112.21681001690814,111.65276581424212,111.92044830322266,,112500
2024-03-14,112.00648356162428,112.06384200606192,110.76366377760728,111.34683227539062,,130600
2024-03-15,110.77323738154112,111.47112284022236,110.7541130355548,111.19387817382812,,123700
2024-03-18,111.624085458548,111.73880235620548,111.21299955640714,111.50936126708984,,118400
2024-03-19,111.40420225225004,112.07341577976617,111.39464007925385,111.99693298339844,,107400
2024-03-20,111.9013220964716,112.88601429771916,111.7579186908782,112.86688995361328,,159500
2024-03-21,113.41313996342016,114.22096343489834,113.28812176059984,113.8459014892578,,139900
2024-03-22,113.98054865039128,114.09595515800504,113.33621215820312,113.33621215820312,,146500
2024-03-25,113.26888712577376,113.56701141544552,113.04770050349462,113.10540008544922,,154500
2024-03-26,113.25927858679384,113.3650660549746,112.96115426947382,113.02847290039062,,193000
2024-03-27,113.6150972460228,114.61526489257812,113.6150972460228,114.61526489257812,,135000
2024-03-28,114.68259630187276,115.1057461749095,114.57680883361355,114.9326400756836,,158200
2024-04-01,114.93263461858696,114.9903342031958,114.30752888233064,114.47101593017578,,176500
2024-04-02,113.83629750945168,113.89399709356456,113.41314766014364,113.7978286743164,,123600
2024-04-03,113.65357237685411,114.09595297513974,113.46123553835778,113.7978286743164,,134200
2024-04-04,114.4229353103154,114.61527215033315,112.35528126281376,112.51876831054688,,211400
2024-04-05,112.61493050725208,113.6631860378068,112.51876209255764,113.28812408447266,,160100
2024-04-08,113.34581298377223,113.53814979503468,113.2015567067359,113.31696319580078,,126800
2024-04-09,113.5285641715046,113.68243218842696,112.47068945499768,113.38430786132812,,134800
2024-04-10,112.2494825177954,112.663013285733,111.62437684479492,112.1148452758789,,258100
2024-04-11,112.3360408603951,112.54761578236054,111.31664242239432,111.98021697998048,,196600
2024-04-12,111.4224302645474,111.54744847469102,110.0472006042474,110.36456298828124,,210100
2024-04-15,111.528212275008,111.70131835445872,109.5951956106716,109.8548583984375,,201500
2024-04-16,110.2683885712866,110.2683885712866,109.32592051344515,109.56634521484376,,145400
2024-04-17,109.97026104524778,110.04719871348198,109.01818124668432,109.25860595703124,,206500
2024-04-18,109.60481517173478,110.14336416049396,109.21051513555062,109.38362121582033,,271200
2024-04-19,109.60481506843227,110.46072642640912,109.60481506843227,110.23953247070312,,223400
2024-04-22,110.61459916828083,111.6917045281862,110.26839433039052,111.12430572509766,,195800
2024-04-23,111.58591379391932,112.1917887511102,111.45127654502797,112.05714416503906,,189200
2024-04-24,111.78786956467408,112.06676310488731,111.278170360456,111.96097564697266,,193100
2024-04-25,111.489743544928,111.95136220294884,111.05698201449194,111.7109375,,175700
2024-04-26,111.41281938623295,111.95137577541264,111.21086349173328,111.60516357421876,,139600
2024-04-29,111.78787290653102,112.13408508147803,111.52821744391072,112.07638549804688,,155500
2024-04-30,111.80710849523967,111.80710849523967,110.6530654921319,110.68191528320312,,256300
2024-05-01,110.42227450261082,111.42244230336463,110.21069955706164,110.2491683959961,,172500
2024-05-02,110.98005189215796,111.01852072770616,110.037583764178,110.80694580078124,,179300
2024-05-03,111.64361541971502,111.64361541971502,110.7396234944908,111.35511016845705,,138600
2024-05-06,111.88403208679668,112.07637624431942,111.6724645192907,112.06675720214844,,145300
2024-05-07,112.4033512293982,112.7014828417119,112.38412048207768,112.49952697753906,,227700
2024-05-08,112.29758071271488,112.84574880876616,112.27834996249402,112.74958038330078,,145400
2024-05-09,112.86497920877548,113.60548410532073,112.67264237094504,113.55740356445312,,119000
2024-05-10,113.90361957793394,114.13442525853873,113.81706286196946,114.00940704345705,,99300
2024-05-13,114.34599703030702,114.56718366143116,113.79782896827837,113.94208526611328,,225400
2024-05-14,114.04786303298326,114.45178212600388,113.79782661489898,114.3556137084961,,175600
2024-05-15,114.76912984759308,115.509642023235,114.72104931049678,115.45194244384766,,170400
2024-05-16,115.60582246298152,115.79816664291788,115.37501678423811,115.4327163696289,,122300
2024-05-17,115.42309162541946,115.76930379502474,115.33654225160808,115.7308349609375,,107900
2024-05-20,115.71160780847472,115.7885454790402,115.03842153397696,115.08650207519533,,146300
2024-05-21,115.04803191230356,115.32692546200003,114.9614825368012,115.22113800048828,,115100
2024-05-22,114.95186004184863,115.25960337413784,114.55756733665608,114.86531066894533,,346000
2024-05-23,114.99032962464534,114.99032962464534,113.2977376174382,113.49008178710938,,183500
2024-05-24,113.8074417109924,114.05748547370553,113.5381671990768,113.66319274902344,,100600
2024-05-28,113.6631977094751,113.6631977094751,112.58609227762592,113.02847290039062,,107000
2024-05-29,112.23024687611608,112.2398659185136,111.72054768674155,111.7974853515625,,177800
2024-05-30,111.682076423565,112.25910155998356,111.62437684479492,112.1148452758789,,167500
2024-05-31,112.278344401452,113.94208669460366,112.2110257732424,113.90361785888672,,149400
2024-06-03,113.99016289075333,114.01901268214613,112.48029599802956,113.25926971435548,,160800
2024-06-04,112.98999530718793,113.40352610425404,112.61493334440468,113.21118927001952,,183700
2024-06-05,113.46122631212646,113.8074311258318,112.89382021149544,113.78820037841795,,204100
2024-06-06,113.75936279231895,114.02863730807609,113.44200039709936,113.81706237792967,,116200
2024-06-07,113.57663898632347,114.47101925967516,113.42277097716445,113.68242645263672,,99200
2024-06-10,113.65356212657449,114.0670928955078,113.3746685998818,114.0670928955078,,162500
2024-06-11,113.61510122649491,113.61510122649491,112.81688942235878,113.40352630615234,,130500
2024-06-12,114.6537488295938,114.6537488295938,113.1919623316049,113.5189437866211,,195400
2024-06-13,114.08633403104602,114.08633403104602,113.20157283370712,113.8939971923828,,127500
2024-06-14,113.41313843782268,113.81705016812846,112.9515197909164,113.78820037841795,,137500
2024-06-17,113.77857379705549,114.78836039309012,113.5189183696866,114.74027252197266,,118300
2024-06-18,114.75953121807296,115.28846120947492,114.75953121807296,115.10574340820312,,122600
2024-06-20,115.01918089182604,115.5577372366367,114.84607480549045,115.30769348144533,,132800
2024-06-21,115.39424532148176,115.39424532148176,114.76913958873752,114.9903335571289,,123200
2024-06-24,115.22114486750333,116.15399399069632,115.12497644326476,115.64429473876952,,136000
2024-06-25,115.48079846804453,115.48079846804453,114.39407408305011,114.68258666992188,,172800
2024-06-26,114.58642090803345,114.61527069995302,114.16327106073288,114.41331481933594,,170900
2024-06-27,114.46556819533062,114.4752469526045,113.73013767981809,114.31073760986328,,185800
2024-06-28,114.66877746582033,115.2493773941648,114.16559282998271,114.66877746582033,,360600
2024-07-01,114.9977856453404,115.500977682549,114.12688941192286,114.34944915771484,,281900
2024-07-02,114.31074133358716,114.78490447998048,114.09786034572788,114.78490447998048,,159200
2024-07-03,114.94940366999752,115.0655266100771,114.65910001116296,114.8526382446289,,171800
2024-07-05,115.09454176808136,115.09454176808136,114.23331703441008,114.75585174560548,,174900
2024-07-08,114.8429528169808,115.38484507375392,114.68812223920088,114.88166046142578,,164300
2024-07-09,114.86231248788334,115.36550452473308,114.61072385218738,114.93972778320312,,284200
2024-07-10,115.0558455769166,115.9944856881562,114.9010149932064,115.97512817382812,,176900
2024-07-11,116.14930883420271,116.72990875738428,115.9460992302256,116.5654067993164,,264800
2024-07-12,116.86538099131916,117.86208625521826,116.75894419424029,117.20407104492188,,245100
2024-07-15,117.52338637741958,118.19108028899134,117.50403624758512,117.73627471923828,,246800
2024-07-16,118.01691147551162,119.29423427234003,117.97820382921635,119.26520538330078,,366500
2024-07-17,118.82007699591516,119.91354030445169,118.82007699591516,119.59420776367188,,220700
2024-07-18,119.303913090657,120.2909322321406,118.40398061633576,118.6749267578125,,192300
2024-07-19,118.74265521091549,118.77168409799374,117.66854209265075,117.77498626708984,,159400
2024-07-22,118.08464085974232,118.25882156615836,117.47501207865028,118.23947143554688,,220900
2024-07-23,118.30721593840788,118.35559495956048,117.80402391586578,117.88143920898438,,173200
2024-07-24,117.70725481571226,118.03626610982931,117.20407019160956,117.32986450195312,,178600
2024-07-25,117.32986591150718,118.9265212334466,117.26212937701176,117.66854858398438,,392400
2024-07-26,118.4233306875187,119.67162459530786,118.31688650588896,119.26520538330078,,158300
2024-07-29,119.29422912494704,119.29422912494704,118.5007408669542,118.96522521972656,,277600
2024-07-30,119.09102162140948,119.52646971132224,118.7233100650993,119.10070037841795,,226200
2024-07-31,119.836131178894,120.54253283126356,119.42971195120523,119.84580993652344,,184300
2024-08-01,119.89419063372706,120.19416566139698,118.09432570225036,118.5684814453125,,154300
2024-08-02,117.6685483584698,118.1136752104051,115.79127552773896,116.84603118896484,,249700
2024-08-05,114.29138069895048,115.09454770228368,113.76883857808534,114.1849365234375,,335000
2024-08-06,114.46556346687927,116.31380736249254,114.18493857935856,114.9106903076172,,413000
2024-08-07,115.93641331467386,116.55572084552604,114.29137907010924,114.35911560058594,,172000
2024-08-08,114.88166162589422,116.42025174885414,114.8623041121114,116.323486328125,,184300
2024-08-09,116.1880059395754,116.91375762339452,115.76222925592856,116.55571746826172,,273600
2024-08-12,116.71055799714264,116.78797328854412,115.82997566858974,116.17833709716795,,122400
2024-08-13,116.4879917995631,117.32986648906072,116.10093010495731,117.31051635742188,,219100
2024-08-14,117.32018312183102,118.33623848706722,117.32018312183102,118.06529235839844,,161100
2024-08-15,119.29423167789756,119.54582768198053,118.80071842677708,119.4103546142578,,162200
2024-08-16,119.25552465993552,119.83612457933482,119.16843799425348,119.79742431640624,,130900
2024-08-19,119.79742729452188,120.55220794677734,119.79742729452188,120.55220794677734,,131100
2024-08-20,120.43608630434716,120.51350159841982,120.0490172167126,120.22319793701172,,249600
2024-08-21,120.5231769687622,120.687678926997,120.09740024605708,120.41673278808594,,151400
2024-08-22,120.81346993059849,121.03603704302492,119.94256637742942,120.2522201538086,,90900
2024-08-23,120.76509393535136,121.58761110732264,120.58123446320973,121.5198745727539,,168400
2024-08-26,121.78113935607836,122.20691606870126,121.4424566904594,121.66502380371094,,186200
2024-08-27,121.60697009019805,121.7811508178711,121.403760471701,121.7811508178711,,129400
2024-08-28,121.58762177526135,122.19725063986796,121.09410847568697,121.68438720703124,,135200
2024-08-29,122.10048199306972,122.6810819511305,121.4037590903052,122.18756866455078,,159200
2024-08-30,122.3714231499828,123.4455363507534,121.96500393421248,123.30038452148438,,93100
2024-09-03,122.73913963856612,123.09717984741638,121.59729723879671,122.03274536132812,,217600
2024-09-04,122.03274553111883,122.7197896765747,121.66503394675244,122.11016082763672,,336600
2024-09-05,122.197237175654,122.3230388675498,120.590910513624,120.99732971191406,,295700
2024-09-06,120.82314485342664,121.21988528116876,119.32325503819094,119.54582214355467,,176500
2024-09-09,120.08771996116046,121.25859855097538,119.82645258274243,120.74573516845705,,126600
2024-09-10,121.21989221723486,121.22957097438574,120.01998472602584,120.92959594726562,,256800
2024-09-11,120.6489680076878,120.96830054105276,118.5200992173782,120.7650909423828,,196400
2024-09-12,120.96831191649196,121.51020423056951,120.3780331960593,121.47149658203124,,106400
2024-09-13,122.00371656384776,122.4004570384765,121.82953583815664,122.18756866455078,,172900
2024-09-16,122.61334023237625,123.2713554591071,122.5359249391776,123.22296905517578,,125500
2024-09-17,123.3681101841069,123.67776394731536,122.66171599744138,123.05845642089844,,130200
2024-09-18,123.16490602934394,124.22934780865393,122.70042905539812,122.7681655883789,,138300
2024-09-19,124.12291005962766,124.2293542430719,123.3100642390288,123.84228515625,,198100
2024-09-20,123.4455264140788,123.77453769278696,123.09716500496576,123.67776489257812,,241600
2024-09-23,123.92937455210536,124.18096317376909,123.71647881048568,124.08419036865234,,137300
2024-09-24,124.16160139716776,124.32610334785322,123.84227625252193,124.1712875366211,,152300
2024-09-25,124.20033023921997,124.20033023921997,123.15523849577984,123.39715576171876,,109800
2024-09-26,123.7406827735296,124.1396854350612,123.60443723790176,123.99371337890624,,221900
2024-09-27,124.36351457775322,125.01555523251538,124.29539181380188,124.4024429321289,,156700
2024-09-30,124.36352604538088,124.96690445660516,123.73095322188888,124.84038543701172,,229500
2024-10-01,124.73333626039968,124.92797062844627,124.09103690598572,124.58736419677734,,219100
2024-10-02,124.65547924588591,124.7430624838504,123.99371942617604,124.51923370361328,,141800
2024-10-03,124.11049836363476,124.1980890273326,123.61417106888098,123.92559051513672,,104100
2024-10-04,124.4900365754572,124.91824108458808,123.97424883027232,124.89877319335938,,156800
2024-10-07,124.6944100064936,124.85984995475717,123.74068382417605,124.07156372070312,,321200
2024-10-08,124.15915582660944,124.4024524915347,123.82826850140214,124.2856674194336,,128300
2024-10-09,124.15915311488006,125.57027077069662,124.12022475836324,125.4729461669922,,140100
2024-10-10,125.46322809230888,125.46322809230888,124.85985708774312,125.07395935058594,,165600
2024-10-11,125.43403224031088,126.5142700632989,125.43403224031088,126.40721893310548,,139800
2024-10-14,126.51425609493197,127.25387255392106,126.25149155898696,127.15656280517578,,126300
2024-10-15,126.7380998041442,127.380406590167,126.2904422378742,126.4169464111328,,186900
2024-10-16,126.67970477651022,127.40959476589988,126.53373271849225,127.30254364013672,,172900
2024-10-17,127.46798997365585,127.57504110478092,127.11764216721478,127.22469329833984,,187600
2024-10-18,127.10790706701825,127.35120372591312,126.74783276374173,127.21495819091795,,159500
2024-10-21,127.06899419823884,127.15657743708242,125.94009406541964,126.14445495605467,,183800
2024-10-22,125.68705381644692,126.21258293959453,125.30751160512932,126.05686950683594,,192200
2024-10-23,125.71625297938694,126.017953335376,125.05449313963216,125.62866973876952,,138300
2024-10-24,125.5800035983504,125.70652261959056,124.85011358285794,125.19073486328124,,134800
2024-10-25,125.63840927831929,125.63840927831929,124.21755015830608,124.2662124633789,,220200
2024-10-28,124.43164459041309,124.97662673377148,124.43164459041309,124.80146026611328,,149600
2024-10-29,124.36352501421942,124.71386538335196,124.02291116587874,124.09103393554688,,154900
2024-10-30,123.7796228851323,124.44139016023875,123.69203221829623,123.96452331542967,,179200
2024-10-31,123.61416559516184,123.8574622588016,123.10811180171412,123.1373062133789,,235000
2024-11-01,123.84774029842242,124.26621087228462,123.21516746470164,123.2443618774414,,174000
2024-11-04,123.44872419290412,123.54604137224965,122.53393379726631,122.92320251464844,,118700
2024-11-05,123.020525872825,124.18834686279295,123.020525872825,124.18834686279295,,130100
2024-11-06,127.37067451219376,127.82807342928666,126.69917334243398,127.6431655883789,,202700
2024-11-07,127.92537697612909,127.92537697612909,126.95219036566075,127.18576049804688,,495800
2024-11-08,127.52639099577549,128.3438791887522,127.29283566891245,127.93514251708984,,170500
2024-11-11,128.30492275301458,128.84017837369018,128.09082050474433,128.22706604003906,,183200
2024-11-12,128.3341313101348,128.3341313101348,127.03979115733804,127.20524597167967,,159200
2024-11-13,127.38039756498804,127.73074534620932,126.95219307131204,127.47772216796876,,184000
2024-11-14,127.68208253793831,127.68208253793831,126.53372944550112,126.60184478759766,,2156500
2024-11-15,126.32936716134678,126.60185825802488,125.87196820985471,126.11526489257812,,202900
2024-11-18,126.30017250826263,126.82570165775472,126.08607023989934,126.65052032470705,,224800
2024-11-19,125.9790180940567,126.3974961060066,125.46323031977374,126.03740692138672,,351300
2024-11-20,126.29044544826507,126.39749658199018,125.50216657703966,126.24178314208984,,238000
2024-11-21,126.63103777973424,128.0421702532967,126.3780146053327,127.73074340820312,,242800
2024-11-22,127.85728977410494,128.81100870435702,127.85728977410494,128.71368408203125,,252000
2024-11-25,129.4533144909515,129.90097211074385,129.0543043322631,129.37545776367188,,259800
2024-11-26,129.35597015443906,129.6187347127536,128.71366338951475,129.47274780273438,,174900
2024-11-27,129.67713254617632,130.16372591407944,129.3657056628858,129.4824981689453,,116500
2024-11-29,129.63820548569035,130.23184996047078,129.48249205140195,129.9009552001953,,97100
2024-12-02,129.9690866179055,129.9982810309027,128.78179765718522,129.1029510498047,,185900
2024-12-03,129.3656865067863,129.3948957662143,128.373046875,128.373046875,,492800
2024-12-04,128.49956671901654,128.49956671901654,127.51665348729772,127.97405242919922,,205500
2024-12-05,127.93513848078447,128.20762958662905,127.57504928047796,127.63343811035156,,206000
2024-12-06,127.67235729064176,127.81832934633954,127.21495838325588,127.35120391845705,,359100
2024-12-09,127.61396154243045,127.61396154243045,126.51425595035894,126.5531768798828,,144500
2024-12-10,126.47533868905931,126.47533868905931,125.53134648700184,125.910888671875,,228400
2024-12-11,126.21258296542317,126.21258296542317,125.37564182623744,125.38536834716795,,259400
2024-12-12,125.52160653924466,125.52160653924466,124.71385985979384,124.78199005126952,,242000
2024-12-13,125.40483498290855,125.50215958984056,124.9377095388652,125.30751037597656,,223400
2024-12-16,125.42430667684316,125.73571869909676,124.74306410696543,124.8695831298828,,209800
2024-12-17,124.24673335910964,124.42190724680827,123.77960794179634,124.16887664794922,,284300
2024-12-18,124.22728153804782,124.41218195888928,121.09361923161966,121.15200805664062,,242700
2024-12-19,121.88189633288526,122.23224412767182,120.67514694241216,120.73353576660156,,295100
2024-12-20,120.5097069554951,122.85508296592764,120.5097069554951,122.0765380859375,,264600
2024-12-23,121.8758819846602,122.629588661946,121.2983600775555,122.54149627685548,,444400
2024-12-24,122.70789619986364,123.6084309738694,122.4729757083812,123.59864044189452,,191400
2024-12-26,123.23647008331196,123.99996726412876,123.12879663801856,123.90208435058594,,266200
2024-12-27,123.32455581310334,123.87271354175388,122.63936798727418,123.24625396728516,,230900
2024-12-30,122.24783325245517,122.34571616421432,121.17110628712976,121.88565826416016,,218500
2024-12-31,122.21847271640358,122.53170252402772,121.65074135633866,122.26741790771484,,198900
2025-01-02,122.83514404333208,123.1973190488825,121.49413240556734,122.0031280517578,,271900
2025-01-03,122.49255230897218,123.10922141473527,122.08143957179678,122.93302917480467,,220700
2025-01-06,123.2756309725978,123.86293595152448,122.46318855995548,122.67853546142578,,232600
2025-01-07,123.30498926149583,123.53011921656116,122.27719999606036,122.56106567382812,,556500
2025-01-08,122.54149187107882,122.86450473945196,121.77799468912616,122.81556701660156,,369400
2025-01-10,122.32614738595176,122.4142397696076,120.79915299201517,120.9949188232422,,312400
2025-01-13,120.71105018216716,122.1499521571855,120.71105018216716,122.13037109375,,281500
2025-01-14,122.4436114893446,123.02113342285156,121.93461581580247,123.02113342285156,,220600
2025-01-15,124.51875846682093,124.69495070552422,124.00976281500468,124.4208755493164,,214100
2025-01-16,124.46982114295092,125.21373729277155,124.2838383715018,125.10606384277344,,243200
2025-01-17,125.79124849433694,126.2806705388132,125.42908096093666,126.02617645263672,,263700
2025-01-21,126.6135006027868,127.56298065185548,126.6135006027868,127.56298065185548,,298900
2025-01-22,127.79787926784054,127.79787926784054,126.9267086438085,127.01480102539062,,279900
2025-01-23,127.3084648288349,128.20899963378906,127.18121031275162,128.20899963378906,,271600
2025-01-24,128.14049170967317,128.42434994233716,127.934927865624,128.12091064453125,,353000
2025-01-27,127.40636830709506,128.5809783935547,127.40636830709506,128.5809783935547,,277900
2025-01-28,128.55160789627743,128.55160789627743,127.36719986715842,127.56298065185548,,324100
2025-01-29,127.56297186265338,128.27752388243843,127.14206112772808,127.38677215576172,,244800
2025-01-30,128.2089942087021,128.9431272732393,127.93491905948623,128.66905212402344,,226300
2025-01-31,128.69843665108226,129.0508211753539,127.85663000620998,127.99366760253906,,253300
2025-02-03,126.36876988740782,128.1502582502262,126.22193432174136,127.72936248779295,,379100
2025-02-04,127.32804230903432,127.8957736793011,127.19100473248552,127.71957397460938,,267000
2025-02-05,128.2285660241515,128.80608040863405,127.68041576525452,128.78651428222656,,387200
2025-02-06,129.26615167073288,129.26615167073288,128.05239452496414,128.64947509765625,,193200
2025-02-07,128.9626976123746,128.9626976123746,127.71956154439889,127.77828979492188,,295500
2025-02-10,128.2775115966797,128.28729465991276,127.55316164612326,128.2775115966797,,194200
2025-02-11,128.0621851119085,128.94313889435972,127.85662126348224,128.90399169921875,,210700
2025-02-12,128.0523928558335,128.55159797192724,127.81746489391986,128.29710388183594,,210000
2025-02-13,128.68863679081792,129.2955153616478,128.30688818400947,129.15847778320312,,281700
2025-02-14,129.37381456944442,129.64788970490838,128.83544736193497,128.84524536132812,,163400
2025-02-18,128.82567017050883,129.54022216796875,128.6396874052579,129.54022216796875,,239700
2025-02-19,129.3248894500355,130.19606018066406,129.30532332016213,130.19606018066406,,238800
2025-02-20,129.75556566400914,129.75556566400914,128.9039761148641,129.62831115722656,,362500
2025-02-21,129.14868241468287,129.3150841057996,128.0425838923473,128.13067626953125,,210700
2025-02-24,128.48306047639508,128.97248248558807,128.17962122045134,128.2775115966797,,338400
2025-02-25,128.5222308423237,129.0410170104557,127.97408054663518,128.6005401611328,,232200
2025-02-26,128.81590159094424,129.02145050703626,127.85662352925792,128.16986083984375,,196200
2025-02-27,128.37538621130184,129.4031754111919,127.8174528911168,127.84681701660156,,207700
2025-02-28,128.29710532367324,129.7751545603875,127.54339117304204,129.73599243164062,,254400
2025-03-03,130.0883730616003,130.40161033840434,127.86640774017,128.66905212402344,,304400
2025-03-04,127.98387316142627,128.05239942148884,125.71294755441752,125.9870376586914,,647600
2025-03-05,125.85976442839554,127.37697562904444,125.4584348002029,126.90711975097656,,378500
2025-03-06,125.86954878174684,126.57431767009857,125.1647873613823,125.9968032836914,,515000
2025-03-07,125.78146263317524,127.45529255988936,125.69337025176269,127.16163635253906,,403400
2025-03-10,125.8206113835384,127.17142099250754,124.73410132604552,125.6346435546875,,295300
2025-03-11,125.23332283076992,125.3997245438066,123.44203624552595,123.9999771118164,,458300
2025-03-12,124.38171566043124,124.52854376451016,122.79598557875649,123.43223571777344,,279400
2025-03-13,123.52033898122872,124.16637220184823,122.57085901232954,122.98197174072266,,254600
2025-03-14,123.49097660950652,124.97881637208428,123.16795626060882,124.78305053710938,,291800
2025-03-17,124.59706341428786,126.740726863943,124.59706341428786,126.35897827148438,,250500
2025-03-18,126.16322346870516,126.34920624927967,125.41930728238364,125.80105590820312,,468500
2025-03-19,126.0065977783856,127.07354920691898,125.67379436646456,126.59391021728516,,265000
2025-03-20,125.95764676424903,126.9364908265238,125.7814620023076,126.3687744140625,,310100
2025-03-21,125.66401832293398,126.01640281876556,124.9788229286,125.80105590820312,,247000
2025-03-24,126.61348944454566,127.30846038665224,126.55474625272736,127.07354736328124,,231300
2025-03-25,127.33781670053864,127.3573977632765,126.3100274784338,126.71135711669922,,352900
2025-03-26,127.01480704894432,127.74894013556133,126.61349231293536,126.87776947021484,,240400
2025-03-27,126.7537841796875,127.2950074499462,126.32080556348052,126.7537841796875,,177700
2025-03-28,126.65539473033483,126.86203406873568,125.13996951107602,125.258056640625,,297500
2025-03-31,124.73651890089148,127.29501332613572,124.73651890089148,126.78330993652344,,388600
2025-04-01,126.35032365860611,126.9112318620822,125.41549166802318,126.39952850341795,,293700
2025-04-02,125.68118770872697,127.10803813847444,125.6221479001487,126.8817138671875,,274300
2025-04-03,124.3527400925814,124.99235804236793,122.4830685662071,122.64051055908205,,454900
2025-04-04,120.07217354073931,120.52483709996672,115.0043897521421,115.0831069946289,,929400
2025-04-07,112.07195320108865,117.76952730870796,110.4581334115418,114.37460327148438,,991700
2025-04-08,117.9072953334466,118.11394217150146,111.44217351462426,113.03631591796876,,684300
2025-04-09,111.69802041828748,120.77084100876492,111.21583697585544,120.42642211914062,,779800
2025-04-10,118.851965449294,118.851965449294,114.36475997023793,117.3365478515625,,411300
2025-04-11,117.09054121439088,119.53095587520396,116.2344339704695,118.96021270751952,,448600
2025-04-14,120.30834838405374,120.91844643126213,119.48175351922195,120.3280258178711,,408600
2025-04-15,120.62323753570348,121.1250909181562,119.8556900024414,119.8556900024414,,346800
2025-04-16,119.89503932270964,120.3083404817812,117.7203189098726,118.40914916992188,,599600
2025-04-17,117.75968655481384,119.4620735872233,117.75968655481384,118.44851684570312,,409000
2025-04-21,117.89745075852606,117.9368131328252,115.01422253265962,116.14586639404295,,525200
2025-04-22,117.14958846500691,118.97005511220182,117.11022609060852,118.70436096191406,,269200
2025-04-23,120.45595825797096,121.58759466551663,119.10782502769092,119.5112762451172,,253900
2025-04-24,119.30461560334852,120.70195351913948,118.82243968934716,120.51498413085938,,220400
2025-04-25,120.3673840881772,120.49530617264097,119.35382736002732,120.39690399169922,,198700
2025-04-28,120.65275338659885,121.36126108814932,119.8950408417054,120.82003784179688,,310700
2025-04-29,120.52484072862435,121.80408417191256,120.49531331574676,121.55807495117188,,242200
2025-04-30,121.02669068610707,122.15833457080134,119.5408004406338,121.74504089355467,,221100
2025-05-01,121.54822720777489,122.1976951260088,120.89876679714624,121.39078521728516,,284600
2025-05-02,122.80780088052482,123.4769462333666,122.41418464221697,123.18173217773438,,270900
2025-05-05,122.48306795289992,123.00460628232013,121.89264734426588,122.39450073242188,,188700
2025-05-06,121.64663223482304,122.30593509071096,121.31205581799908,121.4695053100586,,223800
2025-05-07,121.71551635587336,122.8471526898851,121.70567388556915,122.33545684814452,,290800
2025-05-08,122.67987357698406,123.89024221855084,122.463384266492,122.75859832763672,,307400
2025-05-09,122.98492361855968,122.98492361855968,122.33545572135796,122.48306274414062,,258700
2025-05-12,124.85458968887492,125.01203918457033,124.2740115656098,125.01203918457033,,281600
2025-05-13,124.70698885691718,124.83491094011768,124.20512797918354,124.26416778564452,,277000
2025-05-14,124.21497504015598,124.25432990751436,123.3096554312002,123.41790008544922,,264800
2025-05-15,123.24076468838642,124.8447494506836,123.21124478609222,124.8447494506836,,185500
2025-05-16,124.75619160380069,125.966552734375,124.56922219842522,125.966552734375,,181600
2025-05-19,125.31708248865424,126.35031660356276,125.26788515419469,126.26175689697266,,198100
2025-05-20,126.11416846717904,126.35032770550303,125.60246509212536,126.07479858398438,,202000
2025-05-21,125.3466114457656,125.47454104133254,123.80167388916016,123.80167388916016,,182700
2025-05-22,123.41789778504422,123.94927857574244,122.84715462011592,123.32933807373048,,314500
2025-05-23,122.26657058863184,123.4474117280958,122.26657058863184,123.17188262939452,,212800
2025-05-27,124.14608948106118,125.04155908811192,123.75247324942788,125.01203918457033,,196600
2025-05-28,124.95299685358404,125.23836092045887,124.03784232425384,124.15592193603516,,238300
2025-05-29,124.59874434966414,124.80539118011984,123.77214952023628,124.77587127685548,,209300
2025-05-30,124.4708147335574,125.29740956281822,124.05752107272954,124.90379333496094,,152600
2025-06-02,124.69715063638384,125.21868896484376,123.83119340488332,125.21868896484376,,495700
2025-06-03,124.93331506884724,125.84846962129288,124.64794348715934,125.76974487304688,,178200
2025-06-04,125.97639978311037,126.0747944574545,125.12028503417967,125.12028503417967,,163800
2025-06-05,125.41549628234064,125.46470112896286,124.68731109948642,124.91364288330078,,191300
2025-06-06,125.87798492298062,126.5274528108584,125.83862255029666,126.23223876953124,,196000
2025-06-09,126.4290443278181,126.81281808063056,125.90750602310402,126.34048461914062,,203300
2025-06-10,126.41921653648278,127.15724418108034,126.40938157336406,126.98995971679688,,343700
2025-06-11,127.0588332929223,127.23596773386784,126.4290503094029,126.8817138671875,,133000
2025-06-12,126.7340854759789,127.56068775134278,126.33064182306155,127.50164794921876,,184300
2025-06-13,126.87185274881004,127.58036041995928,126.39951930644698,126.68489837646484,,229700
2025-06-16,127.26549233086912,127.81655058486665,126.8915535091374,127.186767578125,,171000
2025-06-17,126.81282623416888,126.96044077333238,126.01575877440338,126.07479858398438,,174800
2025-06-18,126.33065795898438,126.96044095409673,126.06496380028058,126.33065795898438,,162200
2025-06-20,126.71442639239322,126.95058562109264,126.30113272695888,126.4192123413086,,223300
2025-06-23,126.62585589740962,127.4229383665344,125.9075131940961,127.3737335205078,,145500
2025-06-24,127.79686106090574,128.69233819915132,127.62957659802646,128.41680908203125,,179200
2025-06-25,128.26920534656898,128.26920534656898,127.61973744246036,127.84606170654295,,139100
2025-06-26,128.1904894806531,128.81042250915283,128.1904894806531,128.72186279296875,,163300
2025-06-27,128.84979714759757,129.73542437253963,128.67266269348207,129.15484619140625,,193100
2025-06-30,129.55840280048974,129.97384251435932,129.21221058552058,129.77601623535156,,492600
2025-07-01,129.7364573890258,131.33886987471666,129.65732385856012,131.09158325195312,,522000
2025-07-02,131.06191871040792,131.22018578177958,130.6168057787064,131.14105224609375,,283100
2025-07-03,131.3388655400421,132.1598589117025,131.3388655400421,131.94224548339844,,179200
2025-07-07,131.6652794414311,131.83343252020867,130.3101536874623,130.94320678710938,,218600
2025-07-08,130.80474154940197,131.15093377631837,130.63658845178347,130.76516723632812,,202500
2025-07-09,131.16082972788922,131.16082972788922,130.2310296186431,130.73548889160156,,228400
2025-07-10,130.7948373007812,131.71475139305116,130.59701101967104,131.4476776123047,,178300
2025-07-11,130.8541744245821,130.87396157924752,130.32992802477375,130.6068878173828,,396100
2025-07-14,130.3991878528748,130.81462758108137,130.1024408775335,130.76516723632812,,164200
2025-07-15,130.71569738134502,130.71569738134502,129.20230451970738,129.2220916748047,,188800
2025-07-16,129.6869921178194,130.00351113447687,128.69784566435214,129.9243927001953,,209100
2025-07-17,129.6869870114469,130.58711387102247,129.6869870114469,130.5079803466797,,220000
2025-07-18,130.87396879417574,130.87396879417574,129.93428265364997,130.12222290039062,,202500
2025-07-21,130.38929150753296,130.88386472958882,129.9936238739821,130.09254455566406,,143400
2025-07-22,129.85514565450038,130.88386642185654,129.85514565450038,130.7156982421875,,166500
2025-07-23,131.1805984843342,131.95213151443875,131.08169289439965,131.94224548339844,,215800
2025-07-24,131.68507675279602,132.14997680952388,131.4081169436617,131.5268096923828,,148200
2025-07-25,131.60592923755135,132.0213689071064,131.2201627520234,131.97190856933594,,162400
2025-07-28,131.89278161526778,131.89278161526778,131.12124860579263,131.30918884277344,,177800
2025-07-29,131.4081095232402,131.63560897650166,131.06190223478328,131.30918884277344,,199200
2025-07-30,131.31906781534624,131.48722088856036,130.11230802576168,130.65634155273438,,151300
2025-07-31,130.02329955925327,130.6662538161914,128.94513353680867,129.2319793701172,,221500
2025-08-01,128.4505536505285,128.4505536505285,127.441620084321,128.05490112304688,,305700
2025-08-04,128.14392033031078,129.1033935546875,128.14392033031078,129.1033935546875,,298700
2025-08-05,129.22209640446755,129.45949699479323,128.59892928809865,129.07373046875,,217500
2025-08-06,129.27156357736806,129.50894908705817,128.81654952849803,129.11329650878906,,240300
2025-08-07,129.80568547746998,129.91449219159404,128.51979206323426,128.9649200439453,,195600
2025-08-08,129.3111112546768,130.00351075142834,129.30122522371502,129.83535766601562,,165200
2025-08-11,130.11231557771103,130.43873571284067,129.43970324581494,129.7364501953125,,129300
2025-08-12,130.14200391729452,131.0322296730261,130.14200391729452,130.96298217773438,,151600
2025-08-13,131.36853625255495,131.70484241971846,131.07178930198498,131.665283203125,,229800
2025-08-14,131.14104316586156,131.66528959694998,130.82450904503511,131.5268096923828,,136200
2025-08-15,131.9719104010632,131.9719104010632,131.2992980962126,131.45755004882812,,185600
2025-08-18,131.5169304800095,131.86312271278817,131.31908909764635,131.56637573242188,,149600
2025-08-19,131.6850716104406,132.61487168758725,131.65539842441905,132.1103973388672,,204500
2025-08-20,132.2884614298181,132.87205425607058,132.15986755200112,132.60498046875,,506000
2025-08-21,132.12029846299237,132.54562419141897,131.73451685835846,132.1103973388672,,138300
2025-08-22,132.75335773295595,134.00956291449913,132.75335773295595,133.63369750976562,,200900
2025-08-25,133.60402811669147,133.62380018006473,132.60498046875,132.60498046875,,189800
2025-08-26,132.5258329512466,133.1588860554871,132.3675809950689,133.05007934570312,,249900
2025-08-27,132.89183356973797,133.59411910749583,132.89183356973797,133.43585205078125,,228900
2025-08-28,133.60401567033307,133.6237877318644,133.05998211468665,133.584228515625,,188200
2025-08-29,133.5051052977832,133.8414114879026,133.21824435848646,133.64358520507812,,224300
2025-09-02,132.98084406058229,133.20834350585938,132.14996470925843,133.20834350585938,,1654300
2025-09-03,132.81270766844622,133.05999429882226,131.8829075233239,132.51596069335938,,904600
2025-09-04,132.63463761065276,133.51497730595906,132.30821748634688,133.4754180908203,,164800
2025-09-05,133.60402394753018,133.94033013251894,132.38736289502395,132.931396484375,,216700
2025-09-08,132.80280384796507,132.80280384796507,132.08073112801358,132.76324462890625,,484700
2025-09-09,132.5752988114054,133.36661899795163,132.555511656118,133.16879272460938,,273500
2025-09-10,133.99966845771482,134.65250872571963,133.76226788030124,134.28651428222656,,183300
2025-09-11,134.54371162938006,135.90872354082092,134.54371162938006,135.82960510253906,,182600
2025-09-12,135.49328448316777,135.7306850787079,134.87013244628906,134.87013244628906,,149200
2025-09-15,135.2657846333708,135.44382375964364,134.61294431734797,134.78109741210938,,216100
2025-09-16,135.00860185887345,135.30533371375986,134.54370182864912,134.81076049804688,,349500
2025-09-17,135.0877409431648,136.14611981988887,134.73164760947182,135.54273986816406,,192900
2025-09-18,135.75045986857418,136.34393866359378,135.53284644911403,135.93838500976562,,286800
2025-09-19,136.22525292585777,136.3241736100343,135.47350704291898,135.97796630859375,,460000
2025-09-22,135.5526174558673,136.31426441805263,135.4240386858604,136.10655212402344,,225900
2025-09-23,136.15600790289278,137.00667448546872,136.047201185592,136.2549285888672,,340600
2025-09-24,136.2944717049623,136.58133260449054,135.8988191941639,135.9878387451172,,268800
2025-09-25,135.86915133924683,136.02741838704367,135.1075043782539,135.49327087402344,,175800
2025-09-26,135.9383812932854,136.57144947308103,135.9383812932854,136.3538360595703,,416000
2025-09-29,136.64515814704694,136.64515814704694,135.85971838685492,136.35682678222656,,525100
2025-09-30,136.167932559911,137.01300769387382,135.96907707376104,136.94342041015625,,443200
2025-10-01,136.44630360861825,137.45045700126468,136.44630360861825,137.30133056640625,,464600
2025-10-02,137.06272721290148,137.38086869687146,136.5755555246306,136.97325134277344,,199500
2025-10-03,137.13231102332838,138.26573269839625,137.13231102332838,137.59959411621094,,191900
2025-10-06,137.9972793362668,138.0668666157485,137.22179153322662,137.49021911621094,,191600
2025-10-07,137.66919961599748,137.85810323268623,137.1024887659313,137.4007568359375,,281200
2025-10-08,137.60953531214213,137.7686136230196,136.92352337070795,137.30133056640625,,199900
2025-10-09,137.52007341880682,137.7686276158444,136.51590475362673,136.7843475341797,,266900
2025-10-10,137.03289702520502,137.39081566346917,134.47775268554688,134.47775268554688,,317400
2025-10-13,135.17370982275085,136.02873679546718,135.1041073715732,135.73046875,,215900
2025-10-14,134.9152032573437,137.37091972183376,134.7262996569148,136.77439880371094,,256500
2025-10-15,137.30133276990404,138.10664587214916,136.36676664167882,137.15219116210938,,164800
2025-10-16,137.38086191725827,137.38086191725827,135.4421423074367,135.8100128173828,,246000
2025-10-17,136.01879543350714,136.92353634549482,135.8796056909355,136.64515686035156,,358800
2025-10-20,137.0130051802955,137.78849301631396,137.0130051802955,137.70895385742188,,229800
2025-10-21,137.78848986874195,138.2756615168734,137.6095381432302,137.71890258789062,,148300
2025-10-22,137.69901757180818,137.71890615422777,136.7246894208573,137.2814483642578,,247400
2025-10-23,137.2118428846899,137.679125952711,136.98317728881034,137.48028564453125,,160200
2025-10-24,138.2856091096262,138.5043380161673,138.07683208009237,138.20606994628906,,147100
2025-10-27,138.52421757762124,138.82248562807345,138.32537726750087,138.80259704589844,,154600
2025-10-28,138.7330035248922,138.84236797808057,137.9177536497516,138.01718139648438,,223000
2025-10-29,137.5995884801487,137.80838066714696,136.37670615785393,136.7644500732422,,386100
2025-10-30,136.22757543532578,137.66918660514352,136.22757543532578,136.44630432128906,,296100
2025-10-31,135.94920399879226,136.8539297126267,135.7702370949221,136.51589965820312,,319900
2025-11-03,136.69486753429288,136.69486753429288,134.95498820759587,135.8497772216797,,183100
2025-11-04,135.2631967404037,135.83984429662536,134.94504008709072,135.60122680664062,,183300
2025-11-05,135.54156869490362,136.5755474196255,135.54156869490362,136.09832763671875,,296400
2025-11-06,135.83984071247136,136.35682250464802,135.67082568381238,136.03868103027344,,186200
2025-11-07,135.87960661603233,136.7843475341797,135.51175125899087,136.7843475341797,,207400
2025-11-10,136.88374693945215,137.40074386729623,136.26733744468524,137.25161743164062,,311700
2025-11-11,137.38085884048115,138.62362973824443,137.38085884048115,138.42478942871094,,203800
2025-11-12,138.67335171112006,139.56815591212003,138.6534782983857,139.29971313476562,,132600
2025-11-13,139.1306920786331,139.46872212700853,137.90780974448478,138.08676147460938,,247500
2025-11-14,137.36098147282243,138.26572230126732,136.82409596494716,137.6791229248047,,227300
2025-11-17,137.62942306073447,137.9873417122238,135.98897142422572,136.35682678222656,,258500
2025-11-18,135.95913716641596,136.9533538915817,135.64098053250214,136.14804077148438,,293000
2025-11-19,136.0883860198228,136.33694019348812,135.39242219712557,136.01878356933594,,228000
2025-11-20,137.00307692636895,137.4305828649262,134.69648668783103,134.74620056152344,,215700
2025-11-21,135.52168197752292,137.02295897044502,134.98481161068256,136.376708984375,,410000
2025-11-24,136.64515666724037,136.86388557247872,135.8199549193947,136.4562530517578,,252900
2025-11-25,136.6451463183847,138.30548639473366,136.6451463183847,138.1464080810547,,594100
2025-11-26,138.29554896504936,139.4090668138865,138.29554896504936,139.00143432617188,,537100
2025-11-28,139.04121491974527,140.06525693182277,139.04121491974527,139.9857177734375,,84800
2025-12-01,139.40907321310382,139.99565745178884,138.8721876752395,138.98155212402344,,170900
2025-12-02,139.03125866964177,139.20027368693977,138.3949605931199,138.86224365234375,,228100
2025-12-03,139.09092181025895,140.3436446654178,139.09092181025895,140.2442169189453,,200900
2025-12-04,140.16467117779953,140.472875938638,139.66756280985533,140.0751953125,,246300
2025-12-05,140.124909719155,140.68166866609428,139.6973886324058,139.83657836914062,,200600
2025-12-08,139.8266433666705,139.8266433666705,138.88214048656695,139.12074279785156,,146000
2025-12-09,139.19034966963366,139.92607555071191,138.6037654083851,138.6335906982422,,181100
2025-12-10,138.85231337349282,140.69160523783748,138.65347305985333,140.4530029296875,,175300
2025-12-11,140.33368917394807,141.5665234139502,140.1845627286245,141.4869842529297,,196100
2025-12-12,141.83495958377998,141.99403789841602,140.94015544185953,141.31796264648438,,216000
2025-12-15,141.82501470422432,142.2425990933805,141.41739736235706,141.8647918701172,,194800
2025-12-16,141.755430125378,141.755430125378,140.10502663183027,140.4828338623047,,335300
2025-12-17,140.7015519867674,141.05947060649223,140.05530202781108,140.18455505371094,,325800
2025-12-18,140.77114641469973,141.14895363540933,139.8664055285498,140.11495971679688,,207500
2025-12-19,140.12490958543776,141.03958716461423,140.12490958543776,140.4530029296875,,209400
2025-12-22,140.80999755859375,141.6199951171875,140.80999755859375,141.52000427246094,,232700
2025-12-23,141.3300018310547,141.8699951171875,141.3300018310547,141.66000366210938,,237700
2025-12-24,141.67999267578125,142.6300048828125,141.66000366210938,142.47999572753906,,208900
2025-12-26,142.47000122070312,142.5800018310547,141.99000549316406,142.35000610351562,,153300
2025-12-29,142.27999877929688,142.52999877929688,142.02000427246094,142.2100067138672,,188500
2025-12-30,142.3000030517578,142.3000030517578,141.9499969482422,142.11000061035156,,136800
2025-12-31,142.11000061035156,142.11000061035156,141.14999389648438,141.16000366210938,,183700
2026-01-02,141.42999267578125,142.55999755859375,140.8300018310547,142.44000244140625,,268700
2026-01-05,142.7899932861328,144.22999572753906,142.7899932861328,143.91000366210938,,257300
2026-01-06,143.77000427246094,145.35000610351562,143.77000427246094,145.14999389648438,,287000
2026-01-07,145.19000244140625,145.19000244140625,143.3800048828125,143.52000427246094,,278200
2026-01-08,143.4199981689453,144.94000244140625,143.33999633789062,144.6199951171875,,345300
2026-01-09,144.89999389648438,145.75999450683594,144.89999389648438,145.52999877929688,,226800
2026-01-12,144.97000122070312,145.7899932861328,144.5800018310547,145.6199951171875,,253700
2026-01-13,145.91000366210938,145.9600067138672,144.92999267578125,145.2899932861328,,213700
2026-01-14,145.00999450683594,146.11000061035156,145.00999450683594,146.11000061035156,,346800
2026-01-15,146.49000549316406,147.0399932861328,146.44000244140625,146.60000610351562,,213000
2026-01-16,146.82000732421875,147.17999267578125,146.60000610351562,146.8699951171875,,211800
2026-01-20,145.58999633789062,146.0800018310547,144.74000549316406,144.9600067138672,,380200
2026-01-21,145.35000610351562,147.38999938964844,145.35000610351562,147.0,,696400
2026-01-22,147.13999938964844,147.6999969482422,146.9199981689453,147.08999633789062,,242600
2026-01-23,146.57000732421875,146.57000732421875,145.64999389648438,146.22999572753906,,191100
2026-01-26,146.41000366210938,146.85000610351562,146.3000030517578,146.69000244140625,,245800
2026-01-27,146.3000030517578,146.6699981689453,146.16000366210938,146.5399932861328,,247700
2026-01-28,146.57000732421875,147.11000061035156,146.30999755859375,146.67999267578125,,226300
2026-01-29,147.47999572753906,148.25999450683594,146.9600067138672,147.74000549316406,,251500
2026-01-30,147.52999877929688,148.38999938964844,146.91000366210938,148.1999969482422,,264700
2026-02-02,147.9499969482422,149.75999450683594,147.72999572753906,149.60000610351562,,322000
2026-02-03,149.41000366210938,150.82000732421875,149.22000122070312,150.25,,462000
2026-02-04,150.5800018310547,151.41000366210938,150.49000549316406,150.9199981689453,,271300
2026-02-05,150.58999633789062,151.08999633789062,149.99000549316406,150.36000061035156,,302400
2026-02-06,151.16000366210938,153.3699951171875,151.16000366210938,153.17999267578125,,203800
2026-02-09,152.6300048828125,153.0800018310547,152.10000610351562,152.77999877929688,,235400
2026-02-10,152.64999389648438,153.25999450683594,152.33999633789062,152.4499969482422,,193100
2026-02-11,153.16000366210938,153.6199951171875,152.75999450683594,153.25,,221100
2026-02-12,153.3300018310547,154.02999877929688,151.58999633789062,151.6999969482422,,212000
2026-02-13,151.61000061035156,153.2899932861328,151.5,152.64999389648438,,182300
2026-02-17,152.6999969482422,153.3800048828125,151.72000122070312,152.35000610351562,,275900
2026-02-18,152.66000366210938,153.24000549316406,152.47999572753906,152.8800048828125,,212900
2026-02-19,152.63999938964844,152.89999389648438,151.97999572753906,152.5,,223400
2026-02-20,152.1300048828125,152.99000549316406,151.7899932861328,152.97000122070312,,222700
2026-02-23,152.57000732421875,153.42999267578125,151.47999572753906,151.8699951171875,,176800
2026-02-24,151.77999877929688,152.5399932861328,151.66000366210938,152.33999633789062,,202900
2026-02-25,152.67999267578125,153.02000427246094,152.0,152.77999877929688,,194600
2026-02-26,152.92999267578125,153.5,152.02999877929688,152.66000366210938,,499100
2026-02-27,151.97999572753906,153.13999938964844,151.5500030517578,153.11000061035156,,238700
2026-03-02,152.19000244140625,153.16000366210938,151.8699951171875,152.7100067138672,,215700
2026-03-03,150.52999877929688,151.55999755859375,149.10000610351562,150.99000549316406,,297100
2026-03-04,151.22000122070312,151.86000061035156,150.2899932861328,151.61000061035156,,209500
2026-03-05,150.60000610351562,150.99000549316406,148.47000122070312,149.5,,256300
2026-03-06,147.8300018310547,148.14999389648438,146.64999389648438,147.89999389648438,,207400
2026-03-09,146.64999389648438,148.64999389648438,145.5,148.27999877929688,,194900
2026-03-10,148.11000061035156,149.5500030517578,147.60000610351562,148.02999877929688,,244600
2026-03-11,147.6199951171875,148.02000427246094,147.02999877929688,147.6999969482422,,277900
2026-03-12,146.52999877929688,146.9600067138672,145.97999572753906,146.02999877929688,,243500
2026-03-13,146.80999755859375,147.66000366210938,146.17999267578125,146.36000061035156,,297776
