Date,open,high,low,close,adj close,volume
2007-01-11,50.29499816894531,50.29499816894531,50.29499816894531,50.29499816894531,30.145252227783203,2000
2007-01-12,50.150001525878906,50.150001525878906,50.150001525878906,50.150001525878906,30.05834579467773,200
2007-01-16,50.185001373291016,50.19499969482422,50.18000030517578,50.19499969482422,30.0853271484375,21600
2007-01-17,50.18999862670898,50.20000076293945,50.119998931884766,50.119998931884766,30.040388107299805,1000
2007-01-18,50.09000015258789,50.1150016784668,50.08000183105469,50.1150016784668,30.037372589111328,14000
2007-01-19,50.20000076293945,50.20000076293945,50.165000915527344,50.165000915527344,30.067333221435547,21600
2007-01-22,50.19499969482422,50.19499969482422,50.19499969482422,50.19499969482422,30.0853271484375,4400
2007-01-23,50.14500045776367,50.14500045776367,50.119998931884766,50.119998931884766,30.040388107299805,400
2007-01-24,50.09999847412109,50.09999847412109,50.09999847412109,50.09999847412109,30.028398513793945,400
2007-01-25,50.04999923706055,50.04999923706055,49.95500183105469,49.96500015258789,29.947473526000977,8400
2007-01-26,49.94499969482422,49.94499969482422,49.94499969482422,49.94499969482422,29.935482025146484,40400
2007-01-29,49.94499969482422,49.94499969482422,49.94499969482422,49.94499969482422,29.935482025146484,0
2007-01-30,49.94499969482422,49.94499969482422,49.94499969482422,49.94499969482422,29.935482025146484,0
2007-01-31,49.92499923706055,50.04499816894531,49.92499923706055,50.04499816894531,29.99541473388672,1600
2007-02-01,50.17499923706055,50.17499923706055,50.0,50.0,30.058244705200195,800
2007-02-02,50.11000061035156,50.11000061035156,50.10499954223633,50.10499954223633,30.121356964111328,6600
2007-02-05,50.07500076293945,50.07500076293945,50.07500076293945,50.07500076293945,30.103334426879883,200
2007-02-06,50.20000076293945,50.310001373291016,50.20000076293945,50.310001373291016,30.244609832763672,3400
2007-02-07,50.3650016784668,50.3650016784668,50.35499954223633,50.36000061035156,30.274667739868164,1600
2007-02-08,50.375,50.400001525878906,50.375,50.400001525878906,30.29871368408203,2600
2007-02-09,50.27000045776367,50.30500030517578,50.27000045776367,50.30500030517578,30.2415828704834,2400
2007-02-12,50.28499984741211,50.28499984741211,50.28499984741211,50.28499984741211,30.229576110839844,200
2007-02-13,50.275001525878906,50.275001525878906,50.220001220703125,50.220001220703125,30.190507888793945,2200
2007-02-14,50.43000030517578,50.43000030517578,50.43000030517578,50.43000030517578,30.316740036010746,200
2007-02-15,50.53499984741211,50.54499816894531,50.53499984741211,50.54499816894531,30.385866165161133,5400
2007-02-16,50.57500076293945,50.619998931884766,50.57500076293945,50.59999847412109,30.41894721984864,3200
2007-02-20,50.6150016784668,50.6150016784668,50.6150016784668,50.6150016784668,30.42797088623047,1400
2007-02-21,50.630001068115234,50.650001525878906,50.61000061035156,50.650001525878906,30.4489974975586,2600
2007-02-22,50.595001220703125,50.595001220703125,50.5,50.53499984741211,30.379865646362305,10200
2007-02-23,50.6349983215332,50.69499969482422,50.6349983215332,50.69499969482422,30.47606086730957,11200
2007-02-26,50.79999923706055,50.79999923706055,50.79999923706055,50.79999923706055,30.539152145385746,4200
2007-02-27,50.95000076293945,51.084999084472656,50.94499969482422,51.08000183105469,30.70751190185547,11600
2007-02-28,50.4900016784668,51.165000915527344,50.4900016784668,51.06999969482422,30.701499938964844,8400
2007-03-01,50.915000915527344,50.97499847412109,50.84000015258789,50.84999847412109,30.694555282592773,23800
2007-03-02,50.959999084472656,51.02999877929688,50.935001373291016,51.02999877929688,30.8032169342041,36800
2007-03-05,50.95000076293945,50.98500061035156,50.95000076293945,50.97499847412109,30.770000457763672,6600
2007-03-06,50.96500015258789,50.96500015258789,50.900001525878906,50.900001525878906,30.72474670410156,27800
2007-03-07,50.915000915527344,51.05500030517578,50.915000915527344,51.05500030517578,30.818302154541016,8400
2007-03-08,50.88999938964844,50.93999862670898,50.88999938964844,50.93999862670898,30.748878479003903,19800
2007-03-09,50.665000915527344,50.75,50.665000915527344,50.709999084472656,30.610027313232425,5000
2007-03-12,50.72499847412109,50.79499816894531,50.72499847412109,50.79499816894531,30.661365509033203,1400
2007-03-13,50.834999084472656,50.94499969482422,50.834999084472656,50.94499969482422,30.75188446044922,10800
2007-03-14,50.89500045776367,50.915000915527344,50.89500045776367,50.915000915527344,30.733795166015625,1000
2007-03-15,50.89500045776367,50.900001525878906,50.86000061035156,50.900001525878906,30.72474670410156,3600
2007-03-16,50.84999847412109,50.84999847412109,50.84999847412109,50.84999847412109,30.694555282592773,400
2007-03-19,50.79999923706055,50.79999923706055,50.790000915527344,50.79499816894531,30.661365509033203,3200
2007-03-20,50.72499847412109,50.7599983215332,50.72499847412109,50.72999954223633,30.622114181518555,20800
2007-03-21,50.70000076293945,50.790000915527344,50.59999847412109,50.73500061035156,30.62513732910156,16800
2007-03-22,50.56999969482422,50.72499847412109,50.56999969482422,50.61000061035156,30.54967498779297,6800
2007-03-23,50.59999847412109,50.59999847412109,50.51499938964844,50.51499938964844,30.49232482910156,1000
2007-03-26,50.59999847412109,50.67499923706055,50.584999084472656,50.66999816894531,30.585887908935547,18400
2007-03-27,50.630001068115234,50.630001068115234,50.57500076293945,50.57500076293945,30.528539657592773,16600
2007-03-28,50.60499954223633,50.650001525878906,50.60499954223633,50.650001525878906,30.57381057739257,5600
2007-03-29,50.525001525878906,50.584999084472656,50.4900016784668,50.4900016784668,30.477235794067383,19400
2007-03-30,50.34999847412109,50.665000915527344,50.34999847412109,50.525001525878906,30.49835586547852,49200
2007-04-02,50.3650016784668,50.369998931884766,50.29999923706055,50.32500076293945,30.51472854614257,5800
2007-04-03,50.31499862670898,50.45000076293945,50.31499862670898,50.400001525878906,30.560211181640625,73000
2007-04-04,50.400001525878906,50.43999862670898,50.27999877929688,50.43999862670898,30.584455490112305,19200
2007-04-05,50.39500045776367,50.400001525878906,50.275001525878906,50.28499984741211,30.490482330322266,19200
2007-04-09,50.18000030517578,50.18000030517578,50.09999847412109,50.13999938964844,30.402587890625,9000
2007-04-10,50.20500183105469,50.310001373291016,50.119998931884766,50.2400016784668,30.46319961547852,83800
2007-04-11,50.290000915527344,50.310001373291016,50.244998931884766,50.244998931884766,30.46623611450196,11600
2007-04-12,50.09999847412109,50.30500030517578,50.09999847412109,50.23500061035156,30.46016311645508,36400
2007-04-13,50.244998931884766,50.244998931884766,50.20000076293945,50.23500061035156,30.46016311645508,54200
2007-04-16,50.27000045776367,50.375,50.185001373291016,50.29499816894531,30.49654197692871,37600
2007-04-17,50.28499984741211,50.380001068115234,50.28499984741211,50.380001068115234,30.548099517822266,34200
2007-04-18,50.400001525878906,50.584999084472656,50.400001525878906,50.584999084472656,30.672393798828125,21800
2007-04-19,50.5,50.54499816894531,50.47499847412109,50.54499816894531,30.648122787475582,15000
2007-04-20,50.51499938964844,50.51499938964844,50.34999847412109,50.5,30.62084197998047,11800
2007-04-23,50.51499938964844,50.560001373291016,50.505001068115234,50.52999877929688,30.63904571533203,9800
2007-04-24,50.59999847412109,50.64500045776367,50.59000015258789,50.63999938964844,30.70573234558105,26800
2007-04-25,50.59999847412109,50.66999816894531,50.595001220703125,50.6150016784668,30.69058990478516,14800
2007-04-26,50.51499938964844,50.6150016784668,50.4900016784668,50.52000045776367,30.63298416137696,36800
2007-04-27,50.46500015258789,50.4900016784668,50.41999816894531,50.41999816894531,30.572349548339844,34000
2007-04-30,50.540000915527344,50.58000183105469,50.52999877929688,50.58000183105469,30.66934394836425,6400
2007-05-01,50.400001525878906,50.45000076293945,50.22499847412109,50.38999938964844,30.68915367126465,48000
2007-05-02,50.38999938964844,50.38999938964844,50.35499954223633,50.375,30.680004119873047,22000
2007-05-03,50.35499954223633,50.35499954223633,50.33000183105469,50.334999084472656,30.65565490722656,6000
2007-05-04,50.43000030517578,50.5,50.415000915527344,50.47499847412109,30.74093437194824,26200
2007-05-07,50.5,50.52000045776367,50.4900016784668,50.5,30.75614356994629,15400
2007-05-08,50.540000915527344,50.54499816894531,50.505001068115234,50.505001068115234,30.75918960571289,12000
2007-05-09,50.525001525878906,50.525001525878906,50.470001220703125,50.470001220703125,30.73787498474121,8200
2007-05-10,50.8650016784668,50.8650016784668,50.435001373291016,50.4900016784668,30.750062942504883,14000
2007-05-11,50.54999923706055,50.58000183105469,50.435001373291016,50.435001373291016,30.716556549072266,18000
2007-05-14,50.43000030517578,50.43000030517578,50.29499816894531,50.31999969482422,30.646522521972656,26800
2007-05-15,50.36000061035156,50.36000061035156,50.29999923706055,50.29999923706055,30.63435745239257,1200
2007-05-16,50.36000061035156,50.3650016784668,50.32500076293945,50.35499954223633,30.66783332824707,7800
2007-05-17,50.29999923706055,50.29999923706055,50.2599983215332,50.28499984741211,30.625205993652344,10200
2007-05-18,50.25,50.25,50.06499862670898,50.13999938964844,30.53692626953125,32000
2007-05-21,50.084999084472656,50.20000076293945,50.08000183105469,50.130001068115234,30.53080368041992,26800
2007-05-22,50.10499954223633,50.165000915527344,50.06499862670898,50.06499862670898,30.49120330810547,30600
2007-05-23,50.09000015258789,50.09000015258789,49.959999084472656,50.060001373291016,30.488178253173828,43600
2007-05-24,49.994998931884766,49.994998931884766,49.95000076293945,49.994998931884766,30.448596954345703,24600
2007-05-25,50.04499816894531,50.04499816894531,50.04499816894531,50.04499816894531,30.47903060913086,400
2007-05-29,50.040000915527344,50.040000915527344,49.97499847412109,50.025001525878906,30.46684455871582,25000
2007-05-30,50.02000045776367,50.04499816894531,50.02000045776367,50.04499816894531,30.47903060913086,11800
2007-05-31,49.91999816894531,49.935001373291016,49.875,49.92499923706055,30.405946731567383,50600
2007-06-01,49.56999969482422,49.595001220703125,49.46500015258789,49.56499862670898,30.327003479003903,24200
2007-06-04,49.51499938964844,49.619998931884766,49.51499938964844,49.54999923706055,30.31784439086914,23800
2007-06-05,49.540000915527344,49.55500030517578,49.43999862670898,49.47999954223633,30.27501678466797,34600
2007-06-06,49.494998931884766,49.525001525878906,49.470001220703125,49.51499938964844,30.29642105102539,29000
2007-06-07,49.369998931884766,49.369998931884766,49.125,49.15999984741211,30.079212188720703,49600
2007-06-08,49.04999923706055,49.095001220703125,49.02000045776367,49.08000183105469,30.030254364013672,40600
2007-06-11,49.0,49.1349983215332,49.0,49.02999877929688,29.999685287475582,67600
2007-06-12,48.97499847412109,48.97499847412109,48.75,48.7599983215332,29.83446884155273,50000
2007-06-13,48.80500030517578,48.86000061035156,48.80500030517578,48.86000061035156,29.8956356048584,3400
2007-06-14,48.84999847412109,48.95000076293945,48.84999847412109,48.88999938964844,29.91401481628418,9000
2007-06-15,48.90999984741211,49.07500076293945,48.90999984741211,49.07500076293945,30.027198791503903,9400
2007-06-18,49.05500030517578,49.06999969482422,49.05500030517578,49.06999969482422,30.02416038513184,3600
2007-06-19,49.125,49.21500015258789,49.125,49.21500015258789,30.11285781860352,13400
2007-06-20,49.20500183105469,49.20500183105469,49.150001525878906,49.165000915527344,30.082284927368164,800
2007-06-21,49.13999938964844,49.13999938964844,49.06499862670898,49.06499862670898,30.021089553833008,1600
2007-06-22,49.0,49.084999084472656,49.0,49.084999084472656,30.033336639404297,2000
2007-06-25,49.22999954223633,49.25,49.15999984741211,49.25,30.134292602539062,21200
2007-06-26,49.209999084472656,49.28499984741211,49.19499969482422,49.27999877929688,30.152626037597656,6200
2007-06-27,49.400001525878906,49.400001525878906,49.275001525878906,49.27999877929688,30.152626037597656,87600
2007-06-28,49.275001525878906,49.29999923706055,49.209999084472656,49.220001220703125,30.115938186645508,6000
2007-06-29,49.39500045776367,49.45000076293945,49.39500045776367,49.45000076293945,30.256654739379883,600
2007-07-02,49.220001220703125,49.2400016784668,49.220001220703125,49.2400016784668,30.262495040893555,2200
2007-07-03,49.34000015258789,49.34000015258789,49.20000076293945,49.21500015258789,30.24712181091309,48000
2007-07-05,49.130001068115234,49.130001068115234,48.959999084472656,48.97499847412109,30.0996322631836,36600
2007-07-06,48.900001525878906,48.915000915527344,48.84999847412109,48.89500045776367,30.050460815429688,10400
2007-07-09,48.81499862670898,48.834999084472656,48.77999877929688,48.77999877929688,29.97977828979492,14600
2007-07-10,49.09000015258789,49.22499847412109,49.01499938964844,49.22499847412109,30.25327682495117,93200
2007-07-11,49.375,49.375,49.04999923706055,49.15499877929688,30.21026039123535,41000
2007-07-12,49.04999923706055,49.084999084472656,49.0,49.04999923706055,30.14571762084961,1800
2007-07-13,48.994998931884766,49.07500076293945,48.994998931884766,49.07500076293945,30.16107940673828,3600
2007-07-16,49.060001373291016,49.2400016784668,49.060001373291016,49.220001220703125,30.250213623046875,2000
2007-07-17,49.125,49.125,49.09999847412109,49.119998931884766,30.18874740600586,4600
2007-07-18,49.165000915527344,49.32500076293945,49.15499877929688,49.21500015258789,30.24712181091309,56800
2007-07-19,49.15499877929688,49.244998931884766,49.15499877929688,49.244998931884766,30.265544891357425,11000
2007-07-20,49.36000061035156,49.44499969482422,49.36000061035156,49.369998931884766,30.34239959716797,14400
2007-07-23,49.35499954223633,49.45500183105469,49.35499954223633,49.41999816894531,30.373136520385746,2200
2007-07-24,49.42499923706055,49.42499923706055,49.34999847412109,49.34999847412109,30.33010482788086,14400
2007-07-25,49.40499877929688,49.42499923706055,49.3849983215332,49.38999938964844,30.35468101501465,27400
2007-07-26,49.3650016784668,49.685001373291016,49.3650016784668,49.505001068115234,30.42536735534668,66400
2007-07-27,49.470001220703125,49.59999847412109,49.34999847412109,49.494998931884766,30.41922950744629,25400
2007-07-30,49.47499847412109,49.48500061035156,49.28499984741211,49.28499984741211,30.29014587402344,36400
2007-07-31,49.22999954223633,49.36000061035156,49.20500183105469,49.36000061035156,30.336238861083984,35800
2007-08-01,49.20000076293945,49.25,49.05500030517578,49.185001373291016,30.37329292297364,6800
2007-08-02,49.18000030517578,49.29999923706055,49.16999816894531,49.29999923706055,30.444299697875977,58600
2007-08-03,49.2400016784668,49.345001220703125,49.2400016784668,49.345001220703125,30.472103118896484,10800
2007-08-06,49.30500030517578,49.375,49.150001525878906,49.23500061035156,30.40417861938477,14600
2007-08-07,49.25,49.27999877929688,49.25,49.27999877929688,30.431961059570312,12200
2007-08-08,49.14500045776367,49.14500045776367,49.14500045776367,49.14500045776367,30.348602294921875,7200
2007-08-09,49.22499847412109,49.22499847412109,49.04999923706055,49.04999923706055,30.289941787719727,17400
2007-08-10,49.17499923706055,49.18999862670898,48.8650016784668,48.8650016784668,30.17571258544922,24600
2007-08-13,49.1150016784668,49.15999984741211,49.1150016784668,49.15999984741211,30.35786247253418,1800
2007-08-14,49.18000030517578,49.18000030517578,49.18000030517578,49.18000030517578,30.37022018432617,200
2007-08-15,49.14500045776367,49.150001525878906,48.91999816894531,48.91999816894531,30.209651947021484,2600
2007-08-16,49.08000183105469,49.45500183105469,49.08000183105469,49.45500183105469,30.540021896362305,1600
2007-08-17,49.21500015258789,49.310001373291016,49.21500015258789,49.310001373291016,30.450502395629883,3000
2007-08-20,49.400001525878906,49.400001525878906,49.400001525878906,49.400001525878906,30.50606346130371,200
2007-08-21,49.650001525878906,49.650001525878906,49.650001525878906,49.650001525878906,30.660459518432617,200
2007-08-22,49.47999954223633,49.525001525878906,49.45500183105469,49.459999084472656,30.543113708496094,6400
2007-08-23,49.380001068115234,49.435001373291016,49.27999877929688,49.27999877929688,30.431961059570312,24200
2007-08-24,49.51499938964844,49.51499938964844,49.38999938964844,49.38999938964844,30.499889373779297,10200
2007-08-27,49.54999923706055,49.59999847412109,49.43999862670898,49.595001220703125,30.62648582458496,1600
2007-08-28,49.57500076293945,49.67499923706055,49.57500076293945,49.67499923706055,30.67588996887207,2800
2007-08-29,49.72499847412109,49.775001525878906,49.57500076293945,49.72499847412109,30.706764221191406,45200
2007-08-30,49.8650016784668,49.89500045776367,49.79999923706055,49.89500045776367,30.811750411987305,27600
2007-08-31,49.7599983215332,49.7599983215332,49.755001068115234,49.755001068115234,30.725297927856445,600
2007-09-04,49.5099983215332,49.52000045776367,49.5,49.52000045776367,30.72374153137207,6800
2007-09-05,49.625,49.84999847412109,49.58000183105469,49.84999847412109,30.9284725189209,6000
2007-09-06,49.6349983215332,49.6349983215332,49.6349983215332,49.6349983215332,30.79507827758789,1400
2007-09-07,49.70000076293945,49.75,49.70000076293945,49.75,30.86642074584961,4000
2007-09-10,49.875,49.875,49.875,49.875,30.944000244140625,2000
2007-09-11,49.90499877929688,49.90499877929688,49.82500076293945,49.84000015258789,30.92226791381836,2600
2007-09-12,49.76499938964844,49.81999969482422,49.67499923706055,49.7400016784668,30.860252380371094,13400
2007-09-13,49.72499847412109,49.72499847412109,49.67499923706055,49.67499923706055,30.819883346557617,4000
2007-09-14,49.630001068115234,49.630001068115234,49.5,49.630001068115234,30.791975021362305,31800
2007-09-17,49.67499923706055,49.67499923706055,49.619998931884766,49.630001068115234,30.791975021362305,4800
2007-09-18,49.65499877929688,49.79499816894531,49.65499877929688,49.79499816894531,30.89435195922852,1000
2007-09-19,49.63999938964844,49.65499877929688,49.48500061035156,49.65499877929688,30.8074951171875,1000
2007-09-20,49.70500183105469,49.70500183105469,49.505001068115234,49.505001068115234,30.71443748474121,1200
2007-09-21,49.40499877929688,49.63999938964844,49.40499877929688,49.6349983215332,30.79507827758789,1000
2007-09-24,49.6349983215332,49.6349983215332,49.6349983215332,49.6349983215332,30.79507827758789,0
2007-09-25,49.82500076293945,49.869998931884766,49.76499938964844,49.790000915527344,30.89124870300293,2400
2007-09-26,49.650001525878906,49.76499938964844,49.650001525878906,49.65999984741211,30.810604095458984,15600
2007-09-27,49.57500076293945,49.77000045776367,49.57500076293945,49.7599983215332,30.872648239135746,9600
2007-09-28,49.95000076293945,49.97499847412109,49.77999877929688,49.77999877929688,30.885047912597656,4400
2007-10-01,49.75,49.83000183105469,49.744998931884766,49.80500030517578,31.04180908203125,9800
2007-10-02,49.845001220703125,49.95000076293945,49.75,49.810001373291016,31.04494285583496,15200
2007-10-03,49.75,49.89500045776367,49.68000030517578,49.81999969482422,31.051143646240234,18000
2007-10-04,49.82500076293945,49.994998931884766,49.80500030517578,49.994998931884766,31.160234451293945,6400
2007-10-05,49.75,49.75,49.47499847412109,49.5,30.851726531982425,6200
2007-10-08,49.55500030517578,49.55500030517578,49.55500030517578,49.55500030517578,30.885995864868164,200
2007-10-09,49.619998931884766,49.72499847412109,49.619998931884766,49.72499847412109,30.99196434020996,1000
2007-10-10,49.54999923706055,49.79999923706055,49.540000915527344,49.79999923706055,31.038686752319336,22000
2007-10-11,49.709999084472656,49.75,49.709999084472656,49.75,31.007511138916016,400
2007-10-12,49.82500076293945,49.86000061035156,49.70000076293945,49.70000076293945,30.97635269165039,1600
2007-10-15,49.625,49.625,49.625,49.625,30.92961311340332,200
2007-10-16,49.775001525878906,49.80500030517578,49.775001525878906,49.77999877929688,31.02622032165528,11800
2007-10-17,50.02000045776367,50.20000076293945,50.02000045776367,50.20000076293945,31.287992477416992,5600
2007-10-18,50.150001525878906,50.20000076293945,50.130001068115234,50.130001068115234,31.244365692138672,2200
2007-10-19,50.25,50.494998931884766,50.25,50.494998931884766,31.47186279296875,4200
2007-10-22,50.30500030517578,50.35499954223633,50.30500030517578,50.35499954223633,31.38460350036621,1200
2007-10-23,50.415000915527344,50.470001220703125,50.40999984741211,50.470001220703125,31.45627784729004,2600
2007-10-24,50.55500030517578,50.75,50.54999923706055,50.625,31.55289459228516,52400
2007-10-25,50.625,50.73500061035156,50.625,50.625,31.55289459228516,2200
2007-10-26,50.5,50.650001525878906,50.5,50.56499862670898,31.515485763549805,2400
2007-10-29,50.64500045776367,50.64500045776367,50.64500045776367,50.64500045776367,31.565338134765625,200
2007-10-30,50.64500045776367,50.64500045776367,50.60499954223633,50.6150016784668,31.54665756225586,3200
2007-10-31,50.5,50.540000915527344,50.40999984741211,50.40999984741211,31.418874740600582,3600
2007-11-01,50.22499847412109,50.22499847412109,50.22499847412109,50.22499847412109,31.44173622131348,200
2007-11-02,50.459999084472656,50.584999084472656,50.459999084472656,50.47499847412109,31.59824180603028,6400
2007-11-05,50.375,50.5,50.29499816894531,50.29499816894531,31.485551834106445,4600
2007-11-06,50.1349983215332,50.26499938964844,50.1349983215332,50.26499938964844,31.466758728027344,1600
2007-11-07,50.244998931884766,50.290000915527344,50.22499847412109,50.275001525878906,31.47303009033203,3800
2007-11-08,50.14500045776367,50.34000015258789,50.14500045776367,50.275001525878906,31.47303009033203,7200
2007-11-09,50.42499923706055,50.75,50.42499923706055,50.59999847412109,31.676496505737305,2800
2007-11-12,50.59999847412109,50.66999816894531,50.5,50.66999816894531,31.720314025878903,4200
2007-11-13,50.30500030517578,50.31499862670898,50.30500030517578,50.310001373291016,31.494956970214844,10400
2007-11-14,50.310001373291016,50.334999084472656,50.08000183105469,50.08000183105469,31.350950241088867,1400
2007-11-15,50.48500061035156,50.494998931884766,50.45000076293945,50.45000076293945,31.582582473754883,4400
2007-11-16,50.255001068115234,50.68999862670898,50.255001068115234,50.5,31.61387062072754,5200
2007-11-19,50.470001220703125,50.70000076293945,50.470001220703125,50.625,31.692142486572266,6000
2007-11-20,50.72499847412109,50.72499847412109,50.3650016784668,50.625,31.692142486572266,27000
2007-11-21,50.650001525878906,50.84999847412109,50.59999847412109,50.76499938964844,31.77978706359864,4400
2007-11-23,50.59999847412109,50.64500045776367,50.59999847412109,50.64500045776367,31.70465087890625,4200
2007-11-26,50.70000076293945,51.09000015258789,50.70000076293945,51.060001373291016,31.96444702148437,20200
2007-11-27,50.775001525878906,50.89500045776367,50.59000015258789,50.81499862670898,31.811094284057617,7000
2007-11-28,50.5,50.51499938964844,50.43000030517578,50.51499938964844,31.623273849487305,1600
2007-11-29,50.584999084472656,50.584999084472656,50.584999084472656,50.584999084472656,31.66709518432617,200
2007-11-30,50.41999816894531,50.584999084472656,50.41999816894531,50.584999084472656,31.66709518432617,3600
2007-12-03,50.30500030517578,50.70000076293945,50.30500030517578,50.67499923706055,31.86011505126953,6000
2007-12-04,50.375,50.72499847412109,50.375,50.72499847412109,31.891510009765625,4000
2007-12-05,50.5,50.560001373291016,50.380001068115234,50.415000915527344,31.69665908813477,1800
2007-12-06,50.05500030517578,50.3849983215332,49.96500015258789,49.96500015258789,31.413719177246094,18400
2007-12-07,50.130001068115234,50.130001068115234,49.709999084472656,49.709999084472656,31.25340843200684,1600
2007-12-10,49.86000061035156,49.86000061035156,49.59999847412109,49.7599983215332,31.28484916687012,5400
2007-12-11,49.88999938964844,49.88999938964844,49.88999938964844,49.88999938964844,31.366554260253903,600
2007-12-12,49.6349983215332,50.61000061035156,49.58000183105469,49.77000045776367,31.29113006591797,10000
2007-12-13,49.93999862670898,49.93999862670898,49.775001525878906,49.83000183105469,31.328840255737305,4200
2007-12-14,49.70000076293945,49.70000076293945,49.459999084472656,49.459999084472656,31.09622001647949,1800
2007-12-17,49.845001220703125,49.845001220703125,49.525001525878906,49.744998931884766,31.275405883789062,2800
2007-12-18,49.73500061035156,49.73500061035156,49.72499847412109,49.72499847412109,31.26283264160156,17400
2007-12-19,49.83000183105469,50.18999862670898,49.83000183105469,50.18999862670898,31.555185317993164,7800
2007-12-20,50.0,50.32500076293945,50.0,50.27999877929688,31.61176300048828,3000
2007-12-21,50.04999923706055,50.20000076293945,49.94499969482422,49.94499969482422,31.40114974975586,5600
2007-12-24,49.94499969482422,49.94499969482422,49.94499969482422,49.94499969482422,31.40114974975586,0
2007-12-26,49.86000061035156,49.86000061035156,49.43000030517578,49.43000030517578,31.077348709106445,16000
2007-12-27,49.709999084472656,49.75,49.65499877929688,49.75,31.41903686523437,3600
2007-12-28,49.95500183105469,49.994998931884766,49.79499816894531,49.9900016784668,31.57057380676269,28400
2007-12-31,49.994998931884766,49.994998931884766,49.93999862670898,49.994998931884766,31.573745727539062,23000
2008-01-02,50.1349983215332,50.470001220703125,50.1349983215332,50.470001220703125,31.873735427856445,11800
2008-01-03,50.45500183105469,50.4900016784668,50.45500183105469,50.4900016784668,31.88637351989746,21000
2008-01-04,50.73500061035156,50.73500061035156,50.52000045776367,50.54999923706055,31.924266815185547,39400
2008-01-07,50.459999084472656,50.775001525878906,50.459999084472656,50.775001525878906,32.06635284423828,7800
2008-01-08,50.67499923706055,50.70000076293945,50.47999954223633,50.70000076293945,32.01897048950195,1800
2008-01-09,50.70000076293945,50.82500076293945,50.63999938964844,50.63999938964844,31.98111152648925,19400
2008-01-10,50.560001373291016,50.560001373291016,49.71500015258789,50.43999862670898,31.85480117797852,10200
2008-01-11,50.56499862670898,51.09999847412109,50.31499862670898,50.595001220703125,31.95267677307129,138200
2008-01-14,50.65999984741211,50.744998931884766,50.56999969482422,50.625,31.97161865234375,44400
2008-01-15,50.834999084472656,50.880001068115234,50.685001373291016,50.880001068115234,32.13265609741211,24200
2008-01-16,50.790000915527344,50.97499847412109,50.630001068115234,50.630001068115234,31.97476577758789,14600
2008-01-17,50.72499847412109,51.02000045776367,50.70500183105469,50.91999816894531,32.15793991088867,18600
2008-01-18,50.875,51.18000030517578,50.82500076293945,51.150001525878906,32.30318832397461,29400
2008-01-22,51.119998931884766,51.34999847412109,50.755001068115234,51.18000030517578,32.32212448120117,31000
2008-01-23,51.70500183105469,51.70500183105469,51.119998931884766,51.119998931884766,32.28422546386719,56800
2008-01-24,50.970001220703125,50.970001220703125,50.81999969482422,50.83000183105469,32.101097106933594,2800
2008-01-25,50.64500045776367,51.16999816894531,50.64500045776367,51.05500030517578,32.24317932128906,19400
2008-01-28,51.084999084472656,51.15499877929688,50.810001373291016,51.06999969482422,32.252647399902344,14400
2008-01-29,50.97499847412109,50.9900016784668,50.72999954223633,50.7400016784668,32.044246673583984,4000
2008-01-30,50.72499847412109,50.959999084472656,50.72499847412109,50.76499938964844,32.06004333496094,1800
2008-01-31,51.28499984741211,51.28499984741211,50.79499816894531,51.18999862670898,32.32844924926758,26200
2008-02-01,50.90499877929688,51.23500061035156,50.90499877929688,51.18999862670898,32.45523452758789,4000
2008-02-04,51.05500030517578,51.08000183105469,50.81499862670898,51.04499816894531,32.36329650878906,4600
2008-02-05,51.209999084472656,51.3650016784668,51.01499938964844,51.35499954223633,32.55986404418945,10400
2008-02-06,51.16999816894531,51.16999816894531,51.165000915527344,51.165000915527344,32.43938064575195,3000
2008-02-07,50.959999084472656,50.959999084472656,50.46500015258789,50.46500015258789,31.99557113647461,15000
2008-02-08,50.755001068115234,50.755001068115234,50.60499954223633,50.625,32.09703063964844,11200
2008-02-11,50.97499847412109,51.03499984741211,50.7599983215332,50.93999862670898,32.296730041503906,15800
2008-02-12,50.76499938964844,50.79999923706055,50.52000045776367,50.59000015258789,32.07483673095703,4000
2008-02-13,50.7400016784668,50.7400016784668,50.48500061035156,50.48500061035156,32.00824737548828,1800
2008-02-14,50.48500061035156,50.54999923706055,50.33000183105469,50.33000183105469,31.90998077392578,3600
2008-02-15,50.47499847412109,50.47499847412109,50.45000076293945,50.470001220703125,31.99875259399414,4400
2008-02-19,50.310001373291016,50.36000061035156,50.005001068115234,50.18000030517578,31.814882278442383,7800
2008-02-20,49.97999954223633,50.04499816894531,49.79999923706055,49.84999847412109,31.60566711425781,3200
2008-02-21,50.23500061035156,50.51499938964844,50.23500061035156,50.51499938964844,32.02727127075195,13200
2008-02-22,50.540000915527344,50.560001373291016,50.345001220703125,50.345001220703125,31.91948890686035,4400
2008-02-25,50.34000015258789,50.34000015258789,50.15499877929688,50.165000915527344,31.805360794067383,24600
2008-02-26,50.220001220703125,50.334999084472656,50.1150016784668,50.31499862670898,31.90047645568848,6800
2008-02-27,50.40999984741211,50.40999984741211,50.20000076293945,50.20000076293945,31.82758903503418,3000
2008-02-28,50.584999084472656,50.665000915527344,50.53499984741211,50.650001525878906,32.11286544799805,28600
2008-02-29,50.845001220703125,51.0099983215332,50.81499862670898,51.0099983215332,32.341102600097656,39600
2008-03-03,50.665000915527344,50.7400016784668,50.619998931884766,50.70500183105469,32.2733268737793,10000
2008-03-04,50.720001220703125,50.720001220703125,50.47499847412109,50.47499847412109,32.12693786621094,8600
2008-03-05,50.47499847412109,50.47499847412109,50.22999954223633,50.22999954223633,31.971006393432617,2600
2008-03-06,50.38999938964844,50.40499877929688,50.34000015258789,50.40499877929688,32.08238220214844,1400
2008-03-07,50.275001525878906,50.33000183105469,50.125,50.33000183105469,32.0346565246582,2200
2008-03-10,50.18999862670898,50.470001220703125,50.17499923706055,50.435001373291016,32.10147857666016,8600
2008-03-11,50.0,50.119998931884766,50.0,50.084999084472656,31.878707885742188,4400
2008-03-12,50.125,50.40499877929688,50.0,50.40499877929688,32.08238220214844,15000
2008-03-13,50.470001220703125,50.470001220703125,49.810001373291016,49.81999969482422,31.71004867553711,50800
2008-03-14,50.255001068115234,50.255001068115234,49.970001220703125,50.084999084472656,31.878707885742188,800
2008-03-17,50.06999969482422,50.11000061035156,49.96500015258789,50.09000015258789,31.88190269470215,35600
2008-03-18,49.720001220703125,50.130001068115234,49.720001220703125,50.09000015258789,31.88190269470215,5200
2008-03-19,50.25,50.63999938964844,50.25,50.63999938964844,32.231971740722656,31400
2008-03-20,50.45500183105469,50.810001373291016,50.25,50.415000915527344,32.088748931884766,8400
2008-03-24,50.459999084472656,50.5,50.130001068115234,50.38999938964844,32.07283020019531,4800
2008-03-25,50.05500030517578,50.5,49.9900016784668,50.494998931884766,32.139652252197266,11000
2008-03-26,50.25,50.25,49.89500045776367,49.89500045776367,31.757768630981445,3000
2008-03-27,50.1150016784668,50.2400016784668,49.91999816894531,50.165000915527344,31.929616928100582,10200
2008-03-28,50.165000915527344,50.165000915527344,50.165000915527344,50.165000915527344,31.929616928100582,0
2008-03-31,50.30500030517578,50.30500030517578,50.060001373291016,50.060001373291016,31.862802505493164,16200
2008-04-01,49.80500030517578,49.93000030517578,49.72499847412109,49.8650016784668,31.87941551208496,24600
2008-04-02,49.97999954223633,50.084999084472656,49.7400016784668,49.7400016784668,31.79949760437012,2800
2008-04-03,50.09000015258789,50.09000015258789,49.9900016784668,50.0,31.96571922302246,2800
2008-04-04,50.38999938964844,50.459999084472656,50.36000061035156,50.45000076293945,32.253414154052734,7400
2008-04-07,50.244998931884766,50.380001068115234,50.130001068115234,50.36000061035156,32.19587707519531,35600
2008-04-08,50.52000045776367,50.54499816894531,50.22999954223633,50.45000076293945,32.253414154052734,105600
2008-04-09,50.595001220703125,50.775001525878906,50.595001220703125,50.6150016784668,32.35891342163086,800
2008-04-10,50.68999862670898,50.70500183105469,50.54499816894531,50.54999923706055,32.317344665527344,10200
2008-04-11,50.70500183105469,50.775001525878906,50.435001373291016,50.775001525878906,32.461181640625,2000
2008-04-14,50.665000915527344,50.80500030517578,50.34000015258789,50.73500061035156,32.435604095458984,9000
2008-04-15,50.1349983215332,50.46500015258789,49.96500015258789,49.96500015258789,31.94335556030273,8800
2008-04-16,50.43999862670898,50.43999862670898,50.11000061035156,50.150001525878906,32.06162643432617,7200
2008-04-17,50.13999938964844,50.18000030517578,49.6349983215332,50.08000183105469,32.0168571472168,33200
2008-04-18,50.04999923706055,50.04999923706055,49.59999847412109,49.92499923706055,31.91778564453125,26000
2008-04-21,50.20500183105469,50.31499862670898,49.755001068115234,50.20500183105469,32.0967903137207,29400
2008-04-22,49.90999984741211,50.25,49.90999984741211,50.005001068115234,31.96893119812012,9000
2008-04-23,50.375,50.375,49.92499923706055,50.209999084472656,32.09999084472656,6400
2008-04-24,49.790000915527344,49.790000915527344,49.790000915527344,49.790000915527344,31.831451416015625,3400
2008-04-25,49.9900016784668,49.9900016784668,49.459999084472656,49.459999084472656,31.62049674987793,7000
2008-04-28,50.005001068115234,50.14500045776367,49.66999816894531,49.91999816894531,31.91456413269043,6400
2008-04-29,50.275001525878906,50.28499984741211,49.994998931884766,50.185001373291016,32.084007263183594,2400
2008-04-30,50.380001068115234,50.39500045776367,49.89500045776367,50.38999938964844,32.215049743652344,27800
2008-05-01,50.17499923706055,50.36000061035156,50.13999938964844,50.209999084472656,32.231109619140625,16200
2008-05-02,50.310001373291016,50.525001525878906,49.97999954223633,50.38999938964844,32.34664535522461,26600
2008-05-05,50.040000915527344,50.47499847412109,50.040000915527344,50.44499969482422,32.38195037841797,3200
2008-05-06,50.38999938964844,50.38999938964844,49.880001068115234,50.04499816894531,32.125186920166016,11200
2008-05-07,50.17499923706055,50.30500030517578,49.8849983215332,50.30500030517578,32.29209899902344,7000
2008-05-08,50.3650016784668,50.400001525878906,50.34999847412109,50.3650016784668,32.330604553222656,4800
2008-05-09,50.2400016784668,50.61000061035156,50.2400016784668,50.53499984741211,32.43974304199219,7200
2008-05-12,50.54499816894531,50.64500045776367,50.46500015258789,50.47999954223633,32.404396057128906,3800
2008-05-13,50.625,50.625,50.119998931884766,50.15999984741211,32.199005126953125,1800
2008-05-14,50.209999084472656,50.2599983215332,50.025001525878906,50.17499923706055,32.20866394042969,21400
2008-05-15,50.244998931884766,50.38999938964844,49.994998931884766,49.994998931884766,32.09309768676758,21000
2008-05-16,50.02000045776367,50.65499877929688,50.02000045776367,50.43999862670898,32.3787727355957,7400
2008-05-19,50.47999954223633,50.52000045776367,50.31499862670898,50.5,32.417266845703125,1400
2008-05-20,50.665000915527344,50.665000915527344,50.29999923706055,50.584999084472656,32.4718132019043,24600
2008-05-21,50.494998931884766,50.52000045776367,50.40999984741211,50.5,32.417266845703125,6000
2008-05-22,50.18999862670898,50.18999862670898,49.94499969482422,50.08000183105469,32.147647857666016,43200
2008-05-23,49.94499969482422,50.275001525878906,49.93000030517578,50.275001525878906,32.2728271484375,4400
2008-05-27,50.14500045776367,50.14500045776367,49.78499984741211,49.935001373291016,32.05459213256836,6800
2008-05-28,49.875,49.970001220703125,49.6150016784668,49.6150016784668,31.849170684814453,3800
2008-05-29,49.619998931884766,49.65999984741211,49.435001373291016,49.65999984741211,31.87804412841797,6000
2008-05-30,49.685001373291016,49.685001373291016,49.494998931884766,49.67499923706055,31.887683868408203,54800
2008-06-02,49.775001525878906,49.775001525878906,49.505001068115234,49.56999969482422,31.96051025390625,27800
2008-06-03,49.42499923706055,49.82500076293945,49.42499923706055,49.67499923706055,32.02824020385742,4800
2008-06-04,49.77000045776367,49.775001525878906,49.505001068115234,49.505001068115234,31.91864967346192,3800
2008-06-05,49.48500061035156,49.54999923706055,49.375,49.43999862670898,31.876691818237305,29400
2008-06-06,49.41999816894531,49.744998931884766,49.41999816894531,49.744998931884766,32.07335662841797,2400
2008-06-09,49.54999923706055,49.68999862670898,49.3849983215332,49.3849983215332,31.84124565124512,30200
2008-06-10,49.81999969482422,49.81999969482422,49.09000015258789,49.09000015258789,31.65105056762696,8200
2008-06-11,49.41999816894531,49.47999954223633,49.17499923706055,49.17499923706055,31.70583724975586,2800
2008-06-12,49.28499984741211,49.28499984741211,48.93000030517578,49.130001068115234,31.67684555053711,4200
2008-06-13,48.96500015258789,49.125,48.90999984741211,48.91999816894531,31.54142570495605,4800
2008-06-16,48.880001068115234,48.98500061035156,48.744998931884766,48.93000030517578,31.547887802124023,52000
2008-06-17,49.03499984741211,49.119998931884766,48.80500030517578,48.84000015258789,31.489856719970703,40600
2008-06-18,49.125,49.310001373291016,49.09000015258789,49.28499984741211,31.776779174804688,11000
2008-06-19,49.095001220703125,49.09999847412109,48.92499923706055,49.005001068115234,31.596254348754883,15800
2008-06-20,49.0,49.1349983215332,49.0,49.05500030517578,31.628461837768555,4400
2008-06-23,48.775001525878906,49.209999084472656,48.775001525878906,49.04499816894531,31.62202835083008,10200
2008-06-24,49.130001068115234,49.165000915527344,48.96500015258789,48.96500015258789,31.57044982910156,2400
2008-06-25,48.869998931884766,49.06499862670898,48.52999877929688,48.845001220703125,31.49308586120605,11400
2008-06-26,49.34000015258789,49.34000015258789,48.900001525878906,49.0099983215332,31.599464416503903,22600
2008-06-27,49.3650016784668,49.3650016784668,48.8849983215332,49.0,31.593021392822266,10800
2008-06-30,49.275001525878906,49.275001525878906,48.95000076293945,49.21500015258789,31.73162651062012,11000
2008-07-01,48.959999084472656,49.27000045776367,48.88999938964844,48.97499847412109,31.71158027648925,8000
2008-07-02,48.880001068115234,49.08000183105469,48.880001068115234,49.08000183105469,31.77954292297364,26800
2008-07-03,49.06499862670898,49.06499862670898,48.93999862670898,49.0099983215332,31.734224319458008,3800
2008-07-07,49.01499938964844,49.125,48.77999877929688,49.040000915527344,31.75365829467773,36800
2008-07-08,48.95500183105469,49.119998931884766,48.8849983215332,49.119998931884766,31.805463790893555,21800
2008-07-09,49.18000030517578,49.26499938964844,49.17499923706055,49.20500183105469,31.86049461364746,19400
2008-07-10,49.25,49.290000915527344,49.07500076293945,49.27000045776367,31.902576446533203,12800
2008-07-11,49.02000045776367,49.02000045776367,48.720001220703125,48.720001220703125,31.546443939208984,5600
2008-07-14,48.81999969482422,49.20000076293945,48.810001373291016,49.095001220703125,31.78927421569824,3800
2008-07-15,48.68000030517578,48.875,48.52999877929688,48.58000183105469,31.45581817626953,32000
2008-07-16,48.810001373291016,48.810001373291016,48.5099983215332,48.71500015258789,31.5432186126709,3200
2008-07-17,48.77999877929688,48.77999877929688,48.39500045776367,48.39500045776367,31.336021423339844,7600
2008-07-18,48.625,48.625,48.19499969482422,48.5099983215332,31.410463333129883,12000
2008-07-21,48.46500015258789,48.57500076293945,48.375,48.57500076293945,31.452571868896484,11800
2008-07-22,48.59999847412109,48.59999847412109,48.209999084472656,48.209999084472656,31.216228485107425,3600
2008-07-23,48.31499862670898,48.40999984741211,48.09999847412109,48.40999984741211,31.345722198486328,2000
2008-07-24,48.18999862670898,48.755001068115234,48.18999862670898,48.755001068115234,31.5691032409668,7000
2008-07-25,48.665000915527344,48.665000915527344,48.22499847412109,48.22499847412109,31.225934982299805,15000
2008-07-28,48.82500076293945,48.82500076293945,48.52999877929688,48.73500061035156,31.556156158447266,2400
2008-07-29,48.334999084472656,48.650001525878906,48.334999084472656,48.619998931884766,31.4816951751709,58000
2008-07-30,48.61000061035156,48.70000076293945,48.28499984741211,48.47999954223633,31.391033172607425,107400
2008-07-31,48.81999969482422,48.92499923706055,48.80500030517578,48.90499877929688,31.66622734069824,22600
2008-08-01,48.67499923706055,48.720001220703125,48.52000045776367,48.709999084472656,31.679582595825195,11800
2008-08-04,48.720001220703125,48.744998931884766,48.375,48.47499847412109,31.52674674987793,2000
2008-08-05,48.64500045776367,48.64500045776367,48.22499847412109,48.23500061035156,31.370662689208984,6000
2008-08-06,48.44499969482422,48.44499969482422,48.20000076293945,48.35499954223633,31.448699951171875,36600
2008-08-07,48.435001373291016,48.92499923706055,48.435001373291016,48.92499923706055,31.819385528564453,4800
2008-08-08,48.709999084472656,48.77999877929688,48.48500061035156,48.63999938964844,31.63404083251953,25600
2008-08-11,48.6150016784668,48.6349983215332,47.95000076293945,48.290000915527344,31.40644645690918,285000
2008-08-12,48.790000915527344,48.81499862670898,48.39500045776367,48.80500030517578,31.74136543273925,8200
2008-08-13,48.91999816894531,48.91999816894531,48.58000183105469,48.76499938964844,31.71535301208496,9400
2008-08-14,48.505001068115234,48.8849983215332,48.47999954223633,48.64500045776367,31.63730812072754,4800
2008-08-15,48.9900016784668,48.9900016784668,48.60499954223633,48.88999938964844,31.7966537475586,16600
2008-08-18,48.75,49.04499816894531,48.72999954223633,48.73500061035156,31.695825576782227,60200
2008-08-19,48.66999816894531,49.02000045776367,48.505001068115234,48.540000915527344,31.569015502929688,88400
2008-08-20,48.84999847412109,48.95000076293945,48.595001220703125,48.595001220703125,31.60478973388672,57800
2008-08-21,48.68000030517578,48.68000030517578,48.59000015258789,48.59000015258789,31.601543426513672,2400
2008-08-22,48.73500061035156,48.78499984741211,48.5,48.73500061035156,31.695825576782227,14400
2008-08-25,48.90999984741211,49.0,48.90999984741211,48.97999954223633,31.85518264770508,11000
2008-08-26,48.83000183105469,48.97499847412109,48.82500076293945,48.97499847412109,31.8519287109375,18800
2008-08-27,48.85499954223633,48.90999984741211,48.68999862670898,48.90999984741211,31.809663772583008,6800
2008-08-28,48.650001525878906,48.94499969482422,48.650001525878906,48.92499923706055,31.819385528564453,11400
2008-08-29,48.86000061035156,48.880001068115234,48.525001525878906,48.54999923706055,31.57552146911621,13400
2008-09-02,48.69499969482422,48.90499877929688,48.47499847412109,48.86000061035156,31.911884307861328,10400
2008-09-03,48.619998931884766,48.880001068115234,48.29999923706055,48.880001068115234,31.924938201904297,34800
2008-09-04,48.95000076293945,49.11000061035156,48.94499969482422,49.11000061035156,32.075157165527344,1400
2008-09-05,49.03499984741211,49.084999084472656,48.76499938964844,48.86000061035156,31.911884307861328,2200
2008-09-08,48.88999938964844,49.03499984741211,48.6349983215332,49.03499984741211,32.02616882324219,22200
2008-09-09,48.90499877929688,49.11000061035156,48.90499877929688,49.060001373291016,32.042518615722656,20800
2008-09-10,48.85499954223633,49.07500076293945,48.75,48.834999084472656,31.89554214477539,6200
2008-09-11,48.6349983215332,48.79999923706055,48.6349983215332,48.79499816894531,31.869409561157227,19800
2008-09-12,48.775001525878906,48.810001373291016,48.44499969482422,48.810001373291016,31.879222869873047,107600
2008-09-15,48.70500183105469,48.70500183105469,48.29999923706055,48.650001525878906,31.77472496032715,176600
2008-09-16,48.25,48.71500015258789,46.31499862670898,46.31499862670898,30.24968147277832,14600
2008-09-17,47.165000915527344,47.165000915527344,46.03499984741211,46.150001525878906,30.141904830932617,20400
2008-09-18,46.31499862670898,46.75,45.2599983215332,46.25,30.20721244812012,7800
2008-09-19,46.63999938964844,47.005001068115234,46.400001525878906,46.91999816894531,30.64480209350586,19000
2008-09-22,45.82500076293945,46.05500030517578,45.35499954223633,45.95000076293945,30.01127815246582,119800
2008-09-23,46.54499816894531,46.54499816894531,45.584999084472656,46.244998931884766,30.20392417907715,13600
2008-09-24,46.56999969482422,46.56999969482422,45.47999954223633,45.57500076293945,29.76633644104004,87200
2008-09-25,46.36000061035156,46.435001373291016,45.32500076293945,45.70000076293945,29.847993850708008,22000
2008-09-26,45.290000915527344,46.25,45.19499969482422,46.01499938964844,30.0537223815918,13600
2008-09-29,45.02000045776367,45.95000076293945,44.810001373291016,45.29499816894531,29.583473205566406,14800
2008-09-30,45.10499954223633,45.95500183105469,45.10499954223633,45.77000045776367,29.89370918273925,50400
2008-10-01,45.665000915527344,45.71500015258789,44.505001068115234,44.505001068115234,29.191864013671875,15800
2008-10-02,45.0,45.165000915527344,44.625,44.89500045776367,29.44767570495605,6600
2008-10-03,44.095001220703125,45.08000183105469,44.095001220703125,45.08000183105469,29.56903076171875,19600
2008-10-06,44.5099983215332,45.61000061035156,43.025001525878906,43.65999984741211,28.63762283325196,101200
2008-10-07,43.630001068115234,44.665000915527344,43.560001373291016,44.6349983215332,29.277135848999023,21800
2008-10-08,44.43000030517578,44.5,43.5,44.334999084472656,29.08035469055176,12400
2008-10-09,44.23500061035156,44.23500061035156,42.66999816894531,42.66999816894531,27.98825454711914,14600
2008-10-10,40.79999923706055,42.75,38.6150016784668,38.6150016784668,25.32847785949707,68400
2008-10-13,40.5,41.0,39.54499816894531,40.63999938964844,26.65673446655273,70600
2008-10-14,44.2400016784668,44.2400016784668,42.14500045776367,43.70500183105469,28.66712951660156,72800
2008-10-15,43.5,43.5,43.0,43.0,28.20471572875977,25600
2008-10-16,42.5,43.31999969482422,42.15999984741211,43.005001068115234,28.20798683166504,37600
2008-10-17,42.93999862670898,43.22999954223633,41.75,42.709999084472656,28.014476776123047,29600
2008-10-20,42.78499984741211,42.90999984741211,41.665000915527344,42.744998931884766,28.037452697753903,23800
2008-10-21,42.630001068115234,43.47499847412109,42.525001525878906,43.17499923706055,28.319477081298828,66600
2008-10-22,43.17499923706055,43.43000030517578,42.3650016784668,43.40999984741211,28.4736385345459,24200
2008-10-23,43.400001525878906,43.400001525878906,43.0099983215332,43.18999862670898,28.329320907592773,15000
2008-10-24,42.88999938964844,43.1349983215332,42.41999816894531,43.03499984741211,28.22766876220703,12800
2008-10-27,43.05500030517578,43.23500061035156,42.29999923706055,42.915000915527344,28.148962020874023,62800
2008-10-28,41.869998931884766,42.94499969482422,41.869998931884766,42.73500061035156,28.0308837890625,93400
2008-10-29,42.834999084472656,43.22999954223633,42.6150016784668,42.90499877929688,28.142391204833984,13600
2008-10-30,42.91999816894531,43.29499816894531,42.744998931884766,43.209999084472656,28.34246063232422,45200
2008-10-31,43.34000015258789,43.39500045776367,42.46500015258789,42.57500076293945,27.925931930541992,21000
2008-11-03,43.369998931884766,43.959999084472656,42.505001068115234,43.380001068115234,28.586576461791992,43800
2008-11-04,43.2599983215332,43.79999923706055,42.810001373291016,43.70000076293945,28.79744338989257,36000
2008-11-05,43.81999969482422,44.54999923706055,43.75,44.345001220703125,29.22247314453125,63400
2008-11-06,44.18000030517578,44.39500045776367,44.150001525878906,44.32500076293945,29.20931053161621,12000
2008-11-07,44.23500061035156,44.28499984741211,43.34999847412109,43.994998931884766,28.991849899291992,18000
2008-11-10,44.31499862670898,44.6150016784668,43.5,43.5,28.66565322875977,57600
2008-11-11,44.400001525878906,44.400001525878906,43.86000061035156,44.22499847412109,29.14341735839844,21400
2008-11-12,44.60499954223633,44.60499954223633,43.8849983215332,44.51499938964844,29.33452033996582,25000
2008-11-13,44.45000076293945,44.45000076293945,43.80500030517578,44.06999969482422,29.041240692138672,21400
2008-11-14,44.345001220703125,44.34999847412109,43.79999923706055,43.79999923706055,28.86334800720215,67000
2008-11-17,44.20500183105469,44.2400016784668,43.84999847412109,44.17499923706055,29.110475540161133,15400
2008-11-18,44.11000061035156,44.11000061035156,43.7400016784668,44.0,28.995136260986328,24800
2008-11-19,44.02000045776367,44.26499938964844,43.75,43.95500183105469,28.96548080444336,53400
2008-11-20,43.869998931884766,44.63999938964844,43.869998931884766,44.22999954223633,29.14670753479004,19000
2008-11-21,44.25,44.25,43.470001220703125,43.630001068115234,28.751325607299805,17600
2008-11-24,43.505001068115234,43.84999847412109,43.369998931884766,43.650001525878906,28.76448440551757,35200
2008-11-25,44.34999847412109,44.48500061035156,44.08000183105469,44.29999923706055,29.192832946777344,12600
2008-11-26,44.05500030517578,44.61000061035156,43.95500183105469,44.18999862670898,29.12034034729004,6200
2008-11-28,44.33000183105469,44.45500183105469,44.0,44.375,29.24225616455078,30200
2008-12-01,44.97499847412109,44.97499847412109,43.98500061035156,44.685001373291016,29.57314682006836,30200
2008-12-02,44.59999847412109,44.69499969482422,44.30500030517578,44.65999984741211,29.556612014770508,14800
2008-12-03,44.82500076293945,44.95500183105469,44.5,44.810001373291016,29.65589141845703,26200
2008-12-04,45.0,45.165000915527344,44.57500076293945,45.165000915527344,29.89082717895508,120200
2008-12-05,45.27999877929688,45.27999877929688,45.06499862670898,45.06499862670898,29.82464027404785,48400
2008-12-08,45.07500076293945,45.32500076293945,44.90499877929688,45.28499984741211,29.970239639282227,65200
2008-12-09,45.51499938964844,45.51499938964844,45.0,45.36000061035156,30.019874572753903,29200
2008-12-10,45.40499877929688,45.40499877929688,44.685001373291016,45.275001525878906,29.9636459350586,37000
2008-12-11,45.80500030517578,45.80500030517578,45.09000015258789,45.220001220703125,29.92723274230957,18200
2008-12-12,45.60499954223633,45.60499954223633,45.0,45.59000015258789,30.17209243774414,15000
2008-12-15,45.69499969482422,45.744998931884766,45.03499984741211,45.72499847412109,30.26144790649414,38600
2008-12-16,46.0,46.380001068115234,45.290000915527344,46.380001068115234,30.694929122924805,36800
2008-12-17,46.834999084472656,47.11000061035156,46.2599983215332,46.94499969482422,31.068851470947266,130000
2008-12-18,47.435001373291016,47.51499938964844,46.81499862670898,47.375,31.353458404541016,75200
2008-12-19,47.31499862670898,47.40999984741211,47.18999862670898,47.244998931884766,31.26738166809082,93400
2008-12-22,47.685001373291016,47.685001373291016,47.220001220703125,47.47999954223633,31.42293167114257,60800
2008-12-23,47.5,47.68999862670898,47.45500183105469,47.65499877929688,31.53875732421875,122000
2008-12-24,47.84999847412109,47.85499954223633,47.54999923706055,47.709999084472656,31.57514381408692,16800
2008-12-26,48.07500076293945,48.07500076293945,47.505001068115234,47.89500045776367,31.69759178161621,15400
2008-12-29,48.38999938964844,48.75,48.1349983215332,48.25,32.05533218383789,50000
2008-12-30,47.845001220703125,48.03499984741211,47.5,48.01499938964844,31.89921760559082,62800
2008-12-31,48.185001373291016,48.220001220703125,47.59999847412109,47.625,31.640113830566406,23000
2009-01-02,48.310001373291016,48.334999084472656,47.48500061035156,47.56499862670898,31.600255966186523,37200
2009-01-05,47.81999969482422,48.11000061035156,47.27999877929688,47.525001525878906,31.573692321777344,86200
2009-01-06,47.3849983215332,47.64500045776367,46.68000030517578,47.64500045776367,31.653396606445312,96600
2009-01-07,47.744998931884766,47.79499816894531,47.34000015258789,47.42499923706055,31.507230758666992,128200
2009-01-08,47.97999954223633,48.11000061035156,47.75,47.775001525878906,31.739765167236328,117000
2009-01-09,47.8849983215332,48.18000030517578,47.77000045776367,48.04999923706055,31.922483444213867,90000
2009-01-12,48.220001220703125,48.33000183105469,47.7599983215332,48.23500061035156,32.045379638671875,64600
2009-01-13,48.1150016784668,48.165000915527344,47.775001525878906,48.095001220703125,31.95234680175781,27800
2009-01-14,48.275001525878906,48.31999969482422,47.98500061035156,48.0099983215332,31.895893096923828,111200
2009-01-15,48.09000015258789,48.125,47.79999923706055,48.0,31.88926124572754,27600
2009-01-16,47.90499877929688,48.290000915527344,47.70000076293945,48.09999847412109,31.955690383911133,63800
2009-01-20,47.65499877929688,48.05500030517578,47.5,48.04999923706055,31.922483444213867,24800
2009-01-21,47.81999969482422,47.900001525878906,47.34999847412109,47.56999969482422,31.60356330871582,46400
2009-01-22,47.720001220703125,47.720001220703125,47.34999847412109,47.55500030517578,31.59360122680664,127200
2009-01-23,47.79499816894531,47.79499816894531,47.17499923706055,47.56999969482422,31.60356330871582,85800
2009-01-26,47.4900016784668,47.51499938964844,47.290000915527344,47.415000915527344,31.500612258911133,44800
2009-01-27,47.61000061035156,47.97999954223633,47.52999877929688,47.94499969482422,31.852697372436523,55200
2009-01-28,47.525001525878906,48.04499816894531,47.525001525878906,47.78499984741211,31.74640274047852,86000
2009-01-29,47.47999954223633,47.915000915527344,47.47999954223633,47.540000915527344,31.583669662475582,141800
2009-01-30,47.4900016784668,47.84000015258789,47.31499862670898,47.52000045776367,31.57035446166992,132800
2009-02-02,47.77000045776367,47.84000015258789,47.32500076293945,47.81999969482422,31.91340446472168,43600
2009-02-03,47.7400016784668,47.75,46.775001525878906,46.96500015258789,31.3427734375,80600
2009-02-04,47.35499954223633,47.35499954223633,46.90999984741211,47.084999084472656,31.422876358032227,101400
2009-02-05,47.369998931884766,47.470001220703125,47.02999877929688,47.25,31.5329704284668,100200
2009-02-06,47.345001220703125,47.345001220703125,46.82500076293945,47.2400016784668,31.526308059692383,55800
2009-02-09,47.28499984741211,47.28499984741211,46.875,47.09000015258789,31.42620277404785,36200
2009-02-10,47.71500015258789,47.775001525878906,46.900001525878906,47.72999954223633,31.853330612182617,63600
2009-02-11,47.70500183105469,47.755001068115234,47.60499954223633,47.64500045776367,31.79658508300781,48200
2009-02-12,47.80500030517578,47.80500030517578,47.59000015258789,47.6150016784668,31.776599884033203,135600
2009-02-13,47.69499969482422,47.69499969482422,47.45000076293945,47.505001068115234,31.70316696166992,85000
2009-02-17,47.80500030517578,47.85499954223633,47.540000915527344,47.85499954223633,31.936738967895508,95400
2009-02-18,47.834999084472656,47.834999084472656,47.165000915527344,47.31999969482422,31.579702377319336,57800
2009-02-19,47.0,47.03499984741211,46.525001525878906,46.79999923706055,31.232664108276367,76400
2009-02-20,46.709999084472656,47.04499816894531,46.56999969482422,46.56999969482422,31.079177856445312,70000
2009-02-23,46.42499923706055,46.75,46.334999084472656,46.75,31.19929885864257,135000
2009-02-24,46.59999847412109,46.84999847412109,46.459999084472656,46.75,31.19929885864257,107000
2009-02-25,46.025001525878906,46.525001525878906,45.7599983215332,45.7599983215332,30.53862571716309,212800
2009-02-26,46.02000045776367,46.34000015258789,45.79999923706055,45.96500015258789,30.6754150390625,50200
2009-02-27,46.060001373291016,46.36000061035156,45.72999954223633,46.1349983215332,30.788867950439453,89800
2009-03-02,45.92499923706055,45.98500061035156,45.505001068115234,45.80500030517578,30.70508575439453,75200
2009-03-03,46.25,46.25,45.41999816894531,45.46500015258789,30.477161407470703,75000
2009-03-04,45.45500183105469,45.459999084472656,44.90499877929688,44.90499877929688,30.101789474487305,82200
2009-03-05,45.29499816894531,45.52999877929688,45.1349983215332,45.52999877929688,30.5207576751709,59800
2009-03-06,44.71500015258789,45.525001525878906,44.71500015258789,45.334999084472656,30.390010833740234,71800
2009-03-09,44.959999084472656,45.130001068115234,44.3849983215332,44.47999954223633,29.81688690185547,168200
2009-03-10,44.71500015258789,45.125,44.29999923706055,45.05500030517578,30.20232963562012,42200
2009-03-11,45.32500076293945,45.32500076293945,44.67499923706055,45.31999969482422,30.37998580932617,69200
2009-03-12,45.150001525878906,45.22499847412109,45.0,45.18999862670898,30.292802810668945,38200
2009-03-13,45.33000183105469,45.375,44.93000030517578,45.26499938964844,30.34309196472168,95600
2009-03-16,44.560001373291016,44.98500061035156,44.560001373291016,44.70500183105469,29.96771049499512,72000
2009-03-17,44.98500061035156,45.02000045776367,44.7400016784668,44.77000045776367,30.011266708374023,47000
2009-03-18,44.43999862670898,46.75,44.43999862670898,45.88999938964844,30.762056350708008,40600
2009-03-19,45.97999954223633,46.1349983215332,45.47999954223633,45.8650016784668,30.74531364440918,118000
2009-03-20,45.60499954223633,45.630001068115234,45.34999847412109,45.38999938964844,30.42689323425293,42400
2009-03-23,45.48500061035156,45.58000183105469,45.22499847412109,45.494998931884766,30.49727249145508,121400
2009-03-24,45.43000030517578,45.53499984741211,45.025001525878906,45.31999969482422,30.37998580932617,87000
2009-03-25,45.28499984741211,45.28499984741211,45.08000183105469,45.09999847412109,30.232498168945312,70800
2009-03-26,45.130001068115234,45.345001220703125,45.06499862670898,45.334999084472656,30.390010833740234,40200
2009-03-27,45.375,45.375,45.150001525878906,45.22499847412109,30.3162841796875,63400
2009-03-30,45.150001525878906,45.45500183105469,45.09999847412109,45.28499984741211,30.356491088867188,93000
2009-03-31,45.494998931884766,45.58000183105469,45.3849983215332,45.540000915527344,30.527448654174805,38800
2009-04-01,45.3849983215332,45.40999984741211,44.9900016784668,45.01499938964844,30.316978454589844,184000
2009-04-02,45.185001373291016,45.209999084472656,44.834999084472656,45.040000915527344,30.33380699157715,79200
2009-04-03,45.060001373291016,45.185001373291016,44.584999084472656,44.72999954223633,30.12503242492676,107200
2009-04-06,44.97999954223633,45.07500076293945,44.755001068115234,45.07500076293945,30.357372283935547,113600
2009-04-07,45.07500076293945,45.084999084472656,44.91999816894531,45.084999084472656,30.3641300201416,31400
2009-04-08,45.275001525878906,45.275001525878906,44.89500045776367,45.1150016784668,30.384315490722656,48800
2009-04-09,45.25,45.43000030517578,45.09000015258789,45.09999847412109,30.374223709106445,60800
2009-04-13,45.470001220703125,45.82500076293945,45.310001373291016,45.7599983215332,30.81873321533203,52200
2009-04-14,46.02000045776367,46.05500030517578,45.75,46.05500030517578,31.01740264892578,75400
2009-04-15,46.255001068115234,46.2599983215332,45.93999862670898,45.93999862670898,30.93994903564453,70000
2009-04-16,46.275001525878906,46.275001525878906,45.93999862670898,45.93999862670898,30.93994903564453,55800
2009-04-17,46.18000030517578,46.30500030517578,45.93999862670898,45.93999862670898,30.93994903564453,67400
2009-04-20,45.95000076293945,46.64500045776367,45.95000076293945,46.31999969482422,31.19589233398437,37000
2009-04-21,46.625,46.625,46.005001068115234,46.005001068115234,30.98372268676757,58600
2009-04-22,46.36000061035156,46.415000915527344,46.06499862670898,46.400001525878906,31.24975204467773,54400
2009-04-23,46.47999954223633,46.47999954223633,46.1349983215332,46.46500015258789,31.29352378845215,47200
2009-04-24,46.630001068115234,46.630001068115234,46.30500030517578,46.56499862670898,31.36087417602539,32200
2009-04-27,46.66999816894531,46.75,46.35499954223633,46.400001525878906,31.24975204467773,95800
2009-04-28,46.77000045776367,46.77000045776367,46.220001220703125,46.6349983215332,31.40801429748535,130200
2009-04-29,46.72999954223633,46.72999954223633,46.34000015258789,46.34000015258789,31.209346771240234,119200
2009-04-30,46.59999847412109,46.7599983215332,46.40999984741211,46.7599983215332,31.49220466613769,77800
2009-05-01,46.494998931884766,46.5,46.21500015258789,46.27999877929688,31.30988121032715,101800
2009-05-04,46.65999984741211,46.7599983215332,46.345001220703125,46.7599983215332,31.63461303710937,101400
2009-05-05,46.775001525878906,46.790000915527344,46.375,46.52999877929688,31.4790096282959,189600
2009-05-06,46.83000183105469,47.20500183105469,46.72499847412109,47.17499923706055,31.91538047790528,122400
2009-05-07,47.209999084472656,47.21500015258789,46.61000061035156,47.09999847412109,31.864633560180664,77400
2009-05-08,47.31999969482422,47.415000915527344,47.060001373291016,47.32500076293945,32.016868591308594,121600
2009-05-11,47.494998931884766,47.54499816894531,47.18000030517578,47.54499816894531,32.16569900512695,24000
2009-05-12,47.56999969482422,47.56999969482422,47.20500183105469,47.209999084472656,31.93906784057617,92800
2009-05-13,47.57500076293945,47.68000030517578,47.35499954223633,47.35499954223633,32.03715515136719,49400
2009-05-14,47.595001220703125,47.70000076293945,47.310001373291016,47.685001373291016,32.26041412353516,47800
2009-05-15,47.560001373291016,47.66999816894531,47.3650016784668,47.619998931884766,32.21644973754883,40000
2009-05-18,47.415000915527344,47.71500015258789,47.415000915527344,47.54999923706055,32.169071197509766,47800
2009-05-19,47.54499816894531,47.560001373291016,47.290000915527344,47.345001220703125,32.030391693115234,183600
2009-05-20,47.65999984741211,47.72499847412109,47.35499954223633,47.72499847412109,32.287471771240234,96800
2009-05-21,47.80500030517578,47.8650016784668,47.28499984741211,47.28499984741211,31.989791870117188,116800
2009-05-22,47.23500061035156,47.45500183105469,47.14500045776367,47.165000915527344,31.908620834350582,162800
2009-05-26,47.59000015258789,47.78499984741211,47.185001373291016,47.185001373291016,31.922138214111328,279000
2009-05-27,47.06999969482422,47.55500030517578,47.06999969482422,47.21500015258789,31.942459106445312,100800
2009-05-28,47.29499816894531,47.43000030517578,47.119998931884766,47.39500045776367,32.0642204284668,102000
2009-05-29,47.4900016784668,47.959999084472656,47.38999938964844,47.959999084472656,32.44643783569336,40400
2009-06-01,47.970001220703125,48.04999923706055,47.38999938964844,47.71500015258789,32.42843246459961,113000
2009-06-02,47.98500061035156,47.98500061035156,47.54999923706055,47.810001373291016,32.4930305480957,125600
2009-06-03,47.75,48.2400016784668,47.75,48.150001525878906,32.72407913208008,181000
2009-06-04,48.15999984741211,48.15999984741211,47.630001068115234,47.630001068115234,32.37065887451172,51000
2009-06-05,47.51499938964844,47.79499816894531,47.36000061035156,47.60499954223633,32.35368728637695,57600
2009-06-08,47.5,47.75,47.21500015258789,47.21500015258789,32.08864974975586,52800
2009-06-09,47.31999969482422,47.85499954223633,47.31999969482422,47.834999084472656,32.510005950927734,54400
2009-06-10,47.915000915527344,47.915000915527344,47.63999938964844,47.744998931884766,32.44883346557617,326000
2009-06-11,47.75,48.09999847412109,47.685001373291016,48.0,32.62215042114258,286600
2009-06-12,48.119998931884766,48.36000061035156,47.81499862670898,48.23500061035156,32.78185272216797,515000
2009-06-15,48.2400016784668,48.375,48.125,48.1349983215332,32.71388626098633,75000
2009-06-16,48.25,48.43999862670898,48.11000061035156,48.19499969482422,32.754669189453125,107600
2009-06-17,48.18999862670898,48.54499816894531,48.13999938964844,48.47999954223633,32.948333740234375,66200
2009-06-18,48.20500183105469,48.375,48.11000061035156,48.22999954223633,32.7784423828125,116000
2009-06-19,48.040000915527344,48.40499877929688,48.040000915527344,48.40499877929688,32.89738464355469,109600
2009-06-22,48.21500015258789,48.625,48.21500015258789,48.400001525878906,32.893978118896484,71800
2009-06-23,48.22499847412109,48.400001525878906,48.22499847412109,48.375,32.87700653076172,52400
2009-06-24,48.34999847412109,48.720001220703125,48.150001525878906,48.415000915527344,32.90419006347656,111400
2009-06-25,48.54999923706055,48.75,48.36000061035156,48.595001220703125,33.02651596069336,60800
2009-06-26,48.68999862670898,48.90999984741211,48.54499816894531,48.81499862670898,33.17604064941406,65000
2009-06-29,48.88999938964844,48.97999954223633,48.72499847412109,48.915000915527344,33.243988037109375,95800
2009-06-30,48.77000045776367,49.05500030517578,48.73500061035156,48.95500183105469,33.271183013916016,196200
2009-07-01,48.56499862670898,48.92499923706055,48.28499984741211,48.45500183105469,33.071197509765625,108000
2009-07-02,48.79499816894531,48.83000183105469,48.47499847412109,48.76499938964844,33.28277969360352,95400
2009-07-06,48.68000030517578,48.744998931884766,48.54999923706055,48.73500061035156,33.26229476928711,47800
2009-07-07,48.709999084472656,48.84999847412109,48.54999923706055,48.65499877929688,33.20772171020508,39200
2009-07-08,48.755001068115234,49.11000061035156,48.68999862670898,48.970001220703125,33.42267990112305,73000
2009-07-09,48.775001525878906,49.0099983215332,48.619998931884766,48.619998931884766,33.183834075927734,118600
2009-07-10,48.97999954223633,49.18000030517578,48.84999847412109,48.84999847412109,33.3408203125,74200
2009-07-13,48.91999816894531,49.165000915527344,48.90499877929688,49.05500030517578,33.480712890625,89400
2009-07-14,49.02000045776367,49.07500076293945,48.8849983215332,48.970001220703125,33.42267990112305,80200
2009-07-15,48.83000183105469,48.93999862670898,48.459999084472656,48.459999084472656,33.07461166381836,64800
2009-07-16,48.88999938964844,49.060001373291016,48.84999847412109,49.060001373291016,33.484134674072266,87000
2009-07-17,48.880001068115234,48.9900016784668,48.71500015258789,48.86000061035156,33.34762191772461,78200
2009-07-20,48.82500076293945,49.29999923706055,48.68999862670898,49.220001220703125,33.59333419799805,95400
2009-07-21,49.209999084472656,49.875,49.130001068115234,49.7400016784668,33.9482421875,179600
2009-07-22,49.775001525878906,49.775001525878906,49.26499938964844,49.505001068115234,33.7878532409668,86600
2009-07-23,49.65999984741211,49.67499923706055,49.060001373291016,49.130001068115234,33.53190612792969,90000
2009-07-24,49.41999816894531,49.56999969482422,49.21500015258789,49.56999969482422,33.83222961425781,82000
2009-07-27,49.3650016784668,49.505001068115234,49.26499938964844,49.43000030517578,33.736671447753906,50000
2009-07-28,49.56999969482422,49.65499877929688,49.40499877929688,49.61000061035156,33.85951614379883,257000
2009-07-29,49.72499847412109,49.875,49.42499923706055,49.45000076293945,33.75031661987305,423400
2009-07-30,49.66999816894531,50.02999877929688,49.5,49.775001525878906,33.97212219238281,151600
2009-07-31,50.125,50.3849983215332,49.91999816894531,50.130001068115234,34.21441650390625,220200
2009-08-03,49.93000030517578,50.05500030517578,49.5099983215332,49.67499923706055,34.04410934448242,118200
2009-08-04,49.970001220703125,50.084999084472656,49.525001525878906,49.54999923706055,33.95843505859375,82800
2009-08-05,49.84000015258789,50.119998931884766,49.6349983215332,49.790000915527344,34.12294006347656,82800
2009-08-06,49.8650016784668,49.9900016784668,49.54999923706055,49.875,34.18117904663086,163000
2009-08-07,49.7400016784668,49.80500030517578,49.4900016784668,49.59999847412109,33.99272155761719,201000
2009-08-10,49.755001068115234,49.994998931884766,49.40499877929688,49.994998931884766,34.26342010498047,137200
2009-08-11,50.14500045776367,50.34000015258789,49.90999984741211,50.165000915527344,34.37991714477539,89200
2009-08-12,50.20000076293945,50.20000076293945,49.369998931884766,49.54999923706055,33.95843505859375,140200
2009-08-13,49.970001220703125,50.275001525878906,49.709999084472656,50.26499938964844,34.4484748840332,90000
2009-08-14,53.630001068115234,53.630001068115234,50.1349983215332,50.369998931884766,34.520416259765625,53800
2009-08-17,50.4900016784668,50.5,50.25,50.47499847412109,34.59238052368164,57800
2009-08-18,50.34999847412109,50.46500015258789,50.209999084472656,50.209999084472656,34.410797119140625,86200
2009-08-19,50.45000076293945,50.45000076293945,50.06499862670898,50.40999984741211,34.54783248901367,71600
2009-08-20,50.39500045776367,50.459999084472656,49.89500045776367,50.209999084472656,34.410797119140625,393000
2009-08-21,50.34000015258789,50.34000015258789,49.7400016784668,49.900001525878906,34.19831085205078,118200
2009-08-24,50.130001068115234,50.32500076293945,49.59000015258789,50.19499969482422,34.40047836303711,76400
2009-08-25,50.3650016784668,50.45000076293945,50.13999938964844,50.435001373291016,34.56496810913086,83600
2009-08-26,50.505001068115234,50.505001068115234,50.34999847412109,50.47499847412109,34.59238052368164,82400
2009-08-27,50.69499969482422,50.69499969482422,50.35499954223633,50.35499954223633,34.5101432800293,111400
2009-08-28,50.470001220703125,50.59000015258789,50.43000030517578,50.47999954223633,34.595794677734375,136200
2009-08-31,50.67499923706055,50.71500015258789,50.44499969482422,50.665000915527344,34.72259521484375,105400
2009-09-01,50.41999816894531,50.63999938964844,50.275001525878906,50.470001220703125,34.732913970947266,115000
2009-09-02,50.63999938964844,50.845001220703125,50.56499862670898,50.68000030517578,34.877437591552734,206600
2009-09-03,50.775001525878906,50.775001525878906,50.16999816894531,50.47499847412109,34.73636245727539,97200
2009-09-04,50.54499816894531,50.665000915527344,50.334999084472656,50.334999084472656,34.6400146484375,74200
2009-09-08,50.494998931884766,50.709999084472656,50.400001525878906,50.5,34.75356674194336,66400
2009-09-09,50.5,50.61000061035156,50.255001068115234,50.54499816894531,34.78451919555664,57600
2009-09-10,50.72999954223633,50.95000076293945,50.459999084472656,50.619998931884766,34.83614730834961,116600
2009-09-11,50.98500061035156,51.19499969482422,50.80500030517578,50.93999862670898,35.056365966796875,127800
2009-09-14,50.7599983215332,51.13999938964844,50.7599983215332,50.915000915527344,35.03915786743164,119200
2009-09-15,50.915000915527344,51.04499816894531,50.67499923706055,50.875,35.01164245605469,200000
2009-09-16,50.90999984741211,50.90999984741211,50.63999938964844,50.90499877929688,35.03226852416992,309400
2009-09-17,50.82500076293945,51.01499938964844,50.720001220703125,50.97999954223633,35.08390426635742,127000
2009-09-18,51.040000915527344,51.040000915527344,50.69499969482422,50.7599983215332,34.9324836730957,176600
2009-09-21,50.95000076293945,51.02000045776367,50.7599983215332,50.8650016784668,35.004737854003906,92400
2009-09-22,50.94499969482422,51.04499816894531,50.7599983215332,51.02000045776367,35.111412048339844,214600
2009-09-23,50.900001525878906,51.16999816894531,50.869998931884766,51.16999816894531,35.214637756347656,64200
2009-09-24,51.125,51.20500183105469,51.040000915527344,51.15999984741211,35.207767486572266,41800
2009-09-25,51.18000030517578,51.30500030517578,50.95500183105469,51.29999923706055,35.30412292480469,93000
2009-09-28,51.310001373291016,51.380001068115234,51.22999954223633,51.369998931884766,35.35231399536133,133800
2009-09-29,51.255001068115234,51.375,51.25,51.27000045776367,35.2834587097168,115600
2009-09-30,51.30500030517578,51.43000030517578,51.22499847412109,51.29499816894531,35.30067443847656,93200
2009-10-01,51.244998931884766,51.43999862670898,51.15999984741211,51.35499954223633,35.47996139526367,139200
2009-10-02,51.43999862670898,51.43999862670898,51.060001373291016,51.09999847412109,35.30379867553711,112600
2009-10-05,51.275001525878906,51.275001525878906,51.13999938964844,51.17499923706055,35.35559844970703,128800
2009-10-06,51.14500045776367,51.185001373291016,50.95000076293945,50.95000076293945,35.20013427734375,124000
2009-10-07,51.15999984741211,51.334999084472656,51.09999847412109,51.09999847412109,35.30379867553711,388800
2009-10-08,51.290000915527344,51.290000915527344,50.84999847412109,51.0,35.23468780517578,182800
2009-10-09,50.96500015258789,50.96500015258789,50.34000015258789,50.40999984741211,34.82707595825195,136600
2009-10-12,50.61000061035156,50.68000030517578,50.33000183105469,50.65999984741211,34.99979782104492,227000
2009-10-13,50.40999984741211,50.685001373291016,50.40999984741211,50.65499877929688,34.9963493347168,25200
2009-10-14,50.65499877929688,50.65999984741211,50.27000045776367,50.275001525878906,34.73380279541016,143800
2009-10-15,50.39500045776367,50.39500045776367,49.959999084472656,50.22999954223633,34.702728271484375,88800
2009-10-16,50.345001220703125,50.459999084472656,50.22499847412109,50.459999084472656,34.86158752441406,40000
2009-10-19,50.66999816894531,50.66999816894531,50.34999847412109,50.4900016784668,34.88235092163086,81400
2009-10-20,50.69499969482422,50.85499954223633,50.685001373291016,50.84999847412109,35.13105010986328,28200
2009-10-21,50.84999847412109,50.92499923706055,50.43999862670898,50.54499816894531,34.92033386230469,86000
2009-10-22,50.73500061035156,50.73500061035156,50.275001525878906,50.65499877929688,34.9963493347168,108600
2009-10-23,50.540000915527344,50.619998931884766,50.39500045776367,50.46500015258789,34.86509323120117,66400
2009-10-26,50.494998931884766,50.720001220703125,50.31999969482422,50.39500045776367,34.816707611083984,59200
2009-10-27,50.4900016784668,50.790000915527344,50.310001373291016,50.72999954223633,35.04815673828125,79600
2009-10-28,50.65999984741211,50.8849983215332,50.60499954223633,50.82500076293945,35.11377716064453,88400
2009-10-29,50.744998931884766,50.8849983215332,50.375,50.81999969482422,35.110328674316406,109000
2009-10-30,50.91999816894531,51.084999084472656,50.86000061035156,50.90499877929688,35.1690559387207,77200
2009-11-02,50.81499862670898,51.01499938964844,50.78499984741211,50.89500045776367,35.30814743041992,69400
2009-11-03,50.75,50.88999938964844,50.43000030517578,50.665000915527344,35.14860916137695,184800
2009-11-04,50.79499816894531,50.93000030517578,50.40999984741211,50.93000030517578,35.332427978515625,80400
2009-11-05,50.52000045776367,50.810001373291016,50.52000045776367,50.79999923706055,35.242244720458984,106600
2009-11-06,50.70000076293945,50.915000915527344,50.47499847412109,50.88999938964844,35.304683685302734,38800
2009-11-09,51.025001525878906,51.025001525878906,50.630001068115234,50.81999969482422,35.256126403808594,111400
2009-11-10,50.900001525878906,50.95000076293945,50.67499923706055,50.72999954223633,35.19368362426758,119400
2009-11-11,50.88999938964844,51.07500076293945,50.625,50.8849983215332,35.30121994018555,52600
2009-11-12,50.869998931884766,51.209999084472656,50.6349983215332,50.775001525878906,35.22488784790039,49000
2009-11-13,50.92499923706055,51.02999877929688,50.75,51.02999877929688,35.401798248291016,39800
2009-11-16,51.04499816894531,51.27999877929688,51.0099983215332,51.084999084472656,35.43998336791992,67600
2009-11-17,51.16999816894531,51.33000183105469,51.095001220703125,51.33000183105469,35.60993194580078,62400
2009-11-18,51.27999877929688,51.27999877929688,51.05500030517578,51.1349983215332,35.47465896606445,93600
2009-11-19,51.18999862670898,51.209999084472656,50.97499847412109,50.9900016784668,35.37406921386719,69400
2009-11-20,50.994998931884766,51.15999984741211,50.90999984741211,50.90999984741211,35.31855010986328,264400
2009-11-23,50.880001068115234,51.15499877929688,50.880001068115234,51.125,35.46772003173828,81200
2009-11-24,51.26499938964844,51.345001220703125,51.1150016784668,51.310001373291016,35.59607696533203,88600
2009-11-25,51.22499847412109,51.46500015258789,51.1349983215332,51.43000030517578,35.6793098449707,48800
2009-11-27,51.43000030517578,51.47499847412109,51.10499954223633,51.47499847412109,35.710540771484375,49600
2009-11-30,51.345001220703125,51.52999877929688,51.165000915527344,51.52999877929688,35.7486686706543,128600
2009-12-01,51.29499816894531,51.29499816894531,51.07500076293945,51.11000061035156,35.59374237060547,339600
2009-12-02,51.17499923706055,51.20500183105469,50.959999084472656,51.130001068115234,35.607662200927734,46000
2009-12-03,50.93000030517578,51.16999816894531,50.880001068115234,51.1349983215332,35.61114883422852,74400
2009-12-04,50.90499877929688,50.98500061035156,50.72499847412109,50.95500183105469,35.48579025268555,73200
2009-12-07,50.97499847412109,50.97499847412109,50.7599983215332,50.82500076293945,35.395259857177734,95200
2009-12-08,51.13999938964844,51.13999938964844,50.97499847412109,51.040000915527344,35.54498291015625,49000
2009-12-09,51.27000045776367,51.27000045776367,50.790000915527344,50.875,35.43006896972656,68000
2009-12-10,50.91999816894531,51.05500030517578,50.790000915527344,50.97499847412109,35.49972152709961,103000
2009-12-11,50.80500030517578,50.89500045776367,50.685001373291016,50.880001068115234,35.433536529541016,63400
2009-12-14,50.93999862670898,50.9900016784668,50.810001373291016,50.97999954223633,35.50321960449219,127800
2009-12-15,50.81999969482422,50.90499877929688,50.68000030517578,50.72499847412109,35.325626373291016,137800
2009-12-16,50.95500183105469,51.04499816894531,50.810001373291016,50.95500183105469,35.48579025268555,272400
2009-12-17,50.93999862670898,51.165000915527344,50.78499984741211,51.025001525878906,35.534523010253906,125800
2009-12-18,51.125,51.125,50.880001068115234,50.95000076293945,35.482330322265625,87800
2009-12-21,51.05500030517578,51.05500030517578,50.7599983215332,50.875,35.43006896972656,64000
2009-12-22,50.8650016784668,50.8650016784668,50.56999969482422,50.709999084472656,35.31517028808594,110200
2009-12-23,50.6150016784668,50.81499862670898,50.595001220703125,50.78499984741211,35.367393493652344,73400
2009-12-24,50.720001220703125,50.72999954223633,50.47499847412109,50.47499847412109,35.1515007019043,28200
2009-12-28,50.46500015258789,50.61000061035156,50.375,50.38999938964844,35.09232711791992,61000
2009-12-29,50.380001068115234,50.47499847412109,50.09000015258789,50.470001220703125,35.28702926635742,66600
2009-12-30,50.47499847412109,50.540000915527344,50.290000915527344,50.43999862670898,35.266056060791016,102600
2009-12-31,50.17499923706055,50.470001220703125,50.17499923706055,50.26499938964844,35.14369583129883,28600
2010-01-04,50.4900016784668,50.540000915527344,50.28499984741211,50.540000915527344,35.33596420288086,88600
2010-01-05,50.65999984741211,50.875,50.505001068115234,50.70000076293945,35.44783401489258,49200
2010-01-06,50.880001068115234,50.880001068115234,50.525001525878906,50.525001525878906,35.32549285888672,137200
2010-01-07,50.53499984741211,50.79999923706055,50.505001068115234,50.75,35.4827995300293,79200
2010-01-08,50.7599983215332,50.900001525878906,50.58000183105469,50.85499954223633,35.55622100830078,107800
2010-01-11,50.68999862670898,50.8650016784668,50.6349983215332,50.650001525878906,35.412879943847656,110800
2010-01-12,51.02000045776367,51.02000045776367,50.73500061035156,50.900001525878906,35.58768844604492,67600
2010-01-13,50.93999862670898,51.084999084472656,50.71500015258789,50.71500015258789,35.45832824707031,49400
2010-01-14,50.94499969482422,50.9900016784668,50.70000076293945,50.9900016784668,35.65060043334961,54000
2010-01-15,50.98500061035156,51.18999862670898,50.915000915527344,51.06999969482422,35.70653533935547,44800
2010-01-19,50.97499847412109,51.0099983215332,50.77999877929688,50.84000015258789,35.54572677612305,104000
2010-01-20,51.06999969482422,51.16999816894531,50.970001220703125,51.119998931884766,35.74149703979492,84600
2010-01-21,51.22999954223633,51.244998931884766,51.060001373291016,51.21500015258789,35.807918548583984,67800
2010-01-22,51.16999816894531,51.255001068115234,51.150001525878906,51.209999084472656,35.804420471191406,119000
2010-01-25,51.14500045776367,51.18999862670898,50.90999984741211,51.15999984741211,35.76945877075195,148600
2010-01-26,51.14500045776367,51.25,50.98500061035156,51.04999923706055,35.692535400390625,50400
2010-01-27,51.130001068115234,51.21500015258789,51.01499938964844,51.08000183105469,35.71352005004883,109400
2010-01-28,51.18000030517578,51.18000030517578,50.91999816894531,51.1150016784668,35.73799514770508,239400
2010-01-29,50.97999954223633,51.310001373291016,50.93000030517578,51.310001373291016,35.87434005737305,124400
2010-02-01,51.005001068115234,51.040000915527344,50.90999984741211,50.9900016784668,35.79536437988281,139800
2010-02-02,50.88999938964844,51.095001220703125,50.88999938964844,51.095001220703125,35.86907196044922,375400
2010-02-03,50.90999984741211,51.09999847412109,50.81999969482422,51.01499938964844,35.81290817260742,271200
2010-02-04,51.025001525878906,51.66999816894531,50.80500030517578,51.150001525878906,35.90768051147461,332800
2010-02-05,51.040000915527344,51.209999084472656,50.94499969482422,51.0,35.80238723754883,110400
2010-02-08,51.06499862670898,51.06499862670898,50.915000915527344,51.06499862670898,35.848018646240234,65400
2010-02-09,50.9900016784668,51.040000915527344,50.85499954223633,50.8849983215332,35.721641540527344,147800
2010-02-10,50.880001068115234,50.900001525878906,50.619998931884766,50.66999816894531,35.57073974609375,114600
2010-02-11,50.744998931884766,50.744998931884766,50.459999084472656,50.47999954223633,35.43733215332031,297800
2010-02-12,50.6349983215332,50.66999816894531,50.275001525878906,50.65999984741211,35.56368637084961,128200
2010-02-16,50.54999923706055,50.709999084472656,50.54999923706055,50.69499969482422,35.5882453918457,58400
2010-02-17,50.685001373291016,50.720001220703125,50.51499938964844,50.61000061035156,35.52858352661133,86400
2010-02-18,50.66999816894531,50.66999816894531,50.505001068115234,50.595001220703125,35.518070220947266,72600
2010-02-19,50.6150016784668,50.834999084472656,50.58000183105469,50.810001373291016,35.66901397705078,173600
2010-02-22,50.69499969482422,50.85499954223633,50.69499969482422,50.71500015258789,35.60231018066406,158800
2010-02-23,50.7400016784668,51.040000915527344,50.7400016784668,50.959999084472656,35.7742919921875,106800
2010-02-24,50.970001220703125,51.1349983215332,50.970001220703125,51.09000015258789,35.865570068359375,105000
2010-02-25,51.13999938964844,51.165000915527344,51.005001068115234,51.165000915527344,35.918212890625,67200
2010-02-26,51.15999984741211,51.29499816894531,51.13999938964844,51.220001220703125,35.95680618286133,100000
2010-03-01,51.08000183105469,51.20000076293945,51.01499938964844,51.13999938964844,36.04350662231445,59000
2010-03-02,51.060001373291016,51.255001068115234,51.025001525878906,51.255001068115234,36.12456893920898,115600
2010-03-03,51.15499877929688,51.2599983215332,51.09000015258789,51.2599983215332,36.12808227539063,148000
2010-03-04,51.13999938964844,51.310001373291016,51.13999938964844,51.26499938964844,36.13160705566406,46600
2010-03-05,51.125,51.19499969482422,51.02000045776367,51.02000045776367,35.958946228027344,59600
2010-03-08,51.06499862670898,51.18999862670898,51.02999877929688,51.18999862670898,36.0787467956543,63600
2010-03-09,51.15999984741211,51.27000045776367,51.150001525878906,51.27000045776367,36.13512802124024,82000
2010-03-10,51.084999084472656,51.22999954223633,51.084999084472656,51.22999954223633,36.10696029663086,66400
2010-03-11,51.04499816894531,51.19499969482422,51.04499816894531,51.14500045776367,36.04704284667969,77600
2010-03-12,51.06499862670898,51.310001373291016,51.06499862670898,51.27000045776367,36.13512802124024,110800
2010-03-15,51.084999084472656,51.28499984741211,51.084999084472656,51.2599983215332,36.12808227539063,84000
2010-03-16,51.2599983215332,51.47499847412109,51.220001220703125,51.35499954223633,36.195045471191406,107400
2010-03-17,51.45500183105469,51.57500076293945,51.45500183105469,51.52000045776367,36.31133270263672,168000
2010-03-18,51.525001525878906,51.57500076293945,51.3849983215332,51.45500183105469,36.265506744384766,157600
2010-03-19,51.44499969482422,51.525001525878906,51.400001525878906,51.44499969482422,36.25848388671875,85000
2010-03-22,51.4900016784668,51.51499938964844,51.32500076293945,51.435001373291016,36.25142288208008,127800
2010-03-23,51.459999084472656,51.53499984741211,51.375,51.375,36.20915603637695,72400
2010-03-24,51.15999984741211,51.30500030517578,50.96500015258789,51.08000183105469,36.001216888427734,103200
2010-03-25,51.04499816894531,51.13999938964844,50.83000183105469,51.040000915527344,35.97303009033203,106800
2010-03-26,51.0099983215332,51.16999816894531,50.900001525878906,51.1349983215332,36.039981842041016,99400
2010-03-29,51.14500045776367,51.185001373291016,51.01499938964844,51.10499954223633,36.01883316040039,171400
2010-03-30,51.125,51.1349983215332,50.93000030517578,51.125,36.03294372558594,177000
2010-03-31,51.05500030517578,51.19499969482422,51.05500030517578,51.13999938964844,36.04350662231445,190400
2010-04-01,50.959999084472656,50.970001220703125,50.84999847412109,50.900001525878906,36.01911163330078,162200
2010-04-05,50.775001525878906,50.775001525878906,50.595001220703125,50.6150016784668,35.81743621826172,81200
2010-04-06,50.63999938964844,50.810001373291016,50.63999938964844,50.78499984741211,35.937713623046875,85600
2010-04-07,50.61000061035156,51.08000183105469,50.61000061035156,51.04999923706055,36.125244140625,151600
2010-04-08,51.04499816894531,51.04999923706055,50.900001525878906,50.935001373291016,36.04386520385742,56000
2010-04-09,50.790000915527344,51.084999084472656,50.790000915527344,51.084999084472656,36.150001525878906,173000
2010-04-12,51.07500076293945,51.22999954223633,51.005001068115234,51.119998931884766,36.174766540527344,134000
2010-04-13,51.35499954223633,51.35499954223633,51.11000061035156,51.18000030517578,36.21724319458008,159600
2010-04-14,51.36000061035156,51.36000061035156,51.07500076293945,51.07500076293945,36.14293670654297,175400
2010-04-15,51.1150016784668,51.3849983215332,51.060001373291016,51.33000183105469,36.32338333129883,71400
2010-04-16,51.290000915527344,51.47499847412109,51.290000915527344,51.45500183105469,36.41182708740234,73000
2010-04-19,51.5,51.5,51.310001373291016,51.31499862670898,36.31275939941406,51000
2010-04-20,51.43000030517578,51.435001373291016,51.290000915527344,51.43000030517578,36.39413833618164,48000
2010-04-21,51.48500061035156,51.619998931884766,51.47499847412109,51.59999847412109,36.51445388793945,72200
2010-04-22,51.63999938964844,51.650001525878906,51.43000030517578,51.43000030517578,36.39413833618164,57000
2010-04-23,51.36000061035156,51.435001373291016,51.290000915527344,51.41999816894531,36.387054443359375,45000
2010-04-26,51.52999877929688,51.54499816894531,51.36000061035156,51.44499969482422,36.404762268066406,91800
2010-04-27,51.4900016784668,51.72999954223633,51.42499923706055,51.68999862670898,36.57812881469727,53200
2010-04-28,51.56499862670898,51.70000076293945,51.5,51.56999969482422,36.49322509765625,56800
2010-04-29,51.47499847412109,51.69499969482422,51.44499969482422,51.68000030517578,36.571075439453125,43400
2010-04-30,51.709999084472656,51.875,51.68999862670898,51.83000183105469,36.67721557617188,51800
2010-05-03,51.505001068115234,51.56999969482422,51.380001068115234,51.56999969482422,36.63814163208008,131000
2010-05-04,51.64500045776367,51.81499862670898,51.60499954223633,51.810001373291016,36.80865097045898,59800
2010-05-05,51.834999084472656,52.01499938964844,51.66999816894531,51.775001525878906,36.78377914428711,129200
2010-05-06,51.665000915527344,51.91999816894531,51.400001525878906,51.60499954223633,36.66297149658203,118000
2010-05-07,51.560001373291016,51.81499862670898,51.20500183105469,51.20500183105469,36.37879180908203,137800
2010-05-10,51.11000061035156,51.48500061035156,50.900001525878906,50.93999862670898,36.190547943115234,245400
2010-05-11,51.32500076293945,51.32500076293945,50.935001373291016,51.03499984741211,36.25801467895508,82800
2010-05-12,51.20000076293945,51.33000183105469,51.19499969482422,51.29499816894531,36.44275665283203,59800
2010-05-13,51.39500045776367,51.43000030517578,51.17499923706055,51.34999847412109,36.481815338134766,54800
2010-05-14,51.435001373291016,51.6150016784668,51.435001373291016,51.560001373291016,36.63100814819336,71800
2010-05-17,51.59999847412109,51.744998931884766,51.5,51.55500030517578,36.62748336791992,53600
2010-05-18,51.47999954223633,51.7599983215332,51.47999954223633,51.7599983215332,36.77311706542969,78600
2010-05-19,51.744998931884766,51.90499877929688,51.61000061035156,51.77000045776367,36.78022003173828,45200
2010-05-20,51.70000076293945,51.875,51.540000915527344,51.69499969482422,36.72693634033203,88000
2010-05-21,51.875,52.02999877929688,51.560001373291016,51.81999969482422,36.81574249267578,69600
2010-05-24,51.744998931884766,51.935001373291016,51.6349983215332,51.72999954223633,36.75181198120117,179000
2010-05-25,51.63999938964844,51.78499984741211,51.51499938964844,51.709999084472656,36.73759078979492,87600
2010-05-26,51.68999862670898,51.68999862670898,51.39500045776367,51.625,36.67721557617188,163200
2010-05-27,51.2599983215332,51.34999847412109,51.10499954223633,51.28499984741211,36.435638427734375,158800
2010-05-28,51.46500015258789,51.595001220703125,51.380001068115234,51.56499862670898,36.634578704833984,68600
2010-06-01,51.380001068115234,51.3849983215332,51.15999984741211,51.369998931884766,36.63242721557617,76800
2010-06-02,51.150001525878906,51.33000183105469,51.06499862670898,51.18999862670898,36.50408172607422,67800
2010-06-03,51.185001373291016,51.27999877929688,50.84999847412109,51.130001068115234,36.46128845214844,112200
2010-06-04,51.38999938964844,51.54499816894531,51.31999969482422,51.505001068115234,36.72869873046875,36200
2010-06-07,51.46500015258789,51.625,51.40499877929688,51.6150016784668,36.8071517944336,130000
2010-06-08,51.47499847412109,51.56499862670898,51.415000915527344,51.47999954223633,36.710899353027344,79600
2010-06-09,51.34000015258789,51.494998931884766,51.275001525878906,51.47999954223633,36.710899353027344,51000
2010-06-10,51.23500061035156,51.27999877929688,51.05500030517578,51.1150016784668,36.45061111450195,76800
2010-06-11,51.11000061035156,51.36000061035156,51.11000061035156,51.334999084472656,36.60749053955078,83200
2010-06-14,51.09000015258789,51.30500030517578,51.02999877929688,51.130001068115234,36.46128845214844,88400
2010-06-15,51.31999969482422,51.33000183105469,51.08000183105469,51.13999938964844,36.46841812133789,92400
2010-06-16,51.17499923706055,51.275001525878906,51.07500076293945,51.220001220703125,36.52547073364258,45200
2010-06-17,51.2400016784668,51.459999084472656,51.2400016784668,51.43000030517578,36.67521667480469,247800
2010-06-18,51.43000030517578,51.45000076293945,51.31999969482422,51.34999847412109,36.61817169189453,48400
2010-06-21,51.25,51.5099983215332,51.25,51.494998931884766,36.721588134765625,46600
2010-06-22,51.52000045776367,51.68000030517578,51.47499847412109,51.68000030517578,36.85349655151367,89000
2010-06-23,51.66999816894531,51.84999847412109,51.59000015258789,51.65999984741211,36.839263916015625,96800
2010-06-24,51.7400016784668,51.84999847412109,51.60499954223633,51.75,36.90340805053711,80400
2010-06-25,51.560001373291016,51.95000076293945,51.560001373291016,51.83000183105469,36.96047592163086,61000
2010-06-28,52.0,52.07500076293945,51.84999847412109,52.07500076293945,37.13517761230469,44400
2010-06-29,52.02999877929688,52.1150016784668,51.95500183105469,51.970001220703125,37.06029510498047,94000
2010-06-30,51.93999862670898,52.16999816894531,51.91999816894531,52.16999816894531,37.20292663574219,95200
2010-07-01,52.0,52.10499954223633,51.900001525878906,51.900001525878906,37.15281295776367,113600
2010-07-02,51.900001525878906,51.95500183105469,51.79499816894531,51.900001525878906,37.15281295776367,116800
2010-07-06,51.92499923706055,52.04999923706055,51.88999938964844,52.01499938964844,37.235130310058594,65200
2010-07-07,52.09999847412109,52.09999847412109,51.92499923706055,51.98500061035156,37.213653564453125,178200
2010-07-08,51.915000915527344,51.91999816894531,51.77999877929688,51.875,37.13494110107422,76600
2010-07-09,51.8849983215332,51.89500045776367,51.77000045776367,51.875,37.13494110107422,144400
2010-07-12,51.93000030517578,51.98500061035156,51.83000183105469,51.875,37.13494110107422,122200
2010-07-13,51.76499938964844,51.88999938964844,51.73500061035156,51.81499862670898,37.09197616577149,95400
2010-07-14,51.994998931884766,52.1349983215332,51.89500045776367,52.060001373291016,37.26734161376953,54800
2010-07-15,52.13999938964844,52.290000915527344,52.13999938964844,52.209999084472656,37.374732971191406,107600
2010-07-16,52.209999084472656,52.459999084472656,52.209999084472656,52.36000061035156,37.48209762573242,85800
2010-07-19,52.46500015258789,52.46500015258789,52.29999923706055,52.375,37.49284744262695,49400
2010-07-20,52.39500045776367,52.42499923706055,52.29499816894531,52.3849983215332,37.4999885559082,33200
2010-07-21,52.40499877929688,52.720001220703125,52.3849983215332,52.709999084472656,37.7326545715332,70600
2010-07-22,52.650001525878906,52.68999862670898,52.5099983215332,52.650001525878906,37.689727783203125,95600
2010-07-23,52.59999847412109,52.69499969482422,52.459999084472656,52.525001525878906,37.60023498535156,81200
2010-07-26,52.494998931884766,52.61000061035156,52.44499969482422,52.60499954223633,37.6574821472168,83200
2010-07-27,52.59000015258789,52.60499954223633,52.415000915527344,52.435001373291016,37.53579711914063,153800
2010-07-28,52.595001220703125,52.63999938964844,52.400001525878906,52.60499954223633,37.6574821472168,79000
2010-07-29,52.665000915527344,52.790000915527344,52.53499984741211,52.78499984741211,37.7863655090332,93800
2010-07-30,52.775001525878906,53.04499816894531,52.775001525878906,53.02999877929688,37.961727142333984,173400
2010-08-02,52.64500045776367,52.82500076293945,52.64500045776367,52.685001373291016,37.8571662902832,229000
2010-08-03,52.720001220703125,52.93999862670898,52.720001220703125,52.93999862670898,38.0404052734375,149600
2010-08-04,52.900001525878906,52.900001525878906,52.63999938964844,52.650001525878906,37.8320426940918,132600
2010-08-05,52.94499969482422,52.959999084472656,52.79999923706055,52.93000030517578,38.03321838378906,170800
2010-08-06,52.875,53.09999847412109,52.875,53.04499816894531,38.11585998535156,79800
2010-08-09,53.040000915527344,53.1150016784668,53.01499938964844,53.040000915527344,38.112281799316406,61400
2010-08-10,52.90499877929688,53.32500076293945,52.90499877929688,53.095001220703125,38.15180969238281,93800
2010-08-11,53.10499954223633,53.36000061035156,53.10499954223633,53.31499862670898,38.30986404418945,117600
2010-08-12,53.30500030517578,53.334999084472656,53.18000030517578,53.2599983215332,38.27037048339844,65800
2010-08-13,53.15999984741211,53.40999984741211,53.15999984741211,53.40999984741211,38.37812805175781,58800
2010-08-16,53.70000076293945,53.82500076293945,53.59999847412109,53.810001373291016,38.665557861328125,55000
2010-08-17,53.6349983215332,53.71500015258789,53.584999084472656,53.61000061035156,38.5218505859375,56000
2010-08-18,53.70500183105469,53.85499954223633,53.66999816894531,53.72499847412109,38.604469299316406,60800
2010-08-19,53.720001220703125,54.01499938964844,53.65999984741211,53.90499877929688,38.73381042480469,74000
2010-08-20,53.89500045776367,54.0,53.810001373291016,53.84999847412109,38.69430160522461,132200
2010-08-23,53.755001068115234,53.95000076293945,53.67499923706055,53.92499923706055,38.74818420410156,64800
2010-08-24,53.95500183105469,54.15999984741211,53.95000076293945,54.130001068115234,38.895484924316406,52000
2010-08-25,54.1349983215332,54.2400016784668,53.94499969482422,54.005001068115234,38.80567932128906,89000
2010-08-26,53.915000915527344,54.130001068115234,53.915000915527344,54.130001068115234,38.895484924316406,67600
2010-08-27,53.8650016784668,54.040000915527344,53.47499847412109,53.525001525878906,38.46077728271485,131000
2010-08-30,53.71500015258789,53.95500183105469,53.70500183105469,53.95000076293945,38.76616287231445,55200
2010-08-31,53.98500061035156,54.09000015258789,53.900001525878906,53.95500183105469,38.76974868774414,69000
2010-09-01,53.68999862670898,53.79999923706055,53.45500183105469,53.665000915527344,38.69942092895508,102800
2010-09-02,53.47499847412109,53.54999923706055,53.42499923706055,53.52000045776367,38.594871520996094,68600
2010-09-03,53.19499969482422,53.40499877929688,53.1349983215332,53.21500015258789,38.37494659423828,107200
2010-09-07,53.505001068115234,53.65999984741211,53.36000061035156,53.65499877929688,38.69223403930664,60000
2010-09-08,53.525001525878906,53.63999938964844,53.5,53.584999084472656,38.641746520996094,34400
2010-09-09,53.3849983215332,53.48500061035156,53.209999084472656,53.334999084472656,38.46145248413086,63600
2010-09-10,53.165000915527344,53.310001373291016,53.07500076293945,53.130001068115234,38.31365585327149,73400
2010-09-13,53.15999984741211,53.48500061035156,53.15999984741211,53.47999954223633,38.5660285949707,90400
2010-09-14,53.400001525878906,53.65999984741211,53.400001525878906,53.54999923706055,38.616512298583984,55400
2010-09-15,53.46500015258789,53.58000183105469,53.3650016784668,53.400001525878906,38.5083236694336,55200
2010-09-16,53.30500030517578,53.35499954223633,53.119998931884766,53.27999877929688,38.42180633544922,79000
2010-09-17,53.38999938964844,53.45000076293945,53.244998931884766,53.375,38.49032211303711,56200
2010-09-20,53.39500045776367,53.42499923706055,53.255001068115234,53.41999816894531,38.52275466918945,68800
2010-09-21,53.525001525878906,53.79999923706055,53.415000915527344,53.7599983215332,38.767948150634766,84600
2010-09-22,53.81499862670898,53.8650016784668,53.67499923706055,53.755001068115234,38.76435470581055,140800
2010-09-23,53.8849983215332,53.8849983215332,53.66999816894531,53.75,38.76073455810547,86600
2010-09-24,53.66999816894531,53.7400016784668,53.505001068115234,53.525001525878906,38.59848403930664,92600
2010-09-27,53.70500183105469,53.900001525878906,53.70500183105469,53.88999938964844,38.86168670654297,126200
2010-09-28,53.84000015258789,54.18999862670898,53.79999923706055,54.150001525878906,39.0491943359375,639400
2010-09-29,54.119998931884766,54.15999984741211,53.9900016784668,54.084999084472656,39.00230026245117,445400
2010-09-30,53.970001220703125,54.03499984741211,53.70500183105469,53.94499969482422,38.90134048461914,121400
2010-10-01,53.709999084472656,53.900001525878906,53.59999847412109,53.880001068115234,38.99397659301758,289200
2010-10-04,53.85499954223633,53.96500015258789,53.82500076293945,53.935001373291016,39.033809661865234,79000
2010-10-05,53.97499847412109,54.040000915527344,53.90999984741211,53.959999084472656,39.0518913269043,74800
2010-10-06,54.119998931884766,54.31499862670898,54.119998931884766,54.255001068115234,39.26538848876953,180000
2010-10-07,54.334999084472656,54.34999847412109,54.27000045776367,54.33000183105469,39.31964874267578,81600
2010-10-08,54.375,54.435001373291016,54.21500015258789,54.26499938964844,39.27263259887695,105600
2010-10-11,54.22499847412109,54.31999969482422,54.209999084472656,54.23500061035156,39.250885009765625,74800
2010-10-12,54.32500076293945,54.32500076293945,53.91999816894531,53.91999816894531,39.022926330566406,193200
2010-10-13,54.084999084472656,54.084999084472656,53.834999084472656,53.95500183105469,39.04827117919922,156600
2010-10-14,54.1150016784668,54.1150016784668,53.77000045776367,53.790000915527344,38.92886734008789,52000
2010-10-15,53.77000045776367,53.77000045776367,53.5,53.5,38.71895599365234,76800
2010-10-18,53.75,53.84000015258789,53.625,53.82500076293945,38.95418930053711,82600
2010-10-19,53.7400016784668,53.9900016784668,53.66999816894531,53.95000076293945,39.04465103149414,49600
2010-10-20,53.88999938964844,54.02000045776367,53.72499847412109,53.97499847412109,39.06273651123047,72400
2010-10-21,53.81999969482422,53.96500015258789,53.77999877929688,53.80500030517578,38.93971633911133,87000
2010-10-22,53.72499847412109,53.8849983215332,53.70000076293945,53.869998931884766,38.98674774169922,87200
2010-10-25,54.1150016784668,54.18000030517578,53.90999984741211,53.994998931884766,39.07722091674805,102600
2010-10-26,53.720001220703125,53.875,53.68000030517578,53.709999084472656,38.87094497680664,81800
2010-10-27,53.595001220703125,53.685001373291016,53.35499954223633,53.54999923706055,38.75516891479492,173200
2010-10-28,53.76499938964844,53.834999084472656,53.65499877929688,53.72999954223633,38.88542556762695,66400
2010-10-29,53.82500076293945,53.8849983215332,53.720001220703125,53.80500030517578,38.93971633911133,626200
2010-11-01,53.6349983215332,53.78499984741211,53.52999877929688,53.63999938964844,38.95530700683594,107600
2010-11-02,53.81999969482422,53.82500076293945,53.68000030517578,53.775001525878906,39.05338287353516,127600
2010-11-03,53.94499969482422,53.959999084472656,53.619998931884766,53.68999862670898,38.99163436889648,524200
2010-11-04,53.97499847412109,54.150001525878906,53.900001525878906,54.040000915527344,39.24583435058594,89400
2010-11-05,53.869998931884766,54.025001525878906,53.70000076293945,53.709999084472656,39.00615692138672,360800
2010-11-08,53.775001525878906,53.90499877929688,53.69499969482422,53.77000045776367,39.04972457885742,181400
2010-11-09,53.79999923706055,53.82500076293945,53.275001525878906,53.40499877929688,38.78466033935547,142800
2010-11-10,53.375,53.3849983215332,53.01499938964844,53.375,38.76287460327149,126800
2010-11-11,53.3849983215332,53.3849983215332,53.17499923706055,53.255001068115234,38.67572021484375,56600
2010-11-12,53.15999984741211,53.27999877929688,52.869998931884766,52.869998931884766,38.396121978759766,459600
2010-11-15,52.63999938964844,52.900001525878906,52.43000030517578,52.47999954223633,38.11287689208984,132800
2010-11-16,52.595001220703125,52.755001068115234,52.33000183105469,52.665000915527344,38.24724960327149,320200
2010-11-17,52.72999954223633,52.915000915527344,52.66999816894531,52.75,38.3089714050293,179000
2010-11-18,52.83000183105469,52.83000183105469,52.6150016784668,52.83000183105469,38.3670768737793,84400
2010-11-19,52.80500030517578,52.869998931884766,52.75,52.8650016784668,38.39250564575195,167200
2010-11-22,53.0,53.125,52.92499923706055,53.040000915527344,38.51959228515625,56800
2010-11-23,53.244998931884766,53.275001525878906,53.04999923706055,53.1349983215332,38.58857727050781,69600
2010-11-24,52.93000030517578,52.994998931884766,52.65999984741211,52.65999984741211,38.24360275268555,67200
2010-11-26,52.79999923706055,52.92499923706055,52.709999084472656,52.90499877929688,38.42154312133789,42000
2010-11-29,53.02999877929688,53.02999877929688,52.85499954223633,52.98500061035156,38.47964477539063,51600
2010-11-30,53.08000183105469,53.19499969482422,52.93000030517578,52.95000076293945,38.454219818115234,40600
2010-12-01,52.415000915527344,52.584999084472656,52.334999084472656,52.3849983215332,38.192115783691406,159800
2010-12-02,52.334999084472656,52.5,52.28499984741211,52.31499862670898,38.14107131958008,102800
2010-12-03,52.625,52.625,52.25,52.28499984741211,38.11920928955078,87800
2010-12-06,52.470001220703125,52.60499954223633,52.42499923706055,52.60499954223633,38.35249710083008,36800
2010-12-07,52.470001220703125,52.470001220703125,52.04999923706055,52.14500045776367,38.01714706420898,87600
2010-12-08,52.09999847412109,52.09999847412109,51.665000915527344,51.88999938964844,37.83125686645508,152600
2010-12-09,51.98500061035156,52.125,51.845001220703125,52.09999847412109,37.98434448242188,849600
2010-12-10,51.91999816894531,52.09000015258789,51.810001373291016,51.82500076293945,37.78385543823242,118200
2010-12-13,51.790000915527344,52.04499816894531,51.709999084472656,51.834999084472656,37.791141510009766,366200
2010-12-14,51.834999084472656,51.834999084472656,51.5,51.630001068115234,37.64168167114258,134000
2010-12-15,51.744998931884766,51.76499938964844,51.310001373291016,51.40499877929688,37.47764205932617,132000
2010-12-16,51.560001373291016,51.625,51.29999923706055,51.6150016784668,37.630741119384766,223200
2010-12-17,51.78499984741211,52.09000015258789,51.70000076293945,51.994998931884766,37.90778732299805,65000
2010-12-20,52.0,52.18999862670898,51.92499923706055,51.970001220703125,37.88957977294922,60200
2010-12-21,52.08000183105469,52.09999847412109,51.875,52.04999923706055,37.9478874206543,45600
2010-12-22,52.09999847412109,52.1150016784668,51.89500045776367,52.01499938964844,37.9223518371582,46200
2010-12-23,52.005001068115234,52.005001068115234,51.8849983215332,51.96500015258789,37.88592529296875,44400
2010-12-27,51.92499923706055,52.06499862670898,51.80500030517578,52.060001373291016,37.95518112182617,92400
2010-12-28,51.95500183105469,51.95500183105469,51.470001220703125,51.525001525878906,37.6994743347168,75200
2010-12-29,51.525001525878906,52.05500030517578,51.45500183105469,51.88999938964844,37.9665412902832,81000
2010-12-30,51.79999923706055,51.90499877929688,51.709999084472656,51.880001068115234,37.95920181274414,73400
2010-12-31,51.98500061035156,52.165000915527344,51.98500061035156,52.06499862670898,38.09456253051758,74600
2011-01-03,52.04499816894531,52.16999816894531,51.880001068115234,52.1150016784668,38.13116455078125,165600
2011-01-04,52.2400016784668,52.290000915527344,52.06999969482422,52.150001525878906,38.15675735473633,47400
2011-01-05,52.040000915527344,52.040000915527344,51.75,51.81499862670898,37.91165542602539,96000
2011-01-06,51.88999938964844,52.025001525878906,51.845001220703125,51.95000076293945,38.01041412353516,58000
2011-01-07,52.040000915527344,52.290000915527344,51.959999084472656,52.20500183105469,38.19698333740234,76600
2011-01-10,52.22999954223633,52.275001525878906,52.15499877929688,52.21500015258789,38.20431137084961,64200
2011-01-11,52.22999954223633,52.22999954223633,51.98500061035156,52.150001525878906,38.15675735473633,123800
2011-01-12,52.185001373291016,52.27000045776367,52.0,52.119998931884766,38.13479995727539,165800
2011-01-13,52.095001220703125,52.40499877929688,52.095001220703125,52.3650016784668,38.31406021118164,105600
2011-01-14,52.33000183105469,52.375,52.119998931884766,52.119998931884766,38.13479995727539,117200
2011-01-18,52.1349983215332,52.15499877929688,51.935001373291016,52.095001220703125,38.11650848388672,111400
2011-01-19,52.16999816894531,52.185001373291016,52.09000015258789,52.14500045776367,38.15310287475586,112000
2011-01-20,52.005001068115234,52.05500030517578,51.79999923706055,51.92499923706055,37.99211883544922,80800
2011-01-21,51.98500061035156,52.125,51.915000915527344,52.125,38.13845443725586,86600
2011-01-24,52.30500030517578,52.30500030517578,52.1150016784668,52.1150016784668,38.13116455078125,87200
2011-01-25,52.27999877929688,52.43000030517578,52.09999847412109,52.369998931884766,38.31772613525391,54200
2011-01-26,52.3650016784668,52.3650016784668,52.14500045776367,52.15999984741211,38.16406631469727,117000
2011-01-27,52.255001068115234,52.345001220703125,52.084999084472656,52.26499938964844,38.24089050292969,59400
2011-01-28,52.2400016784668,52.47499847412109,52.14500045776367,52.375,38.32137680053711,78600
2011-01-31,52.375,52.42499923706055,52.18999862670898,52.220001220703125,38.207984924316406,66200
2011-02-01,52.005001068115234,52.04499816894531,51.8650016784668,51.98500061035156,38.17784881591797,62200
2011-02-02,51.93999862670898,52.0099983215332,51.77000045776367,51.86000061035156,38.0860595703125,89000
2011-02-03,51.77000045776367,51.93000030517578,51.69499969482422,51.69499969482422,37.96487808227539,65600
2011-02-04,51.7599983215332,51.76499938964844,51.52999877929688,51.625,37.91347503662109,101400
2011-02-07,51.56999969482422,51.73500061035156,51.4900016784668,51.70500183105469,37.97222900390625,191200
2011-02-08,51.720001220703125,51.76499938964844,51.51499938964844,51.59999847412109,37.89511489868164,191800
2011-02-09,51.75,51.869998931884766,51.53499984741211,51.80500030517578,38.04566192626953,96600
2011-02-10,51.665000915527344,51.755001068115234,51.540000915527344,51.619998931884766,37.909812927246094,102800
2011-02-11,51.81999969482422,51.8650016784668,51.720001220703125,51.83000183105469,38.06401824951172,47400
2011-02-14,51.665000915527344,51.89500045776367,51.665000915527344,51.84000015258789,38.07137298583984,97600
2011-02-15,51.81999969482422,51.915000915527344,51.790000915527344,51.915000915527344,38.1264533996582,100600
2011-02-16,51.89500045776367,52.0,51.810001373291016,51.85499954223633,38.08239364624024,67400
2011-02-17,52.005001068115234,52.025001525878906,51.93999862670898,51.96500015258789,38.16318893432617,75400
2011-02-18,51.89500045776367,52.040000915527344,51.83000183105469,52.040000915527344,38.21824645996094,65600
2011-02-22,52.09000015258789,52.290000915527344,52.040000915527344,52.2599983215332,38.379825592041016,118800
2011-02-23,52.16999816894531,52.310001373291016,52.125,52.1349983215332,38.288028717041016,52000
2011-02-24,52.275001525878906,52.3650016784668,52.20000076293945,52.25,38.37248611450195,75200
2011-02-25,52.25,52.39500045776367,52.244998931884766,52.3650016784668,38.45693588256836,187600
2011-02-28,52.43000030517578,52.4900016784668,52.369998931884766,52.4900016784668,38.548736572265625,104000
2011-03-01,52.084999084472656,52.31499862670898,52.084999084472656,52.27000045776367,38.53214263916016,118400
2011-03-02,52.25,52.334999084472656,52.1150016784668,52.1349983215332,38.43263626098633,142600
2011-03-03,51.970001220703125,52.025001525878906,51.83000183105469,51.875,38.240966796875,94400
2011-03-04,51.89500045776367,52.150001525878906,51.880001068115234,52.10499954223633,38.41051483154297,152000
2011-03-07,51.994998931884766,52.165000915527344,51.875,52.04499816894531,38.36627578735352,60600
2011-03-08,52.01499938964844,52.03499984741211,51.91999816894531,52.01499938964844,38.34416580200195,65400
2011-03-09,52.06999969482422,52.2400016784668,52.03499984741211,52.16999816894531,38.458404541015625,68400
2011-03-10,52.18000030517578,52.415000915527344,52.130001068115234,52.3849983215332,38.616920471191406,62000
2011-03-11,52.43000030517578,52.43000030517578,52.290000915527344,52.400001525878906,38.62798309326172,53000
2011-03-14,52.46500015258789,52.54499816894531,52.400001525878906,52.43999862670898,38.65746688842773,104800
2011-03-15,52.55500030517578,52.59999847412109,52.34999847412109,52.415000915527344,38.639041900634766,93600
2011-03-16,52.56499862670898,52.994998931884766,52.56499862670898,52.810001373291016,38.93022155761719,133600
2011-03-17,52.54499816894531,52.68000030517578,52.470001220703125,52.6150016784668,38.78647613525391,92200
2011-03-18,52.35499954223633,52.650001525878906,52.35499954223633,52.619998931884766,38.79013442993164,135800
2011-03-21,52.40999984741211,52.58000183105469,52.36000061035156,52.52000045776367,38.71644973754883,73400
2011-03-22,52.43999862670898,52.52999877929688,52.41999816894531,52.52999877929688,38.72381591796875,68200
2011-03-23,52.54499816894531,52.63999938964844,52.415000915527344,52.44499969482422,38.66116714477539,46000
2011-03-24,52.43000030517578,52.435001373291016,52.275001525878906,52.3650016784668,38.60218048095703,54000
2011-03-25,52.415000915527344,52.435001373291016,52.19499969482422,52.2599983215332,38.5247802734375,53000
2011-03-28,52.15999984741211,52.30500030517578,52.1349983215332,52.290000915527344,38.54690933227539,103600
2011-03-29,52.20000076293945,52.22499847412109,52.08000183105469,52.185001373291016,38.46949005126953,173200
2011-03-30,52.244998931884766,52.30500030517578,52.095001220703125,52.255001068115234,38.52110290527344,72400
2011-03-31,52.31999969482422,52.35499954223633,52.15499877929688,52.17499923706055,38.46211624145508,80600
2011-04-01,51.775001525878906,52.13999938964844,51.775001525878906,52.13999938964844,38.57752990722656,59600
2011-04-04,52.04999923706055,52.27000045776367,52.04999923706055,52.20000076293945,38.62193298339844,246600
2011-04-05,52.13999938964844,52.20000076293945,52.07500076293945,52.15499877929688,38.5886344909668,237400
2011-04-06,52.07500076293945,52.13999938964844,51.994998931884766,51.994998931884766,38.47026062011719,63600
2011-04-07,51.9900016784668,52.0099983215332,51.8650016784668,51.97499847412109,38.455448150634766,56600
2011-04-08,51.90999984741211,51.96500015258789,51.845001220703125,51.90499877929688,38.40366363525391,84400
2011-04-11,51.90999984741211,51.97999954223633,51.834999084472656,51.94499969482422,38.43324661254883,41200
2011-04-12,52.060001373291016,52.16999816894531,52.04999923706055,52.09000015258789,38.540523529052734,67800
2011-04-13,51.93000030517578,52.255001068115234,51.90999984741211,52.255001068115234,38.662628173828125,67000
2011-04-14,52.21500015258789,52.25,52.060001373291016,52.08000183105469,38.53317642211914,79200
2011-04-15,52.375,52.44499969482422,52.290000915527344,52.415000915527344,38.781009674072266,45200
2011-04-18,52.33000183105469,52.54999923706055,52.23500061035156,52.52999877929688,38.86608123779297,62800
2011-04-19,52.584999084472656,52.66999816894531,52.54999923706055,52.63999938964844,38.94748306274414,64000
2011-04-20,52.6349983215332,52.6349983215332,52.52000045776367,52.54999923706055,38.880897521972656,104800
2011-04-21,52.64500045776367,52.65999984741211,52.525001525878906,52.560001373291016,38.88828659057617,67400
2011-04-25,52.59000015258789,52.68999862670898,52.54999923706055,52.68999862670898,38.984474182128906,64200
2011-04-26,52.72499847412109,52.84999847412109,52.665000915527344,52.790000915527344,39.05845260620117,97400
2011-04-27,52.755001068115234,52.81499862670898,52.63999938964844,52.77000045776367,39.04367446899414,88600
2011-04-28,52.82500076293945,52.900001525878906,52.76499938964844,52.86000061035156,39.11024475097656,101800
2011-04-29,52.869998931884766,53.0099983215332,52.80500030517578,52.9900016784668,39.20644760131836,72000
2011-05-02,52.935001373291016,52.935001373291016,52.69499969482422,52.810001373291016,39.21646499633789,180000
2011-05-03,52.90999984741211,52.90999984741211,52.79499816894531,52.875,39.264739990234375,50000
2011-05-04,52.89500045776367,52.9900016784668,52.89500045776367,52.90499877929688,39.28700637817383,58000
2011-05-05,53.025001525878906,53.11000061035156,53.0,53.095001220703125,39.428104400634766,57800
2011-05-06,52.97499847412109,53.13999938964844,52.900001525878906,53.04499816894531,39.39095687866211,107200
2011-05-09,53.095001220703125,53.185001373291016,53.05500030517578,53.07500076293945,39.41326141357422,134000
2011-05-10,53.1349983215332,53.1349983215332,52.900001525878906,52.94499969482422,39.31671905517578,69800
2011-05-11,52.970001220703125,53.060001373291016,52.875,53.03499984741211,39.38355255126953,83800
2011-05-12,53.130001068115234,53.130001068115234,52.82500076293945,52.88999938964844,39.2758674621582,66000
2011-05-13,52.959999084472656,53.185001373291016,52.959999084472656,53.07500076293945,39.41326141357422,83600
2011-05-16,53.1349983215332,53.20500183105469,52.96500015258789,53.20000076293945,39.50606918334961,49000
2011-05-17,53.31499862670898,53.32500076293945,53.14500045776367,53.220001220703125,39.52091217041016,64400
2011-05-18,53.33000183105469,53.33000183105469,53.02000045776367,53.060001373291016,39.40211486816406,156400
2011-05-19,52.994998931884766,53.19499969482422,52.93000030517578,53.19499969482422,39.50234222412109,209600
2011-05-20,53.04499816894531,53.21500015258789,53.04499816894531,53.21500015258789,39.5172119140625,145400
2011-05-23,53.26499938964844,53.34000015258789,53.130001068115234,53.27000045776367,39.55805587768555,173200
2011-05-24,53.23500061035156,53.32500076293945,53.165000915527344,53.30500030517578,39.58403396606445,87200
2011-05-25,53.38999938964844,53.42499923706055,53.125,53.209999084472656,39.51350784301758,44800
2011-05-26,53.34999847412109,53.34999847412109,53.11000061035156,53.18999862670898,39.49864196777344,843600
2011-05-27,53.255001068115234,53.290000915527344,53.125,53.18999862670898,39.49864196777344,235400
2011-05-31,53.22499847412109,53.31999969482422,53.15499877929688,53.2599983215332,39.550628662109375,183600
2011-06-01,53.28499984741211,53.34000015258789,53.185001373291016,53.31499862670898,39.733192443847656,89400
2011-06-02,53.25,53.25,52.97999954223633,52.97999954223633,39.48355865478516,180600
2011-06-03,53.275001525878906,53.275001525878906,52.97999954223633,53.06999969482422,39.55062484741211,51200
2011-06-06,53.07500076293945,53.07500076293945,52.970001220703125,53.005001068115234,39.50219345092773,42800
2011-06-07,53.0099983215332,53.17499923706055,52.93999862670898,53.17499923706055,39.62887573242188,78200
2011-06-08,53.18999862670898,53.26499938964844,53.130001068115234,53.209999084472656,39.65496444702149,45800
2011-06-09,53.20500183105469,53.22499847412109,52.9900016784668,53.095001220703125,39.56926727294922,148600
2011-06-10,53.244998931884766,53.244998931884766,53.04499816894531,53.08000183105469,39.55808639526367,130600
2011-06-13,52.970001220703125,53.185001373291016,52.970001220703125,53.05500030517578,39.53946304321289,65600
2011-06-14,52.83000183105469,52.90999984741211,52.79999923706055,52.81499862670898,39.36058807373047,45400
2011-06-15,52.8650016784668,53.11000061035156,52.79499816894531,53.06499862670898,39.54690933227539,70200
2011-06-16,53.18000030517578,53.209999084472656,53.04999923706055,53.165000915527344,39.621429443359375,70600
2011-06-17,53.18000030517578,53.18000030517578,53.06499862670898,53.1349983215332,39.59906005859375,68200
2011-06-20,53.220001220703125,53.220001220703125,53.005001068115234,53.125,39.59162139892578,82200
2011-06-21,53.08000183105469,53.22999954223633,53.0,53.060001373291016,39.54317855834961,133600
2011-06-22,53.2599983215332,53.2599983215332,53.01499938964844,53.084999084472656,39.56181716918945,113800
2011-06-23,53.19499969482422,53.27000045776367,53.1349983215332,53.209999084472656,39.65496444702149,37600
2011-06-24,53.2599983215332,53.31499862670898,53.165000915527344,53.27000045776367,39.69967651367188,40400
2011-06-27,53.29499816894531,53.29499816894531,53.025001525878906,53.02999877929688,39.52081298828125,50400
2011-06-28,52.89500045776367,53.01499938964844,52.720001220703125,52.79499816894531,39.345680236816406,155800
2011-06-29,52.845001220703125,52.845001220703125,52.6349983215332,52.70500183105469,39.27861022949219,52000
2011-06-30,52.73500061035156,52.77000045776367,52.4900016784668,52.71500015258789,39.28607940673828,132600
2011-07-01,52.56499862670898,52.61000061035156,52.369998931884766,52.59000015258789,39.336185455322266,171400
2011-07-05,52.80500030517578,52.80500030517578,52.66999816894531,52.755001068115234,39.45958709716797,55400
2011-07-06,52.7599983215332,52.83000183105469,52.69499969482422,52.81499862670898,39.50447463989258,60400
2011-07-07,52.7400016784668,52.83000183105469,52.63999938964844,52.78499984741211,39.48203659057617,53800
2011-07-08,52.98500061035156,53.095001220703125,52.93999862670898,53.09000015258789,39.71017074584961,91600
2011-07-11,53.290000915527344,53.310001373291016,53.130001068115234,53.310001373291016,39.87471389770508,48800
2011-07-12,53.40499877929688,53.40499877929688,53.19499969482422,53.3849983215332,39.93081283569336,49400
2011-07-13,53.39500045776367,53.5099983215332,53.26499938964844,53.5,40.016822814941406,50200
2011-07-14,53.34999847412109,53.41999816894531,53.15499877929688,53.15999984741211,39.76252746582031,69200
2011-07-15,53.15499877929688,53.290000915527344,53.14500045776367,53.25,39.82986068725586,43400
2011-07-18,53.244998931884766,53.244998931884766,53.060001373291016,53.084999084472656,39.7064208984375,42000
2011-07-19,53.17499923706055,53.34000015258789,53.10499954223633,53.32500076293945,39.88593673706055,68400
2011-07-20,53.34999847412109,53.39500045776367,53.220001220703125,53.27999877929688,39.85228729248047,27200
2011-07-21,53.20500183105469,53.2599983215332,53.04999923706055,53.119998931884766,39.73261642456055,78200
2011-07-22,53.22999954223633,53.3849983215332,53.19499969482422,53.369998931884766,39.91958236694336,79400
2011-07-25,53.06999969482422,53.3650016784668,53.06999969482422,53.15999984741211,39.76252746582031,56600
2011-07-26,53.20500183105469,53.45000076293945,53.20500183105469,53.36000061035156,39.91212844848633,82000
2011-07-27,53.34000015258789,53.400001525878906,53.165000915527344,53.20500183105469,39.79620361328125,41400
2011-07-28,53.45000076293945,53.45000076293945,53.27000045776367,53.32500076293945,39.88593673706055,105200
2011-07-29,53.665000915527344,53.77999877929688,53.4900016784668,53.775001525878906,40.222537994384766,53400
2011-08-01,53.709999084472656,54.0,53.66999816894531,53.7599983215332,40.35500717163086,105000
2011-08-02,53.90499877929688,54.220001220703125,53.82500076293945,54.17499923706055,40.66655349731445,82800
2011-08-03,54.29999923706055,54.52999877929688,54.15999984741211,54.21500015258789,40.696563720703125,254600
2011-08-04,54.3849983215332,54.584999084472656,54.30500030517578,54.560001373291016,40.95553588867188,93400
2011-08-05,54.31499862670898,54.415000915527344,53.92499923706055,54.04999923706055,40.572715759277344,144600
2011-08-08,53.76499938964844,54.08000183105469,53.45000076293945,53.53499984741211,40.186134338378906,290800
2011-08-09,53.6150016784668,54.505001068115234,53.56499862670898,54.04999923706055,40.572715759277344,242000
2011-08-10,54.23500061035156,54.45000076293945,54.08000183105469,54.32500076293945,40.77915191650391,184800
2011-08-11,53.72999954223633,53.8650016784668,53.13999938964844,53.23500061035156,39.9609260559082,124000
2011-08-12,53.65999984741211,53.76499938964844,53.380001068115234,53.69499969482422,40.30623245239258,110800
2011-08-15,53.54999923706055,53.95000076293945,53.47499847412109,53.720001220703125,40.32499694824219,195800
2011-08-16,53.744998931884766,54.084999084472656,53.744998931884766,53.95000076293945,40.497657775878906,69200
2011-08-17,54.11000061035156,54.36000061035156,53.970001220703125,54.31499862670898,40.77164840698242,79200
2011-08-18,54.40999984741211,54.6150016784668,54.20000076293945,54.345001220703125,40.79415893554688,94800
2011-08-19,54.26499938964844,54.3650016784668,54.06999969482422,54.35499954223633,40.80166244506836,68200
2011-08-22,54.244998931884766,54.35499954223633,54.21500015258789,54.2599983215332,40.7303466796875,87400
2011-08-23,54.03499984741211,54.03499984741211,53.540000915527344,53.66999816894531,40.28745651245117,138600
2011-08-24,53.65999984741211,53.65999984741211,53.22999954223633,53.22999954223633,39.95716857910156,106400
2011-08-25,53.53499984741211,53.84999847412109,53.53499984741211,53.7400016784668,40.34001159667969,83000
2011-08-26,53.70000076293945,53.90999984741211,53.61000061035156,53.61000061035156,40.24241638183594,244200
2011-08-29,53.650001525878906,53.77999877929688,53.53499984741211,53.7599983215332,40.35500717163086,101600
2011-08-30,53.9900016784668,54.09000015258789,53.869998931884766,53.96500015258789,40.50890350341797,95000
2011-08-31,54.310001373291016,54.31499862670898,53.95500183105469,53.95500183105469,40.50141143798828,112000
2011-09-01,54.13999938964844,54.13999938964844,53.7599983215332,54.060001373291016,40.72287368774414,48600
2011-09-02,54.39500045776367,54.39500045776367,54.09999847412109,54.3849983215332,40.96767425537109,97000
2011-09-06,54.5099983215332,54.650001525878906,54.38999938964844,54.40499877929688,40.98276519775391,134800
2011-09-07,54.47999954223633,54.54499816894531,54.33000183105469,54.44499969482422,41.01289367675781,99000
2011-09-08,54.41999816894531,54.435001373291016,54.27999877929688,54.43000030517578,41.00157928466797,46600
2011-09-09,54.35499954223633,54.595001220703125,54.310001373291016,54.47499847412109,41.03546524047852,37000
2011-09-12,54.26499938964844,54.5,54.14500045776367,54.290000915527344,40.896114349365234,211000
2011-09-13,54.31999969482422,54.31999969482422,54.084999084472656,54.22999954223633,40.850921630859375,89800
2011-09-14,54.220001220703125,54.31999969482422,54.09000015258789,54.26499938964844,40.87730026245117,62800
2011-09-15,54.05500030517578,54.119998931884766,53.95000076293945,54.040000915527344,40.707794189453125,50600
2011-09-16,53.89500045776367,54.165000915527344,53.869998931884766,54.05500030517578,40.71910095214844,83200
2011-09-19,54.310001373291016,54.36000061035156,54.22499847412109,54.27999877929688,40.88859939575195,39600
2011-09-20,54.39500045776367,54.39500045776367,54.22999954223633,54.27999877929688,40.88859939575195,84200
2011-09-21,54.34999847412109,54.4900016784668,54.13999938964844,54.45500183105469,41.02042007446289,52200
2011-09-22,54.60499954223633,54.61000061035156,54.185001373291016,54.51499938964844,41.06560134887695,148200
2011-09-23,54.45500183105469,54.45500183105469,54.119998931884766,54.1349983215332,40.77936553955078,62800
2011-09-26,54.29999923706055,54.29999923706055,53.93999862670898,54.02000045776367,40.69274139404297,56600
2011-09-27,53.93000030517578,53.970001220703125,53.70000076293945,53.82500076293945,40.54584884643555,44200
2011-09-28,53.68999862670898,53.80500030517578,53.5,53.65999984741211,40.42153549194336,39400
2011-09-29,53.8650016784668,53.8650016784668,53.56499862670898,53.56999969482422,40.35375213623047,101200
2011-09-30,53.845001220703125,53.89500045776367,53.68000030517578,53.880001068115234,40.58729553222656,48200
2011-10-03,53.875,53.89500045776367,53.72999954223633,53.79499816894531,40.66816711425781,186200
2011-10-04,54.060001373291016,54.060001373291016,53.41999816894531,53.5,40.44514846801758,88200
2011-10-05,53.66999816894531,53.70500183105469,53.44499969482422,53.630001068115234,40.543434143066406,217800
2011-10-06,53.63999938964844,53.709999084472656,53.47999954223633,53.52000045776367,40.46025085449219,684000
2011-10-07,53.505001068115234,53.57500076293945,53.31499862670898,53.369998931884766,40.346866607666016,147000
2011-10-10,53.40499877929688,53.40499877929688,53.165000915527344,53.38999938964844,40.36195755004883,77800
2011-10-11,53.5,53.525001525878906,53.34000015258789,53.48500061035156,40.43380355834961,64400
2011-10-12,53.39500045776367,53.540000915527344,53.275001525878906,53.52999877929688,40.467811584472656,90000
2011-10-13,53.55500030517578,53.70500183105469,53.5,53.59999847412109,40.52074432373047,110600
2011-10-14,53.494998931884766,53.56999969482422,53.31999969482422,53.51499938964844,40.45647811889648,153800
2011-10-17,53.54999923706055,53.65499877929688,53.525001525878906,53.560001373291016,40.49049377441406,41000
2011-10-18,53.619998931884766,53.81999969482422,53.60499954223633,53.75,40.63414764404297,96400
2011-10-19,53.880001068115234,53.96500015258789,53.75,53.915000915527344,40.758880615234375,111600
2011-10-20,53.93999862670898,54.185001373291016,53.8650016784668,54.03499984741211,40.84959411621094,1072400
2011-10-21,54.06499862670898,54.209999084472656,54.01499938964844,54.10499954223633,40.90253448486328,466200
2011-10-24,54.18000030517578,54.220001220703125,54.10499954223633,54.20000076293945,40.9743537902832,487000
2011-10-25,54.22499847412109,54.525001525878906,54.22499847412109,54.51499938964844,41.21248245239258,458800
2011-10-26,54.52999877929688,54.584999084472656,54.35499954223633,54.42499923706055,41.14442825317383,189000
2011-10-27,54.54499816894531,54.60499954223633,54.185001373291016,54.29999923706055,41.049930572509766,311000
2011-10-28,54.255001068115234,54.42499923706055,54.09999847412109,54.334999084472656,41.07637023925781,205400
2011-10-31,54.595001220703125,54.665000915527344,54.400001525878906,54.59999847412109,41.276737213134766,2087200
2011-11-01,54.584999084472656,54.665000915527344,54.28499984741211,54.4900016784668,41.33287048339844,297000
2011-11-02,54.32500076293945,54.70500183105469,54.32500076293945,54.68000030517578,41.47698211669922,97600
2011-11-03,54.59999847412109,54.720001220703125,54.59999847412109,54.685001373291016,41.48077392578125,362600
2011-11-04,54.52000045776367,54.73500061035156,54.52000045776367,54.67499923706055,41.47320175170898,108600
2011-11-07,54.65499877929688,54.81999969482422,54.57500076293945,54.65999984741211,41.46182632446289,55000
2011-11-08,54.650001525878906,54.755001068115234,54.3849983215332,54.45500183105469,41.30630493164063,110000
2011-11-09,54.46500015258789,54.64500045776367,54.40499877929688,54.47499847412109,41.32148742675781,171200
2011-11-10,54.38999938964844,54.43999862670898,54.220001220703125,54.41999816894531,41.27977752685547,226400
2011-11-11,54.27000045776367,54.29499816894531,54.15499877929688,54.28499984741211,41.17734146118164,86600
2011-11-14,54.5,54.5,54.31999969482422,54.42499923706055,41.28354644775391,519400
2011-11-15,54.27999877929688,54.3849983215332,54.0099983215332,54.025001525878906,40.98014831542969,541600
2011-11-16,54.25,54.25,53.900001525878906,53.959999084472656,40.93084335327149,220800
2011-11-17,53.875,54.0,53.84000015258789,53.845001220703125,40.84361267089844,224000
2011-11-18,54.02000045776367,54.025001525878906,53.845001220703125,53.935001373291016,40.911865234375,149000
2011-11-21,53.90999984741211,53.915000915527344,53.67499923706055,53.71500015258789,40.744998931884766,142400
2011-11-22,53.7599983215332,53.77000045776367,53.59000015258789,53.76499938964844,40.78292465209961,118600
2011-11-23,53.65499877929688,53.72499847412109,53.48500061035156,53.685001373291016,40.72225189208984,109200
2011-11-25,53.51499938964844,53.625,53.39500045776367,53.47999954223633,40.56673431396485,43200
2011-11-28,53.25,53.59999847412109,53.150001525878906,53.54999923706055,40.61983871459961,137600
2011-11-29,53.38999938964844,53.57500076293945,53.244998931884766,53.47999954223633,40.56673431396485,83200
2011-11-30,53.29999923706055,53.630001068115234,53.29999923706055,53.46500015258789,40.55534362792969,2066800
2011-12-01,53.35499954223633,53.56499862670898,53.23500061035156,53.55500030517578,40.744049072265625,252800
2011-12-02,53.375,53.59999847412109,53.375,53.584999084472656,40.766849517822266,178000
2011-12-05,53.70000076293945,53.78499984741211,53.525001525878906,53.73500061035156,40.880985260009766,392800
2011-12-06,53.82500076293945,53.82500076293945,53.47499847412109,53.540000915527344,40.73262023925781,159600
2011-12-07,53.665000915527344,53.77000045776367,53.53499984741211,53.59999847412109,40.77827072143555,199400
2011-12-08,53.51499938964844,53.68999862670898,53.48500061035156,53.625,40.79729080200195,148000
2011-12-09,53.775001525878906,53.775001525878906,53.43000030517578,53.44499969482422,40.66035461425781,120800
2011-12-12,53.584999084472656,53.59000015258789,53.43000030517578,53.46500015258789,40.675575256347656,82800
2011-12-13,53.54499816894531,53.76499938964844,53.45000076293945,53.75,40.89239501953125,94200
2011-12-14,53.79999923706055,53.834999084472656,53.685001373291016,53.76499938964844,40.90381240844727,268000
2011-12-15,53.79999923706055,53.900001525878906,53.73500061035156,53.875,40.98749923706055,136800
2011-12-16,53.869998931884766,54.125,53.869998931884766,54.05500030517578,41.12445068359375,157200
2011-12-19,54.07500076293945,54.25,54.02000045776367,54.209999084472656,41.24235916137695,124000
2011-12-20,54.1349983215332,54.1349983215332,54.02000045776367,54.119998931884766,41.17389678955078,194800
2011-12-21,54.02000045776367,54.040000915527344,53.900001525878906,53.96500015258789,41.05596160888672,81600
2011-12-22,54.09999847412109,54.43000030517578,54.0,54.11000061035156,41.16626739501953,122000
2011-12-23,54.11000061035156,54.11000061035156,53.755001068115234,54.09000015258789,41.15105056762695,63200
2011-12-27,53.91999816894531,54.185001373291016,53.8650016784668,54.185001373291016,41.3502197265625,237200
2011-12-28,54.27000045776367,54.380001068115234,54.1150016784668,54.33000183105469,41.460880279541016,92000
2011-12-29,54.380001068115234,54.400001525878906,54.15999984741211,54.36000061035156,41.48380661010742,148400
2011-12-30,54.45500183105469,54.525001525878906,54.33000183105469,54.47999954223633,41.57535552978516,134600
2012-01-03,54.33000183105469,54.42499923706055,54.26499938964844,54.275001525878906,41.4189338684082,2029400
2012-01-04,54.310001373291016,54.310001373291016,54.11000061035156,54.22999954223633,41.38455581665039,1909000
2012-01-05,54.150001525878906,54.20000076293945,53.94499969482422,53.994998931884766,41.20523452758789,262000
2012-01-06,54.1150016784668,54.275001525878906,54.06499862670898,54.16999816894531,41.33879852294922,123600
2012-01-09,54.310001373291016,54.34999847412109,54.18000030517578,54.23500061035156,41.38839721679688,129800
2012-01-10,54.33000183105469,54.40499877929688,54.244998931884766,54.40499877929688,41.51811981201172,79200
2012-01-11,54.47499847412109,54.560001373291016,54.415000915527344,54.540000915527344,41.62115859985352,108200
2012-01-12,54.650001525878906,54.650001525878906,54.5,54.55500030517578,41.63258743286133,100400
2012-01-13,54.775001525878906,54.86000061035156,54.70000076293945,54.71500015258789,41.754676818847656,153000
2012-01-17,54.810001373291016,54.90999984741211,54.744998931884766,54.79499816894531,41.815731048583984,134000
2012-01-18,54.79499816894531,54.97499847412109,54.54499816894531,54.60499954223633,41.67077255249024,161800
2012-01-19,54.584999084472656,54.64500045776367,54.415000915527344,54.560001373291016,41.63642883300781,163600
2012-01-20,54.52999877929688,54.58000183105469,54.39500045776367,54.39500045776367,41.51049041748047,122800
2012-01-23,54.31499862670898,54.5099983215332,54.27999877929688,54.400001525878906,41.51430892944336,120400
2012-01-24,54.38999938964844,54.47499847412109,54.31499862670898,54.33000183105469,41.460880279541016,368400
2012-01-25,54.45500183105469,54.720001220703125,54.34999847412109,54.5099983215332,41.59824752807617,163000
2012-01-26,54.790000915527344,54.91999816894531,54.77000045776367,54.91999816894531,41.91112518310547,269800
2012-01-27,54.775001525878906,55.04499816894531,54.775001525878906,54.8849983215332,41.88443374633789,212800
2012-01-30,55.1349983215332,55.16999816894531,54.9900016784668,55.05500030517578,42.01416015625,197800
2012-01-31,55.125,55.22499847412109,55.0,55.22499847412109,42.143890380859375,1925800
2012-02-01,55.05500030517578,55.06499862670898,54.83000183105469,55.06499862670898,42.14849090576172,195000
2012-02-02,55.02999877929688,55.15499877929688,55.0,55.15499877929688,42.21736526489258,130600
2012-02-03,54.90499877929688,55.150001525878906,54.84999847412109,55.150001525878906,42.21353912353516,281400
2012-02-06,55.119998931884766,55.334999084472656,55.04499816894531,55.30500030517578,42.33218765258789,225800
2012-02-07,55.34999847412109,55.34999847412109,55.08000183105469,55.19499969482422,42.247989654541016,167600
2012-02-08,55.244998931884766,55.31499862670898,55.10499954223633,55.255001068115234,42.293907165527344,123800
2012-02-09,55.209999084472656,55.21500015258789,55.040000915527344,55.130001068115234,42.198238372802734,131200
2012-02-10,55.17499923706055,55.17499923706055,55.04999923706055,55.1349983215332,42.20204162597656,220600
2012-02-13,55.20500183105469,55.290000915527344,55.1349983215332,55.23500061035156,42.27859878540039,374000
2012-02-14,55.275001525878906,55.34000015258789,55.22499847412109,55.2400016784668,42.28242111206055,225800
2012-02-15,55.28499984741211,55.32500076293945,55.150001525878906,55.20500183105469,42.25563430786133,145600
2012-02-16,55.19499969482422,55.19499969482422,55.01499938964844,55.13999938964844,42.20587539672852,114000
2012-02-17,55.04999923706055,55.16999816894531,54.91999816894531,55.15499877929688,42.21736526489258,231200
2012-02-21,55.14500045776367,55.16999816894531,54.935001373291016,54.95000076293945,42.060455322265625,397600
2012-02-22,55.08000183105469,55.21500015258789,54.959999084472656,55.21500015258789,42.26329803466797,294400
2012-02-23,55.15999984741211,55.22499847412109,55.04999923706055,55.20000076293945,42.25181579589844,106600
2012-02-24,55.25,55.334999084472656,55.165000915527344,55.27000045776367,42.30540466308594,98800
2012-02-27,55.45000076293945,55.55500030517578,55.30500030517578,55.45500183105469,42.44700241088867,160800
2012-02-28,55.595001220703125,55.685001373291016,55.47499847412109,55.52999877929688,42.50441360473633,209000
2012-02-29,55.744998931884766,55.744998931884766,55.39500045776367,55.470001220703125,42.45848083496094,1460200
2012-03-01,55.185001373291016,55.310001373291016,55.130001068115234,55.28499984741211,42.45042419433594,260200
2012-03-02,55.39500045776367,55.40999984741211,55.31999969482422,55.375,42.5195198059082,229800
2012-03-05,55.45000076293945,55.46500015258789,55.18000030517578,55.185001373291016,42.37363815307617,300000
2012-03-06,55.29499816894531,55.29999923706055,55.165000915527344,55.21500015258789,42.39667892456055,157200
2012-03-07,55.29499816894531,55.34999847412109,55.220001220703125,55.29499816894531,42.45810317993164,95400
2012-03-08,55.275001525878906,55.32500076293945,55.13999938964844,55.22999954223633,42.40818786621094,200200
2012-03-09,55.09999847412109,55.19499969482422,55.05500030517578,55.18000030517578,42.36979675292969,70000
2012-03-12,55.27999877929688,55.29999923706055,55.14500045776367,55.185001373291016,42.37363815307617,96600
2012-03-13,55.119998931884766,55.16999816894531,54.970001220703125,55.025001525878906,42.25078582763672,114600
2012-03-14,54.89500045776367,54.89500045776367,54.4900016784668,54.630001068115234,41.94748306274414,192200
2012-03-15,54.53499984741211,54.744998931884766,54.53499984741211,54.560001373291016,41.89373016357422,137600
2012-03-16,54.560001373291016,54.59000015258789,54.43999862670898,54.56999969482422,41.90141296386719,174600
2012-03-19,54.56999969482422,54.61000061035156,54.34000015258789,54.47999954223633,41.83230972290039,247600
2012-03-20,54.8650016784668,54.8650016784668,54.290000915527344,54.38999938964844,41.76321792602539,154400
2012-03-21,54.5099983215332,54.665000915527344,54.5099983215332,54.64500045776367,41.95899200439453,151400
2012-03-22,54.709999084472656,54.709999084472656,54.54999923706055,54.619998931884766,41.93979263305664,103400
2012-03-23,54.665000915527344,54.790000915527344,54.665000915527344,54.7400016784668,42.03195571899414,98600
2012-03-26,54.685001373291016,54.8650016784668,54.685001373291016,54.84000015258789,42.10872650146485,239800
2012-03-27,54.900001525878906,55.040000915527344,54.88999938964844,54.915000915527344,42.16634368896485,268800
2012-03-28,54.869998931884766,55.005001068115234,54.81499862670898,54.89500045776367,42.15097427368164,97200
2012-03-29,54.93999862670898,55.02000045776367,54.89500045776367,55.0099983215332,42.23926544189453,78200
2012-03-30,55.01499938964844,55.119998931884766,54.81999969482422,54.86000061035156,42.12410736083984,95000
2012-04-02,54.755001068115234,54.875,54.65499877929688,54.845001220703125,42.24348449707031,228200
2012-04-03,54.845001220703125,54.94499969482422,54.435001373291016,54.435001373291016,41.92770004272461,136800
2012-04-04,54.65499877929688,54.65499877929688,54.5099983215332,54.540000915527344,42.00854110717773,172800
2012-04-05,54.77000045776367,54.77000045776367,54.59000015258789,54.75,42.1702995300293,60600
2012-04-09,55.02999877929688,55.084999084472656,54.95000076293945,55.02000045776367,42.37826919555664,54000
2012-04-10,55.02000045776367,55.15499877929688,55.02000045776367,55.14500045776367,42.47453689575195,262000
2012-04-11,54.97499847412109,55.025001525878906,54.834999084472656,55.005001068115234,42.36671829223633,133200
2012-04-12,55.060001373291016,55.09999847412109,55.0099983215332,55.040000915527344,42.39366149902344,205400
2012-04-13,55.290000915527344,55.310001373291016,55.150001525878906,55.244998931884766,42.55154800415039,303400
2012-04-16,55.16999816894531,55.27999877929688,55.04499816894531,55.09999847412109,42.43989944458008,349200
2012-04-17,55.10499954223633,55.185001373291016,55.09000015258789,55.11000061035156,42.44758224487305,1479600
2012-04-18,55.150001525878906,55.22499847412109,55.095001220703125,55.1349983215332,42.46682357788086,721800
2012-04-19,55.20500183105469,55.29999923706055,55.15999984741211,55.18999862670898,42.50920104980469,484400
2012-04-20,55.20000076293945,55.275001525878906,55.08000183105469,55.26499938964844,42.56695556640625,117400
2012-04-23,55.19499969482422,55.31999969482422,55.185001373291016,55.26499938964844,42.56695556640625,111800
2012-04-24,55.2599983215332,55.26499938964844,55.18999862670898,55.20000076293945,42.51690673828125,148200
2012-04-25,55.15999984741211,55.25,55.09000015258789,55.13999938964844,42.470680236816406,168200
2012-04-26,55.20000076293945,55.2599983215332,55.150001525878906,55.18999862670898,42.50920104980469,209400
2012-04-27,55.22999954223633,55.255001068115234,55.09999847412109,55.18000030517578,42.501495361328125,462000
2012-04-30,55.2599983215332,55.2599983215332,55.15999984741211,55.209999084472656,42.52459716796875,142000
2012-05-01,55.20500183105469,55.2599983215332,55.025001525878906,55.04499816894531,42.523834228515625,136000
2012-05-02,55.1349983215332,55.30500030517578,55.1349983215332,55.30500030517578,42.72468948364258,388000
2012-05-03,55.165000915527344,55.3650016784668,55.165000915527344,55.2599983215332,42.68991470336914,126000
2012-05-04,55.3849983215332,55.42499923706055,55.34000015258789,55.3650016784668,42.77105712890625,102800
2012-05-07,55.369998931884766,55.459999084472656,55.3650016784668,55.40499877929688,42.80194854736328,234000
2012-05-08,55.39500045776367,55.51499938964844,55.39500045776367,55.45000076293945,42.83671569824219,1017200
2012-05-09,55.540000915527344,55.55500030517578,55.29499816894531,55.40499877929688,42.80194854736328,192000
2012-05-10,55.41999816894531,55.41999816894531,55.25,55.34999847412109,42.75945663452149,155000
2012-05-11,55.38999938964844,55.55500030517578,55.34999847412109,55.45000076293945,42.83671569824219,182000
2012-05-14,55.56999969482422,55.59000015258789,55.43000030517578,55.43000030517578,42.82126235961914,400800
2012-05-15,55.540000915527344,55.58000183105469,55.42499923706055,55.5,42.875335693359375,1212600
2012-05-16,55.334999084472656,55.46500015258789,55.275001525878906,55.369998931884766,42.77490997314453,787800
2012-05-17,55.29999923706055,55.3650016784668,55.220001220703125,55.28499984741211,42.709228515625,383000
2012-05-18,55.14500045776367,55.18000030517578,55.05500030517578,55.060001373291016,42.53542709350586,307600
2012-05-21,55.07500076293945,55.15499877929688,54.97499847412109,55.060001373291016,42.53542709350586,181600
2012-05-22,54.98500061035156,55.040000915527344,54.90999984741211,55.0099983215332,42.49679565429688,280800
2012-05-23,55.060001373291016,55.13999938964844,55.0,55.01499938964844,42.50065994262695,202000
2012-05-24,54.85499954223633,55.02000045776367,54.72999954223633,54.790000915527344,42.32685089111328,1495600
2012-05-25,54.91999816894531,54.93000030517578,54.78499984741211,54.82500076293945,42.35388946533203,605800
2012-05-29,54.89500045776367,54.96500015258789,54.8650016784668,54.880001068115234,42.39638519287109,384800
2012-05-30,55.150001525878906,55.16999816894531,55.0099983215332,55.040000915527344,42.52000045776367,706600
2012-05-31,55.29499816894531,55.38999938964844,55.1150016784668,55.26499938964844,42.69379425048828,345800
2012-06-01,55.25,55.380001068115234,55.08000183105469,55.345001220703125,42.88167190551758,309400
2012-06-04,55.34000015258789,55.34999847412109,55.02000045776367,55.06499862670898,42.664737701416016,228200
2012-06-05,55.13999938964844,55.13999938964844,54.90999984741211,54.95000076293945,42.57563400268555,212400
2012-06-06,55.125,55.125,54.875,54.88999938964844,42.52915191650391,341200
2012-06-07,54.95500183105469,55.09000015258789,54.92499923706055,55.005001068115234,42.61824417114258,378000
2012-06-08,55.21500015258789,55.275001525878906,54.96500015258789,55.04999923706055,42.65311050415039,186600
2012-06-11,55.04999923706055,55.26499938964844,55.0099983215332,55.130001068115234,42.715087890625,355400
2012-06-12,55.060001373291016,55.130001068115234,54.96500015258789,54.98500061035156,42.60274505615234,220000
2012-06-13,55.04999923706055,55.19499969482422,54.97499847412109,55.15999984741211,42.73834609985352,261200
2012-06-14,55.1150016784668,55.220001220703125,55.05500030517578,55.09000015258789,42.68410110473633,187200
2012-06-15,55.2599983215332,55.34999847412109,55.220001220703125,55.29999923706055,42.8468132019043,151400
2012-06-18,55.34000015258789,55.435001373291016,55.31499862670898,55.42499923706055,42.94366455078125,415400
2012-06-19,55.505001068115234,55.505001068115234,55.27000045776367,55.27999877929688,42.831302642822266,248000
2012-06-20,55.18999862670898,55.43000030517578,55.18999862670898,55.36000061035156,42.8932991027832,373600
2012-06-21,55.44499969482422,55.56499862670898,55.39500045776367,55.45000076293945,42.96303176879883,175400
2012-06-22,55.3849983215332,55.505001068115234,55.369998931884766,55.369998931884766,42.90106201171875,172400
2012-06-25,55.45500183105469,55.540000915527344,55.43000030517578,55.494998931884766,42.99792098999024,122600
2012-06-26,55.47999954223633,55.53499984741211,55.380001068115234,55.45000076293945,42.96303176879883,152200
2012-06-27,55.560001373291016,55.56499862670898,55.42499923706055,55.53499984741211,43.02889633178711,88400
2012-06-28,55.57500076293945,55.68000030517578,55.560001373291016,55.56999969482422,43.05601501464844,132200
2012-06-29,55.5099983215332,55.58000183105469,55.47999954223633,55.494998931884766,42.99792098999024,230200
2012-07-02,55.58000183105469,55.68999862670898,55.44499969482422,55.595001220703125,43.203460693359375,362200
2012-07-03,55.720001220703125,55.720001220703125,55.59999847412109,55.61000061035156,43.2150993347168,75800
2012-07-05,55.68000030517578,55.77000045776367,55.625,55.66999816894531,43.261749267578125,168800
2012-07-06,55.900001525878906,55.900001525878906,55.685001373291016,55.86000061035156,43.40938568115234,98400
2012-07-09,55.91999816894531,55.97999954223633,55.79999923706055,55.96500015258789,43.4909782409668,71200
2012-07-10,55.8849983215332,56.060001373291016,55.8849983215332,56.005001068115234,43.52204895019531,81800
2012-07-11,56.095001220703125,56.16999816894531,56.0099983215332,56.084999084472656,43.58422470092773,63200
2012-07-12,56.26499938964844,56.26499938964844,56.07500076293945,56.20000076293945,43.67359161376953,157000
2012-07-13,56.22499847412109,56.310001373291016,56.16999816894531,56.310001373291016,43.75908660888672,332800
2012-07-16,56.470001220703125,56.48500061035156,56.32500076293945,56.345001220703125,43.78628921508789,283600
2012-07-17,56.29999923706055,56.44499969482422,56.29999923706055,56.380001068115234,43.81348037719727,67800
2012-07-18,56.57500076293945,56.665000915527344,56.459999084472656,56.630001068115234,44.00775909423828,438600
2012-07-19,56.630001068115234,56.73500061035156,56.540000915527344,56.540000915527344,43.93782043457031,423800
2012-07-20,56.59999847412109,56.7400016784668,56.59999847412109,56.665000915527344,44.03495407104492,88800
2012-07-23,56.76499938964844,56.76499938964844,56.560001373291016,56.59000015258789,43.97666931152344,162800
2012-07-24,56.63999938964844,56.76499938964844,56.5099983215332,56.73500061035156,44.08935546875,88800
2012-07-25,56.78499984741211,56.80500030517578,56.68000030517578,56.80500030517578,44.14374923706055,203400
2012-07-26,56.8650016784668,56.8650016784668,56.775001525878906,56.81999969482422,44.155418395996094,82400
2012-07-27,56.7400016784668,56.7599983215332,56.41999816894531,56.63999938964844,44.01552200317383,127000
2012-07-30,56.61000061035156,56.83000183105469,56.58000183105469,56.81999969482422,44.155418395996094,203400
2012-07-31,56.900001525878906,56.970001220703125,56.775001525878906,56.88999938964844,44.209808349609375,99200
2012-08-01,56.86000061035156,56.880001068115234,56.57500076293945,56.65499877929688,44.15175628662109,630400
2012-08-02,56.7599983215332,56.81999969482422,56.54499816894531,56.619998931884766,44.12447738647461,576600
2012-08-03,56.52999877929688,56.59000015258789,56.42499923706055,56.54999923706055,44.069923400878906,174200
2012-08-06,56.6349983215332,56.70500183105469,56.51499938964844,56.630001068115234,44.13227462768555,84800
2012-08-07,56.435001373291016,56.45000076293945,56.290000915527344,56.415000915527344,43.9647102355957,150600
2012-08-08,56.46500015258789,56.505001068115234,56.32500076293945,56.334999084472656,43.90236282348633,68000
2012-08-09,56.2599983215332,56.345001220703125,56.20500183105469,56.29999923706055,43.87511444091797,70800
2012-08-10,56.494998931884766,56.505001068115234,56.38999938964844,56.45500183105469,43.99586486816406,280200
2012-08-13,56.45000076293945,56.52000045776367,56.40999984741211,56.43000030517578,43.97640228271485,157200
2012-08-14,56.290000915527344,56.334999084472656,56.220001220703125,56.22499847412109,43.81664276123047,63400
2012-08-15,56.095001220703125,56.119998931884766,55.93999862670898,55.93999862670898,43.59453582763672,154200
2012-08-16,55.93999862670898,56.04999923706055,55.76499938964844,55.83000183105469,43.50883102416992,259200
2012-08-17,55.935001373291016,56.01499938964844,55.915000915527344,55.97999954223633,43.62572479248047,196000
2012-08-20,55.98500061035156,56.01499938964844,55.900001525878906,55.994998931884766,43.63741683959961,94000
2012-08-21,55.97999954223633,56.03499984741211,55.915000915527344,56.02999877929688,43.664669036865234,46400
2012-08-22,56.20500183105469,56.369998931884766,56.18999862670898,56.36000061035156,43.92185974121094,155000
2012-08-23,56.47499847412109,56.494998931884766,56.32500076293945,56.47999954223633,44.01536178588867,86600
2012-08-24,56.494998931884766,56.54499816894531,56.42499923706055,56.435001373291016,43.98028564453125,80200
2012-08-27,56.44499969482422,56.59999847412109,56.44499969482422,56.56499862670898,44.08160400390625,55200
2012-08-28,56.60499954223633,56.619998931884766,56.5,56.59000015258789,44.10109329223633,48400
2012-08-29,56.56999969482422,56.584999084472656,56.47999954223633,56.54499816894531,44.0660285949707,60600
2012-08-30,56.494998931884766,56.6349983215332,56.494998931884766,56.59000015258789,44.10109329223633,72000
2012-08-31,56.68000030517578,56.88999938964844,56.6150016784668,56.88999938964844,44.33488082885742,148600
2012-09-04,56.75,56.84999847412109,56.63999938964844,56.72499847412109,44.33292388916016,620400
2012-09-05,56.7400016784668,56.81999969482422,56.709999084472656,56.755001068115234,44.356388092041016,204000
2012-09-06,56.6150016784668,56.619998931884766,56.45500183105469,56.45500183105469,44.12192153930664,412800
2012-09-07,56.81499862670898,56.869998931884766,56.60499954223633,56.6150016784668,44.24696350097656,157800
2012-09-10,56.60499954223633,56.66999816894531,56.5099983215332,56.58000183105469,44.21961212158203,413800
2012-09-11,56.595001220703125,56.625,56.52999877929688,56.54499816894531,44.19225311279297,101800
2012-09-12,56.415000915527344,56.53499984741211,56.400001525878906,56.44499969482422,44.11411285400391,178600
2012-09-13,56.44499969482422,56.76499938964844,56.33000183105469,56.58000183105469,44.21961212158203,157400
2012-09-14,56.4900016784668,56.4900016784668,56.21500015258789,56.28499984741211,43.989044189453125,120600
2012-09-17,56.41999816894531,56.54999923706055,56.40499877929688,56.52000045776367,44.17270278930664,74200
2012-09-18,56.70500183105469,56.72999954223633,56.505001068115234,56.54999923706055,44.19615173339844,45000
2012-09-19,56.84000015258789,56.84000015258789,56.650001525878906,56.65999984741211,44.282108306884766,247200
2012-09-20,56.84999847412109,56.84999847412109,56.584999084472656,56.630001068115234,44.258697509765625,140000
2012-09-21,56.58000183105469,56.7599983215332,56.58000183105469,56.7400016784668,44.34465026855469,100600
2012-09-24,56.85499954223633,56.869998931884766,56.755001068115234,56.77999877929688,44.37590789794922,393800
2012-09-25,56.869998931884766,56.89500045776367,56.7400016784668,56.89500045776367,44.46580123901367,130400
2012-09-26,56.97499847412109,57.04999923706055,56.89500045776367,56.959999084472656,44.5165901184082,154600
2012-09-27,56.845001220703125,57.0099983215332,56.845001220703125,56.95500183105469,44.5126838684082,89200
2012-09-28,56.93000030517578,57.095001220703125,56.8849983215332,56.959999084472656,44.5165901184082,113400
2012-10-01,56.790000915527344,56.93000030517578,56.744998931884766,56.92499923706055,44.6157341003418,416800
2012-10-02,56.869998931884766,56.95000076293945,56.86000061035156,56.935001373291016,44.62359237670898,131200
2012-10-03,56.915000915527344,57.040000915527344,56.900001525878906,57.040000915527344,44.70585632324219,127400
2012-10-04,57.0,57.040000915527344,56.869998931884766,56.875,44.57655334472656,138600
2012-10-05,56.86000061035156,56.89500045776367,56.78499984741211,56.79499816894531,44.51384735107422,145000
2012-10-08,56.8849983215332,56.90999984741211,56.86000061035156,56.8650016784668,44.5687141418457,49200
2012-10-09,56.8650016784668,56.95000076293945,56.86000061035156,56.92499923706055,44.6157341003418,46200
2012-10-10,56.845001220703125,57.0,56.81499862670898,56.92499923706055,44.6157341003418,347800
2012-10-11,56.90999984741211,57.119998931884766,56.90999984741211,57.119998931884766,44.76858901977539,105200
2012-10-12,57.21500015258789,57.30500030517578,57.20000076293945,57.26499938964844,44.88219833374024,74200
2012-10-15,57.31999969482422,57.35499954223633,57.244998931884766,57.345001220703125,44.94491958618164,77800
2012-10-16,57.29499816894531,57.31499862670898,57.22499847412109,57.31499862670898,44.92140579223633,140800
2012-10-17,57.23500061035156,57.28499984741211,57.14500045776367,57.20500183105469,44.83518981933594,67200
2012-10-18,57.255001068115234,57.27000045776367,57.08000183105469,57.10499954223633,44.75682067871094,162800
2012-10-19,57.060001373291016,57.27999877929688,57.060001373291016,57.23500061035156,44.858699798583984,72200
2012-10-22,57.08000183105469,57.18000030517578,57.04499816894531,57.084999084472656,44.74114227294922,112800
2012-10-23,57.125,57.185001373291016,57.040000915527344,57.18000030517578,44.81558990478516,63200
2012-10-24,57.18000030517578,57.21500015258789,57.084999084472656,57.130001068115234,44.77640151977539,227800
2012-10-25,57.02000045776367,57.119998931884766,56.8849983215332,57.005001068115234,44.67845153808594,152800
2012-10-26,57.09000015258789,57.20000076293945,57.04999923706055,57.19499969482422,44.82734680175781,123800
2012-10-31,57.36000061035156,57.41999816894531,57.165000915527344,57.39500045776367,44.98410415649414,136400
2012-11-01,57.16999816894531,57.22499847412109,57.10499954223633,57.150001525878906,44.79207611083984,86400
2012-11-02,57.095001220703125,57.209999084472656,57.02000045776367,57.13999938964844,44.78424453735352,154400
2012-11-05,57.16999816894531,57.21500015258789,57.10499954223633,57.125,44.77249526977539,171800
2012-11-06,57.095001220703125,57.150001525878906,56.93999862670898,56.93999862670898,44.62749862670898,150600
2012-11-07,57.23500061035156,57.244998931884766,57.10499954223633,57.10499954223633,44.75682067871094,110000
2012-11-08,57.130001068115234,57.244998931884766,57.060001373291016,57.23500061035156,44.858699798583984,328200
2012-11-09,57.25,57.25,57.06499862670898,57.15499877929688,44.79600143432617,90600
2012-11-12,57.22499847412109,57.26499938964844,57.13999938964844,57.165000915527344,44.80386352539063,58000
2012-11-13,57.185001373291016,57.27000045776367,57.13999938964844,57.20500183105469,44.83518981933594,97600
2012-11-14,57.19499969482422,57.22499847412109,57.07500076293945,57.084999084472656,44.74114227294922,344200
2012-11-15,57.08000183105469,57.150001525878906,57.0,57.06999969482422,44.72936630249024,169000
2012-11-16,57.025001525878906,57.15999984741211,57.025001525878906,57.125,44.77249526977539,59400
2012-11-19,57.08000183105469,57.185001373291016,57.03499984741211,57.185001373291016,44.819522857666016,148600
2012-11-20,57.09000015258789,57.119998931884766,57.0,57.0,44.67452239990234,95400
2012-11-21,56.959999084472656,57.01499938964844,56.94499969482422,57.01499938964844,44.686279296875,90600
2012-11-23,56.9900016784668,57.04999923706055,56.970001220703125,57.025001525878906,44.69411849975586,64400
2012-11-26,57.06999969482422,57.14500045776367,57.04499816894531,57.084999084472656,44.74114227294922,54200
2012-11-27,57.125,57.16999816894531,57.07500076293945,57.16999816894531,44.80776596069336,56800
2012-11-28,57.255001068115234,57.2599983215332,57.1150016784668,57.1150016784668,44.764644622802734,61600
2012-11-29,57.08000183105469,57.165000915527344,57.08000183105469,57.13999938964844,44.78424453735352,59000
2012-11-30,57.26499938964844,57.26499938964844,57.119998931884766,57.20500183105469,44.83518981933594,222200
2012-12-03,56.94499969482422,57.060001373291016,56.845001220703125,57.040000915527344,44.8320426940918,99200
2012-12-04,57.01499938964844,57.1349983215332,56.95500183105469,56.994998931884766,44.79668045043945,474600
2012-12-05,57.04999923706055,57.16999816894531,57.04999923706055,57.165000915527344,44.93028259277344,86200
2012-12-06,57.1349983215332,57.185001373291016,57.130001068115234,57.1349983215332,44.90669631958008,49200
2012-12-07,57.06499862670898,57.1150016784668,56.98500061035156,57.05500030517578,44.84383773803711,60000
2012-12-10,56.9900016784668,57.10499954223633,56.9900016784668,57.09000015258789,44.871341705322266,89400
2012-12-11,57.04999923706055,57.05500030517578,56.959999084472656,56.994998931884766,44.79668045043945,94400
2012-12-12,57.01499938964844,57.025001525878906,56.834999084472656,56.84999847412109,44.68272018432617,79800
2012-12-13,56.77000045776367,56.83000183105469,56.72999954223633,56.73500061035156,44.59234237670898,90600
2012-12-14,56.880001068115234,56.90499877929688,56.78499984741211,56.834999084472656,44.6709213256836,93200
2012-12-17,56.81999969482422,56.89500045776367,56.6349983215332,56.66999816894531,44.54124069213867,66600
2012-12-18,56.73500061035156,56.73500061035156,56.470001220703125,56.5,44.40760040283203,266400
2012-12-19,56.55500030517578,56.72499847412109,56.55500030517578,56.65999984741211,44.53337097167969,252200
2012-12-20,56.73500061035156,56.744998931884766,56.650001525878906,56.65499877929688,44.52945327758789,145800
2012-12-21,56.70500183105469,56.7400016784668,56.68000030517578,56.70000076293945,44.56479644775391,150200
2012-12-24,56.70500183105469,56.76499938964844,56.650001525878906,56.76499938964844,44.61589050292969,252000
2012-12-26,56.64500045776367,56.66999816894531,56.57500076293945,56.63999938964844,44.659271240234375,91800
2012-12-27,56.790000915527344,56.790000915527344,56.625,56.744998931884766,44.74205780029297,122600
2012-12-28,56.79999923706055,56.85499954223633,56.69499969482422,56.84999847412109,44.824851989746094,80600
2012-12-31,56.82500076293945,56.834999084472656,56.58000183105469,56.58000183105469,44.6119499206543,141200
2013-01-02,56.625,56.77000045776367,56.505001068115234,56.755001068115234,44.74993133544922,649600
2013-01-03,56.7400016784668,56.76499938964844,56.53499984741211,56.56999969482422,44.60407257080078,304600
2013-01-04,56.41999816894531,56.619998931884766,56.41999816894531,56.540000915527344,44.58042907714844,376400
2013-01-07,56.54499816894531,56.65999984741211,56.52000045776367,56.630001068115234,44.6513900756836,51000
2013-01-08,56.6150016784668,56.78499984741211,56.6150016784668,56.75,44.746002197265625,158400
2013-01-09,56.71500015258789,56.81499862670898,56.71500015258789,56.77000045776367,44.76178359985352,203000
2013-01-10,56.66999816894531,56.77999877929688,56.65499877929688,56.68999862670898,44.69867706298828,182400
2013-01-11,56.55500030517578,56.76499938964844,56.55500030517578,56.720001220703125,44.72234725952149,289000
2013-01-14,56.72999954223633,56.79999923706055,56.68000030517578,56.68999862670898,44.69867706298828,67000
2013-01-15,56.7400016784668,56.79499816894531,56.69499969482422,56.7400016784668,44.73811721801758,93000
2013-01-16,56.77000045776367,56.84000015258789,56.72499847412109,56.84000015258789,44.81697082519531,318400
2013-01-17,56.630001068115234,56.84000015258789,56.630001068115234,56.709999084472656,44.71445846557617,1166000
2013-01-18,56.77000045776367,56.8650016784668,56.75,56.755001068115234,44.74993133544922,558200
2013-01-22,56.68999862670898,56.84000015258789,56.68999862670898,56.744998931884766,44.74205780029297,595000
2013-01-23,56.79999923706055,56.90499877929688,56.720001220703125,56.73500061035156,44.73418426513672,342400
2013-01-24,56.67499923706055,56.720001220703125,56.650001525878906,56.685001373291016,44.69475555419922,219200
2013-01-25,56.650001525878906,56.650001525878906,56.40999984741211,56.43000030517578,44.49369430541992,350800
2013-01-28,56.255001068115234,56.34999847412109,56.220001220703125,56.30500030517578,44.395137786865234,669400
2013-01-29,56.28499984741211,56.380001068115234,56.17499923706055,56.20500183105469,44.31627655029297,289600
2013-01-30,56.15999984741211,56.165000915527344,56.05500030517578,56.1349983215332,44.26108169555664,403800
2013-01-31,56.15999984741211,56.18999862670898,56.095001220703125,56.13999938964844,44.26502990722656,120200
2013-02-01,56.17499923706055,56.209999084472656,55.90499877929688,55.90999984741211,44.205711364746094,96000
2013-02-04,55.90999984741211,56.08000183105469,55.89500045776367,56.03499984741211,44.3045768737793,88800
2013-02-05,56.01499938964844,56.02000045776367,55.90999984741211,55.91999816894531,44.2136344909668,215200
2013-02-06,56.040000915527344,56.08000183105469,55.92499923706055,56.08000183105469,44.34013366699219,117600
2013-02-07,56.03499984741211,56.17499923706055,56.02000045776367,56.060001373291016,44.3243293762207,90600
2013-02-08,56.025001525878906,56.165000915527344,55.959999084472656,56.1349983215332,44.38362121582031,125800
2013-02-11,56.06499862670898,56.18999862670898,56.06499862670898,56.125,44.37572479248047,56400
2013-02-12,56.01499938964844,56.1150016784668,56.01499938964844,56.06499862670898,44.32827758789063,100400
2013-02-13,55.90999984741211,56.05500030517578,55.90999984741211,55.970001220703125,44.25318908691406,88000
2013-02-14,55.97999954223633,56.08000183105469,55.96500015258789,56.06499862670898,44.32827758789063,1061200
2013-02-15,56.06499862670898,56.10499954223633,56.02000045776367,56.07500076293945,44.336204528808594,474600
2013-02-19,56.19499969482422,56.19499969482422,55.994998931884766,56.0,44.27688980102539,150400
2013-02-20,55.93999862670898,56.06499862670898,55.93000030517578,56.040000915527344,44.30851745605469,166800
2013-02-21,56.08000183105469,56.17499923706055,56.060001373291016,56.09999847412109,44.3559455871582,78800
2013-02-22,56.119998931884766,56.19499969482422,56.119998931884766,56.15499877929688,44.39944839477539,64800
2013-02-25,56.09999847412109,56.41999816894531,56.060001373291016,56.41999816894531,44.60896301269531,70600
2013-02-26,56.34000015258789,56.4900016784668,56.28499984741211,56.3650016784668,44.56549072265625,242800
2013-02-27,56.459999084472656,56.494998931884766,56.345001220703125,56.36000061035156,44.5615348815918,127800
2013-02-28,56.36000061035156,56.47499847412109,56.34999847412109,56.380001068115234,44.577335357666016,62800
2013-03-01,56.244998931884766,56.345001220703125,56.22499847412109,56.334999084472656,44.662574768066406,81600
2013-03-04,56.29499816894531,56.3650016784668,56.2599983215332,56.27000045776367,44.61104202270508,69600
2013-03-05,56.290000915527344,56.334999084472656,56.220001220703125,56.220001220703125,44.57140350341797,105400
2013-03-06,56.23500061035156,56.25,56.1150016784668,56.15499877929688,44.51985931396485,155600
2013-03-07,56.1349983215332,56.1349983215332,56.0,56.0,44.39697265625,93200
2013-03-08,55.84000015258789,55.915000915527344,55.77000045776367,55.880001068115234,44.30183792114258,92400
2013-03-11,55.834999084472656,55.90499877929688,55.80500030517578,55.80500030517578,44.24238204956055,123600
2013-03-12,55.869998931884766,55.970001220703125,55.84000015258789,55.93999862670898,44.34940719604492,136000
2013-03-13,55.880001068115234,55.959999084472656,55.83000183105469,55.91999816894531,44.33355331420898,1103800
2013-03-14,55.845001220703125,55.98500061035156,55.845001220703125,55.89500045776367,44.31374740600586,54000
2013-03-15,55.88999938964844,56.06499862670898,55.88999938964844,56.040000915527344,44.428688049316406,73400
2013-03-18,56.040000915527344,56.13999938964844,56.040000915527344,56.1150016784668,44.48815155029297,78200
2013-03-19,56.150001525878906,56.244998931884766,56.130001068115234,56.17499923706055,44.53571701049805,160800
2013-03-20,56.10499954223633,56.185001373291016,55.9900016784668,55.9900016784668,44.389068603515625,200400
2013-03-21,56.060001373291016,56.165000915527344,56.0099983215332,56.165000915527344,44.52778625488281,174400
2013-03-22,56.125,56.15999984741211,56.02999877929688,56.125,44.49608612060547,198200
2013-03-25,56.119998931884766,56.19499969482422,56.02999877929688,56.084999084472656,44.46437072753906,74200
2013-03-26,56.130001068115234,56.18000030517578,56.02999877929688,56.165000915527344,44.52778625488281,137600
2013-03-27,56.31999969482422,56.31999969482422,56.220001220703125,56.26499938964844,44.60707092285156,232600
2013-03-28,56.18000030517578,56.32500076293945,56.18000030517578,56.28499984741211,44.622928619384766,464200
2013-04-01,56.125,56.22499847412109,56.07500076293945,56.165000915527344,44.64876937866211,102800
2013-04-02,56.165000915527344,56.165000915527344,56.11000061035156,56.1150016784668,44.609004974365234,117600
2013-04-03,56.2599983215332,56.32500076293945,56.185001373291016,56.310001373291016,44.764041900634766,110400
2013-04-04,56.415000915527344,56.494998931884766,56.369998931884766,56.470001220703125,44.89121627807617,171400
2013-04-05,56.65499877929688,56.77999877929688,56.65499877929688,56.70000076293945,45.07406234741211,100600
2013-04-08,56.79999923706055,56.79999923706055,56.67499923706055,56.685001373291016,45.0621452331543,103200
2013-04-09,56.775001525878906,56.79999923706055,56.665000915527344,56.71500015258789,45.08598709106445,92200
2013-04-10,56.70500183105469,56.70500183105469,56.57500076293945,56.57500076293945,44.974700927734375,96200
2013-04-11,56.560001373291016,56.72999954223633,56.560001373291016,56.64500045776367,45.03033447265625,48200
2013-04-12,56.709999084472656,56.84999847412109,56.685001373291016,56.79499816894531,45.14958572387695,148400
2013-04-15,56.76499938964844,56.900001525878906,56.76499938964844,56.8650016784668,45.20524215698242,37800
2013-04-16,56.90499877929688,56.90499877929688,56.834999084472656,56.89500045776367,45.22908782958984,157600
2013-04-17,56.775001525878906,57.005001068115234,56.775001525878906,56.93999862670898,45.26484680175781,109400
2013-04-18,56.8650016784668,57.0,56.8650016784668,56.95500183105469,45.27678298950195,78000
2013-04-19,56.84999847412109,56.96500015258789,56.84999847412109,56.95500183105469,45.27678298950195,140000
2013-04-22,56.970001220703125,57.005001068115234,56.95000076293945,56.97499847412109,45.29268646240234,42400
2013-04-23,56.97499847412109,57.10499954223633,56.97499847412109,57.060001373291016,45.36026763916016,284000
2013-04-24,57.05500030517578,57.095001220703125,57.0,57.06999969482422,45.36821746826172,280000
2013-04-25,57.04499816894531,57.07500076293945,56.994998931884766,57.04499816894531,45.34832763671875,149000
2013-04-26,57.165000915527344,57.19499969482422,57.095001220703125,57.19499969482422,45.46756362915039,81400
2013-04-29,57.2400016784668,57.275001525878906,57.18000030517578,57.20500183105469,45.47552108764648,51400
2013-04-30,57.255001068115234,57.290000915527344,57.165000915527344,57.185001373291016,45.4596061706543,88400
2013-05-01,57.16999816894531,57.22499847412109,57.11000061035156,57.119998931884766,45.5317497253418,295800
2013-05-02,57.1150016784668,57.15999984741211,57.11000061035156,57.15499877929688,45.55964660644531,226000
2013-05-03,57.01499938964844,57.01499938964844,56.83000183105469,56.83000183105469,45.300594329833984,317400
2013-05-06,56.92499923706055,56.92499923706055,56.79499816894531,56.81499862670898,45.28863525390625,276600
2013-05-07,56.76499938964844,56.85499954223633,56.76499938964844,56.790000915527344,45.268680572509766,486400
2013-05-08,56.7599983215332,56.86000061035156,56.744998931884766,56.76499938964844,45.24877548217773,325200
2013-05-09,56.810001373291016,56.84000015258789,56.67499923706055,56.71500015258789,45.208927154541016,460600
2013-05-10,56.70000076293945,56.720001220703125,56.5,56.52999877929688,45.06143569946289,501200
2013-05-13,56.43999862670898,56.52999877929688,56.43999862670898,56.47499847412109,45.017608642578125,65200
2013-05-14,56.505001068115234,56.560001373291016,56.310001373291016,56.310001373291016,44.8860969543457,171000
2013-05-15,56.45000076293945,56.505001068115234,56.310001373291016,56.3849983215332,44.94585418701172,147200
2013-05-16,56.494998931884766,56.650001525878906,56.494998931884766,56.59000015258789,45.10929870605469,81400
2013-05-17,56.6150016784668,56.6150016784668,56.43000030517578,56.4900016784668,45.02958297729492,591800
2013-05-20,56.595001220703125,56.595001220703125,56.400001525878906,56.44499969482422,44.99370574951172,99600
2013-05-21,56.3849983215332,56.494998931884766,56.3650016784668,56.435001373291016,44.98573303222656,621600
2013-05-22,56.459999084472656,56.54499816894531,56.14500045776367,56.17499923706055,44.77848052978516,150600
2013-05-23,56.310001373291016,56.310001373291016,56.05500030517578,56.125,44.73862457275391,187600
2013-05-24,56.244998931884766,56.25,56.09000015258789,56.09000015258789,44.710716247558594,203200
2013-05-28,56.04499816894531,56.06499862670898,55.72499847412109,55.72499847412109,44.41976547241211,575400
2013-05-29,55.70000076293945,55.79499816894531,55.64500045776367,55.69499969482422,44.39585876464844,165000
2013-05-30,55.70000076293945,55.7599983215332,55.63999938964844,55.665000915527344,44.3719482421875,284200
2013-05-31,55.65499877929688,55.66999816894531,55.29499816894531,55.40999984741211,44.16867446899414,618400
2013-06-03,55.17499923706055,55.38999938964844,55.07500076293945,55.2400016784668,44.15468597412109,415600
2013-06-04,55.17499923706055,55.2599983215332,55.08000183105469,55.1150016784668,44.05478286743164,88000
2013-06-05,55.10499954223633,55.19499969482422,55.04499816894531,55.060001373291016,44.01080322265625,112000
2013-06-06,55.060001373291016,55.375,55.025001525878906,55.18000030517578,44.106727600097656,125200
2013-06-07,55.095001220703125,55.20500183105469,54.869998931884766,54.880001068115234,43.866943359375,183000
2013-06-10,54.79499816894531,54.94499969482422,54.69499969482422,54.720001220703125,43.739044189453125,206400
2013-06-11,54.46500015258789,54.709999084472656,54.380001068115234,54.64500045776367,43.6790771484375,214800
2013-06-12,54.59999847412109,54.72499847412109,54.47999954223633,54.47999954223633,43.54719161987305,224400
2013-06-13,54.6150016784668,54.92499923706055,54.584999084472656,54.880001068115234,43.866943359375,175200
2013-06-14,54.91999816894531,55.13999938964844,54.91999816894531,55.005001068115234,43.96685028076172,159800
2013-06-17,55.04999923706055,55.095001220703125,54.845001220703125,54.900001525878906,43.88292694091797,222800
2013-06-18,54.75,54.94499969482422,54.72999954223633,54.85499954223633,43.84694290161133,164000
2013-06-19,54.86000061035156,54.89500045776367,54.18000030517578,54.220001220703125,43.3393669128418,155800
2013-06-20,53.82500076293945,53.95500183105469,53.65499877929688,53.834999084472656,43.031620025634766,2199000
2013-06-21,53.63999938964844,53.810001373291016,53.25,53.25,42.56401824951172,670800
2013-06-24,52.810001373291016,53.1150016784668,52.67499923706055,53.02000045776367,42.38018798828125,257000
2013-06-25,53.18000030517578,53.209999084472656,52.9900016784668,53.130001068115234,42.46811294555664,267800
2013-06-26,53.33000183105469,53.505001068115234,53.255001068115234,53.38999938964844,42.67594909667969,110800
2013-06-27,53.54499816894531,53.81999969482422,53.54499816894531,53.72499847412109,42.94371032714844,269000
2013-06-28,53.53499984741211,53.72499847412109,53.375,53.72499847412109,42.94371032714844,1083200
2013-07-01,53.505001068115234,53.73500061035156,53.505001068115234,53.709999084472656,43.0555534362793,225800
2013-07-02,53.845001220703125,53.875,53.76499938964844,53.80500030517578,43.13167953491211,64200
2013-07-03,53.8650016784668,53.8849983215332,53.70500183105469,53.70500183105469,43.05152893066406,48600
2013-07-05,53.165000915527344,53.25,53.025001525878906,53.16999816894531,42.62266159057617,281600
2013-07-08,53.20000076293945,53.43000030517578,53.20000076293945,53.36000061035156,42.77498245239258,75600
2013-07-09,53.42499923706055,53.4900016784668,53.400001525878906,53.459999084472656,42.85513687133789,258400
2013-07-10,53.40999984741211,53.459999084472656,53.310001373291016,53.31499862670898,42.73890686035156,104400
2013-07-11,53.68999862670898,53.7599983215332,53.61000061035156,53.70500183105469,43.05152893066406,100800
2013-07-12,53.82500076293945,53.89500045776367,53.630001068115234,53.67499923706055,43.02748107910156,1605400
2013-07-15,53.75,53.85499954223633,53.72999954223633,53.82500076293945,43.147735595703125,444400
2013-07-16,53.86000061035156,53.994998931884766,53.845001220703125,53.88999938964844,43.19983673095703,96800
2013-07-17,54.09000015258789,54.15999984741211,54.0099983215332,54.060001373291016,43.33612823486328,97200
2013-07-18,54.09999847412109,54.15999984741211,54.02000045776367,54.095001220703125,43.36416244506836,148600
2013-07-19,54.22999954223633,54.30500030517578,54.13999938964844,54.27000045776367,43.50444030761719,63800
2013-07-22,54.375,54.38999938964844,54.25,54.30500030517578,43.53250503540039,77400
2013-07-23,54.2400016784668,54.35499954223633,54.2400016784668,54.25,43.48841094970703,198000
2013-07-24,54.07500076293945,54.185001373291016,53.91999816894531,54.02000045776367,43.30403518676758,113800
2013-07-25,53.88999938964844,54.0,53.8650016784668,53.96500015258789,43.259952545166016,103600
2013-07-26,54.03499984741211,54.04999923706055,53.95000076293945,54.02000045776367,43.30403518676758,148200
2013-07-29,53.96500015258789,54.04499816894531,53.900001525878906,53.92499923706055,43.22789001464844,122000
2013-07-30,53.97499847412109,54.07500076293945,53.880001068115234,53.8849983215332,43.1958236694336,167400
2013-07-31,53.75,54.06499862670898,53.65999984741211,53.970001220703125,43.263946533203125,255600
2013-08-01,53.685001373291016,53.76499938964844,53.51499938964844,53.54999923706055,43.0493049621582,130600
2013-08-02,53.63999938964844,53.79999923706055,53.63999938964844,53.744998931884766,43.20607376098633,427200
2013-08-05,53.70000076293945,53.72499847412109,53.58000183105469,53.59000015258789,43.081485748291016,263000
2013-08-06,53.59999847412109,53.685001373291016,53.58000183105469,53.6349983215332,43.11766052246094,68000
2013-08-07,53.665000915527344,53.75,53.665000915527344,53.70000076293945,43.169918060302734,99400
2013-08-08,53.7599983215332,53.88999938964844,53.7599983215332,53.790000915527344,43.24226379394531,190200
2013-08-09,53.72999954223633,53.845001220703125,53.72999954223633,53.790000915527344,43.24226379394531,96200
2013-08-12,53.81499862670898,53.93999862670898,53.69499969482422,53.70000076293945,43.169918060302734,77600
2013-08-13,53.505001068115234,53.6150016784668,53.39500045776367,53.43000030517578,42.95285415649414,106800
2013-08-14,53.415000915527344,53.48500061035156,53.38999938964844,53.42499923706055,42.948829650878906,50800
2013-08-15,53.14500045776367,53.220001220703125,53.040000915527344,53.119998931884766,42.70363235473633,93600
2013-08-16,53.09999847412109,53.119998931884766,52.84999847412109,52.94499969482422,42.56296157836914,2329400
2013-08-19,52.85499954223633,52.92499923706055,52.709999084472656,52.720001220703125,42.38206481933594,122600
2013-08-20,52.84000015258789,52.97499847412109,52.82500076293945,52.8849983215332,42.51471710205078,104600
2013-08-21,52.81499862670898,52.90999984741211,52.65999984741211,52.665000915527344,42.33784866333008,115800
2013-08-22,52.76499938964844,52.810001373291016,52.65999984741211,52.7599983215332,42.41423797607422,88600
2013-08-23,52.73500061035156,53.05500030517578,52.72999954223633,52.98500061035156,42.595096588134766,136600
2013-08-26,53.06999969482422,53.11000061035156,53.005001068115234,53.06499862670898,42.65941619873047,76600
2013-08-27,53.095001220703125,53.275001525878906,53.095001220703125,53.19499969482422,42.76393127441406,92800
2013-08-28,53.15499877929688,53.20500183105469,53.119998931884766,53.17499923706055,42.747833251953125,86000
2013-08-29,53.04499816894531,53.2599983215332,53.025001525878906,53.244998931884766,42.80412673950195,66200
2013-08-30,53.209999084472656,53.32500076293945,53.185001373291016,53.19499969482422,42.76393127441406,79400
2013-09-03,53.02999877929688,53.02999877929688,52.75,52.91999816894531,42.672794342041016,82200
2013-09-04,52.90499877929688,52.97999954223633,52.79499816894531,52.79999923706055,42.57604217529297,77000
2013-09-05,52.650001525878906,52.68000030517578,52.44499969482422,52.540000915527344,42.36641311645508,198400
2013-09-06,52.64500045776367,52.85499954223633,52.584999084472656,52.619998931884766,42.4308967590332,50600
2013-09-09,52.78499984741211,52.845001220703125,52.70500183105469,52.71500015258789,42.50749969482422,99400
2013-09-10,52.619998931884766,52.75,52.56999969482422,52.56999969482422,42.39059066772461,157000
2013-09-11,52.64500045776367,52.84000015258789,52.57500076293945,52.79499816894531,42.57200622558594,177600
2013-09-12,52.86000061035156,52.96500015258789,52.7400016784668,52.7599983215332,42.54378890991211,58800
2013-09-13,52.77000045776367,52.88999938964844,52.77000045776367,52.790000915527344,42.5679817199707,61200
2013-09-16,53.20500183105469,53.22999954223633,52.86000061035156,52.880001068115234,42.64055633544922,524400
2013-09-17,53.02999877929688,53.06499862670898,52.94499969482422,53.06499862670898,42.78972244262695,51600
2013-09-18,52.95500183105469,53.595001220703125,52.880001068115234,53.47999954223633,43.1243782043457,138800
2013-09-19,53.59000015258789,53.59000015258789,53.33000183105469,53.345001220703125,43.01551818847656,122600
2013-09-20,53.52000045776367,53.52000045776367,53.375,53.400001525878906,43.05986022949219,35000
2013-09-23,53.40499877929688,53.54499816894531,53.400001525878906,53.5099983215332,43.1485710144043,363600
2013-09-24,53.6349983215332,53.73500061035156,53.52999877929688,53.665000915527344,43.27352523803711,64800
2013-09-25,53.61000061035156,53.80500030517578,53.61000061035156,53.775001525878906,43.36225128173828,81400
2013-09-26,53.68000030517578,53.75,53.61000061035156,53.68999862670898,43.2937126159668,76000
2013-09-27,53.685001373291016,53.70500183105469,53.59000015258789,53.650001525878906,43.26144027709961,75400
2013-09-30,53.68000030517578,53.685001373291016,53.560001373291016,53.57500076293945,43.200965881347656,82000
2013-10-01,53.52000045776367,53.52000045776367,53.34999847412109,53.40499877929688,43.184818267822266,992200
2013-10-02,53.4900016784668,53.57500076293945,53.46500015258789,53.5,43.26161956787109,104000
2013-10-03,53.459999084472656,53.61000061035156,53.459999084472656,53.5099983215332,43.26971054077149,89400
2013-10-04,53.58000183105469,53.58000183105469,53.41999816894531,53.56499862670898,43.31417846679688,66400
2013-10-07,53.650001525878906,53.650001525878906,53.52000045776367,53.540000915527344,43.29397201538086,29200
2013-10-08,53.525001525878906,53.60499954223633,53.505001068115234,53.52000045776367,43.277793884277344,144600
2013-10-09,53.51499938964844,53.58000183105469,53.43000030517578,53.45500183105469,43.22522735595703,68800
2013-10-10,53.400001525878906,53.54499816894531,53.400001525878906,53.525001525878906,43.28184127807617,274400
2013-10-11,53.70500183105469,53.70500183105469,53.540000915527344,53.54999923706055,43.30206680297852,123400
2013-10-14,53.540000915527344,53.6349983215332,53.40999984741211,53.42499923706055,43.20097351074219,58800
2013-10-15,53.540000915527344,53.630001068115234,53.47499847412109,53.48500061035156,43.249507904052734,284400
2013-10-16,53.47999954223633,53.7400016784668,53.45500183105469,53.7400016784668,43.45569610595703,61000
2013-10-17,53.880001068115234,53.97499847412109,53.8650016784668,53.959999084472656,43.633602142333984,236800
2013-10-18,54.01499938964844,54.10499954223633,53.994998931884766,54.0099983215332,43.67402648925781,80800
2013-10-21,54.095001220703125,54.095001220703125,53.95500183105469,54.02000045776367,43.68211364746094,80800
2013-10-22,54.14500045776367,54.27999877929688,54.13999938964844,54.20000076293945,43.827674865722656,37800
2013-10-23,54.22999954223633,54.3650016784668,54.22999954223633,54.27000045776367,43.88426971435547,73800
2013-10-24,54.42499923706055,54.43000030517578,54.20500183105469,54.20500183105469,43.83171463012695,46800
2013-10-25,54.29999923706055,54.3650016784668,54.22499847412109,54.22999954223633,43.85192489624024,25800
2013-10-28,54.25,54.310001373291016,54.22999954223633,54.290000915527344,43.90043640136719,55600
2013-10-29,54.15999984741211,54.290000915527344,54.15999984741211,54.275001525878906,43.888309478759766,39000
2013-10-30,54.380001068115234,54.380001068115234,54.1349983215332,54.15499877929688,43.791263580322266,39400
2013-10-31,54.26499938964844,54.26499938964844,54.10499954223633,54.18000030517578,43.81148910522461,48000
2013-11-01,54.0,54.0,53.78499984741211,53.82500076293945,43.65334701538086,346200
2013-11-04,53.875,53.970001220703125,53.834999084472656,53.8650016784668,43.685791015625,239200
2013-11-05,53.709999084472656,53.83000183105469,53.630001068115234,53.67499923706055,43.53168487548828,24200
2013-11-06,53.810001373291016,53.834999084472656,53.70500183105469,53.834999084472656,43.66145706176758,85600
2013-11-07,53.775001525878906,53.85499954223633,53.7599983215332,53.80500030517578,43.637115478515625,130600
2013-11-08,53.44499969482422,53.4900016784668,53.3849983215332,53.3849983215332,43.29649353027344,124400
2013-11-11,53.38999938964844,53.42499923706055,53.29999923706055,53.31499862670898,43.23972702026367,55400
2013-11-12,53.33000183105469,53.400001525878906,53.290000915527344,53.31499862670898,43.23972702026367,110800
2013-11-13,53.38999938964844,53.5099983215332,53.380001068115234,53.43999862670898,43.34109878540039,190800
2013-11-14,53.630001068115234,53.7400016784668,53.525001525878906,53.6349983215332,43.499244689941406,84000
2013-11-15,53.60499954223633,53.72999954223633,53.60499954223633,53.72499847412109,43.57225036621094,71400
2013-11-18,53.72499847412109,53.8650016784668,53.72499847412109,53.84000015258789,43.665504455566406,32400
2013-11-19,53.75,53.834999084472656,53.72999954223633,53.744998931884766,43.58844757080078,92000
2013-11-20,53.75,53.81999969482422,53.47999954223633,53.525001525878906,43.41003036499024,71600
2013-11-21,53.45500183105469,53.68999862670898,53.40499877929688,53.66999816894531,43.52763748168945,43800
2013-11-22,53.7599983215332,53.810001373291016,53.72499847412109,53.790000915527344,43.62495803833008,52800
2013-11-25,53.83000183105469,53.915000915527344,53.810001373291016,53.81999969482422,43.64929962158203,78600
2013-11-26,53.935001373291016,53.97499847412109,53.8650016784668,53.90499877929688,43.71824264526367,61400
2013-11-27,54.02999877929688,54.02999877929688,53.775001525878906,53.8650016784668,43.685791015625,240400
2013-11-29,53.915000915527344,53.94499969482422,53.834999084472656,53.94499969482422,43.75066757202149,231400
2013-12-02,53.68999862670898,53.7400016784668,53.56499862670898,53.59000015258789,43.592044830322266,71600
2013-12-03,53.59999847412109,53.71500015258789,53.584999084472656,53.619998931884766,43.61645126342773,307000
2013-12-04,53.55500030517578,53.560001373291016,53.415000915527344,53.55500030517578,43.56357955932617,114600
2013-12-05,53.5,53.5,53.34999847412109,53.400001525878906,43.43748092651367,63600
2013-12-06,53.415000915527344,53.52999877929688,53.40999984741211,53.494998931884766,43.514747619628906,44400
2013-12-09,53.55500030517578,53.560001373291016,53.505001068115234,53.52999877929688,43.543251037597656,70600
2013-12-10,53.60499954223633,53.75,53.60499954223633,53.744998931884766,43.71813583374024,66800
2013-12-11,53.665000915527344,53.7599983215332,53.64500045776367,53.650001525878906,43.640846252441406,68600
2013-12-12,53.56999969482422,53.63999938964844,53.540000915527344,53.56999969482422,43.57579803466797,98600
2013-12-13,53.54999923706055,53.67499923706055,53.54999923706055,53.650001525878906,43.640846252441406,102800
2013-12-16,53.70000076293945,53.79999923706055,53.6349983215332,53.65999984741211,43.64898300170898,49800
2013-12-17,53.26499938964844,53.79499816894531,53.26499938964844,53.76499938964844,43.734405517578125,225000
2013-12-18,53.63999938964844,53.91999816894531,53.560001373291016,53.775001525878906,43.74253463745117,74200
2013-12-19,53.55500030517578,53.73500061035156,53.55500030517578,53.685001373291016,43.66932678222656,65000
2013-12-20,53.665000915527344,53.89500045776367,53.665000915527344,53.84000015258789,43.7953987121582,53200
2013-12-23,53.935001373291016,53.935001373291016,53.73500061035156,53.7400016784668,43.71407699584961,70600
2013-12-24,53.79499816894531,53.79499816894531,53.63999938964844,53.65499877929688,43.64492416381836,40000
2013-12-26,53.43999862670898,53.525001525878906,53.38999938964844,53.47999954223633,43.64818954467773,38800
2013-12-27,53.505001068115234,53.52000045776367,53.3650016784668,53.415000915527344,43.59513092041016,91600
2013-12-30,53.57500076293945,53.59999847412109,53.46500015258789,53.56499862670898,43.717552185058594,69800
2013-12-31,53.43999862670898,53.58000183105469,53.29499816894531,53.45000076293945,43.62369918823242,80800
2014-01-02,53.43999862670898,53.54999923706055,53.43999862670898,53.540000915527344,43.69715118408203,175400
2014-01-03,53.52999877929688,53.625,53.52000045776367,53.56499862670898,43.717552185058594,127000
2014-01-06,53.54499816894531,53.72999954223633,53.54499816894531,53.709999084472656,43.835914611816406,92000
2014-01-07,53.755001068115234,53.78499984741211,53.709999084472656,53.73500061035156,43.85630798339844,52800
2014-01-08,53.60499954223633,53.665000915527344,53.54499816894531,53.56999969482422,43.721656799316406,163200
2014-01-09,53.584999084472656,53.70500183105469,53.58000183105469,53.68999862670898,43.819583892822266,40000
2014-01-10,53.82500076293945,54.0099983215332,53.79999923706055,53.97999954223633,44.05625534057617,35000
2014-01-13,54.1349983215332,54.1349983215332,53.92499923706055,54.0,44.07258605957031,280800
2014-01-14,53.90999984741211,54.04999923706055,53.90999984741211,53.93999862670898,44.02362060546875,52800
2014-01-15,53.93999862670898,53.95500183105469,53.810001373291016,53.90999984741211,43.9991340637207,64400
2014-01-16,54.150001525878906,54.150001525878906,53.97499847412109,54.02999877929688,44.09706115722656,57800
2014-01-17,53.9900016784668,54.150001525878906,53.9900016784668,54.150001525878906,44.19500350952149,77800
2014-01-21,54.10499954223633,54.18000030517578,54.04499816894531,54.150001525878906,44.19500350952149,58400
2014-01-22,54.11000061035156,54.13999938964844,54.025001525878906,54.060001373291016,44.12156677246094,37800
2014-01-23,54.04999923706055,54.20500183105469,54.04999923706055,54.13999938964844,44.18685531616211,191800
2014-01-24,54.2599983215332,54.28499984741211,54.09000015258789,54.125,44.17460250854492,161600
2014-01-27,54.18000030517578,54.209999084472656,54.025001525878906,54.025001525878906,44.09299087524414,37800
2014-01-28,54.02999877929688,54.18999862670898,54.02999877929688,54.16999816894531,44.21131134033203,54600
2014-01-29,54.32500076293945,54.32500076293945,54.150001525878906,54.25,44.276611328125,41800
2014-01-30,54.185001373291016,54.345001220703125,54.16999816894531,54.255001068115234,44.28071212768555,57400
2014-01-31,54.310001373291016,54.369998931884766,54.255001068115234,54.36000061035156,44.36640167236328,67200
2014-02-03,54.25,54.44499969482422,54.02999877929688,54.43999862670898,44.55339050292969,105800
2014-02-04,54.3650016784668,54.3849983215332,54.20000076293945,54.3650016784668,44.49202346801758,103400
2014-02-05,54.375,54.375,54.27000045776367,54.345001220703125,44.47564315795898,518600
2014-02-06,54.34000015258789,54.3650016784668,54.26499938964844,54.28499984741211,44.42655944824219,49000
2014-02-07,54.275001525878906,54.43000030517578,54.275001525878906,54.36000061035156,44.487937927246094,116000
2014-02-10,54.494998931884766,54.494998931884766,54.32500076293945,54.40999984741211,44.52885818481445,41800
2014-02-11,54.27999877929688,54.30500030517578,54.25,54.290000915527344,44.430641174316406,73200
2014-02-12,54.27999877929688,54.369998931884766,54.17499923706055,54.209999084472656,44.36517333984375,102400
2014-02-13,54.38999938964844,54.39500045776367,54.30500030517578,54.34000015258789,44.471561431884766,41600
2014-02-14,54.3650016784668,54.470001220703125,54.33000183105469,54.400001525878906,44.52066040039063,44200
2014-02-18,54.435001373291016,54.55500030517578,54.42499923706055,54.47999954223633,44.58613586425781,113600
2014-02-19,54.5099983215332,54.59000015258789,54.39500045776367,54.41999816894531,44.53703308105469,235800
2014-02-20,54.40999984741211,54.470001220703125,54.30500030517578,54.380001068115234,44.50431060791016,77800
2014-02-21,54.34000015258789,54.505001068115234,54.34000015258789,54.47999954223633,44.58613586425781,37400
2014-02-24,54.54999923706055,54.54999923706055,54.35499954223633,54.51499938964844,44.61478805541992,33200
2014-02-25,54.54999923706055,54.66999816894531,54.54999923706055,54.665000915527344,44.737548828125,43600
2014-02-26,54.72499847412109,54.81499862670898,54.65499877929688,54.790000915527344,44.839839935302734,46400
2014-02-27,54.90999984741211,54.90999984741211,54.76499938964844,54.80500030517578,44.85212326049805,121200
2014-02-28,54.73500061035156,54.89500045776367,54.72499847412109,54.86000061035156,44.89712905883789,69800
2014-03-03,54.77000045776367,54.83000183105469,54.71500015258789,54.81999969482422,44.98370742797852,60200
2014-03-04,54.83000183105469,54.83000183105469,54.63999938964844,54.650001525878906,44.84420776367188,60200
2014-03-05,54.71500015258789,54.71500015258789,54.59999847412109,54.61000061035156,44.81139373779297,210000
2014-03-06,54.584999084472656,54.584999084472656,54.400001525878906,54.4900016784668,44.7129135131836,36400
2014-03-07,54.334999084472656,54.39500045776367,54.290000915527344,54.369998931884766,44.614444732666016,47600
2014-03-10,54.35499954223633,54.459999084472656,54.290000915527344,54.32500076293945,44.57752227783203,48400
2014-03-11,54.345001220703125,54.415000915527344,54.28499984741211,54.34000015258789,44.58982467651367,76400
2014-03-12,54.47499847412109,54.48500061035156,54.40999984741211,54.459999084472656,44.688289642333984,45000
2014-03-13,54.334999084472656,54.67499923706055,54.334999084472656,54.67499923706055,44.864723205566406,113200
2014-03-14,54.720001220703125,54.7400016784668,54.61000061035156,54.619998931884766,44.8195915222168,80200
2014-03-17,54.625,54.625,54.494998931884766,54.51499938964844,44.733428955078125,42600
2014-03-18,54.58000183105469,54.630001068115234,54.540000915527344,54.630001068115234,44.82780075073242,34600
2014-03-19,54.65499877929688,54.73500061035156,54.34000015258789,54.380001068115234,44.622657775878906,56200
2014-03-20,54.44499969482422,54.470001220703125,54.369998931884766,54.41999816894531,44.65547561645508,240000
2014-03-21,54.48500061035156,54.54999923706055,54.48500061035156,54.53499984741211,44.74984359741211,41600
2014-03-24,54.560001373291016,54.63999938964844,54.5099983215332,54.6150016784668,44.81549072265625,32400
2014-03-25,54.61000061035156,54.65999984741211,54.560001373291016,54.6349983215332,44.8318977355957,33400
2014-03-26,54.72499847412109,54.79999923706055,54.70500183105469,54.7400016784668,44.918060302734375,195000
2014-03-27,54.71500015258789,54.875,54.709999084472656,54.76499938964844,44.93856048583984,165400
2014-03-28,54.84000015258789,54.85499954223633,54.69499969482422,54.77999877929688,44.95087432861328,30600
2014-03-31,54.72999954223633,54.78499984741211,54.65499877929688,54.755001068115234,44.93034744262695,27400
2014-04-01,54.630001068115234,54.630001068115234,54.4900016784668,54.57500076293945,44.90776062011719,49600
2014-04-02,54.44499969482422,54.56499862670898,54.44499969482422,54.470001220703125,44.82135009765625,61000
2014-04-03,54.630001068115234,54.630001068115234,54.5099983215332,54.52000045776367,44.86248016357422,53000
2014-04-04,54.73500061035156,54.77999877929688,54.625,54.709999084472656,45.018836975097656,43200
2014-04-07,54.810001373291016,54.85499954223633,54.67499923706055,54.79499816894531,45.088775634765625,35000
2014-04-08,54.79999923706055,54.959999084472656,54.79999923706055,54.959999084472656,45.224552154541016,51800
2014-04-09,54.935001373291016,54.98500061035156,54.810001373291016,54.93999862670898,45.20808029174805,36000
2014-04-10,54.93000030517578,55.150001525878906,54.93000030517578,55.04499816894531,45.29447555541992,35400
2014-04-11,55.185001373291016,55.185001373291016,55.02000045776367,55.17499923706055,45.40147018432617,28400
2014-04-14,55.150001525878906,55.165000915527344,55.06999969482422,55.150001525878906,45.3808822631836,43200
2014-04-15,54.98500061035156,55.275001525878906,54.98500061035156,55.22499847412109,45.44259262084961,27600
2014-04-16,55.06499862670898,55.209999084472656,55.06499862670898,55.20500183105469,45.42613983154297,23200
2014-04-17,55.209999084472656,55.21500015258789,54.90999984741211,54.95000076293945,45.2162971496582,90800
2014-04-21,55.09999847412109,55.09999847412109,54.970001220703125,54.970001220703125,45.23276138305664,46800
2014-04-22,54.97999954223633,55.01499938964844,54.900001525878906,55.0,45.25746154785156,29200
2014-04-23,55.04499816894531,55.17499923706055,55.04499816894531,55.1349983215332,45.36854553222656,79800
2014-04-24,55.06999969482422,55.18999862670898,55.06999969482422,55.185001373291016,45.40967559814453,25400
2014-04-25,55.16999816894531,55.2599983215332,55.16999816894531,55.17499923706055,45.40147018432617,122400
2014-04-28,55.130001068115234,55.18999862670898,55.08000183105469,55.1150016784668,45.35210037231445,24000
2014-04-29,55.025001525878906,55.15999984741211,55.025001525878906,55.15499877929688,45.38499069213867,73600
2014-04-30,55.14500045776367,55.255001068115234,55.13999938964844,55.255001068115234,45.467281341552734,43200
2014-05-01,55.20000076293945,55.3650016784668,55.13999938964844,55.334999084472656,45.65996170043945,426000
2014-05-02,55.20500183105469,55.40999984741211,55.125,55.310001373291016,45.63932418823242,349000
2014-05-05,55.33000183105469,55.334999084472656,55.040000915527344,55.040000915527344,45.416542053222656,104800
2014-05-06,55.310001373291016,55.33000183105469,55.244998931884766,55.290000915527344,45.62282943725586,58000
2014-05-07,55.32500076293945,55.35499954223633,55.275001525878906,55.32500076293945,45.65169906616211,28400
2014-05-08,55.33000183105469,55.43000030517578,55.290000915527344,55.34000015258789,45.66408157348633,53800
2014-05-09,55.45500183105469,55.45500183105469,55.18000030517578,55.27999877929688,45.61457443237305,72600
2014-05-12,55.23500061035156,55.25,55.16999816894531,55.220001220703125,45.5650749206543,36800
2014-05-13,55.290000915527344,55.494998931884766,55.27999877929688,55.34000015258789,45.66408157348633,51200
2014-05-14,55.58000183105469,55.6349983215332,55.51499938964844,55.54999923706055,45.83737182617188,29400
2014-05-15,55.6349983215332,55.77000045776367,55.6349983215332,55.68999862670898,45.9528923034668,58200
2014-05-16,55.59999847412109,55.69499969482422,55.59999847412109,55.665000915527344,45.932273864746094,14600
2014-05-19,55.709999084472656,55.72999954223633,55.56499862670898,55.56999969482422,45.85387420654297,31000
2014-05-20,55.66999816894531,55.66999816894531,55.505001068115234,55.619998931884766,45.89512634277344,18200
2014-05-21,55.52000045776367,55.53499984741211,55.47999954223633,55.53499984741211,45.824981689453125,20800
2014-05-22,55.53499984741211,55.53499984741211,55.42499923706055,55.45500183105469,45.75898361206055,19200
2014-05-23,55.51499938964844,55.56999969482422,55.5099983215332,55.525001525878906,45.81673812866211,16400
2014-05-27,55.54999923706055,55.67499923706055,55.505001068115234,55.66999816894531,45.9363899230957,36800
2014-05-28,55.77000045776367,55.880001068115234,55.72999954223633,55.880001068115234,46.10966873168945,20000
2014-05-29,55.900001525878906,56.02000045776367,55.84999847412109,55.869998931884766,46.1014289855957,25400
2014-05-30,55.75,55.88999938964844,55.75,55.86000061035156,46.09316635131836,56400
2014-06-02,55.650001525878906,55.650001525878906,55.43999862670898,55.48500061035156,45.909889221191406,22000
2014-06-03,55.47999954223633,55.47999954223633,55.275001525878906,55.27999877929688,45.74026870727539,27400
2014-06-04,55.34999847412109,55.34999847412109,55.22499847412109,55.22999954223633,45.69889450073242,56200
2014-06-05,55.33000183105469,55.40499877929688,55.275001525878906,55.32500076293945,45.77751541137695,40600
2014-06-06,55.470001220703125,55.494998931884766,55.33000183105469,55.40999984741211,45.847843170166016,47800
2014-06-09,55.400001525878906,55.400001525878906,55.27000045776367,55.32500076293945,45.77751541137695,16600
2014-06-10,55.47499847412109,55.47499847412109,55.22499847412109,55.2400016784668,45.70718002319336,62000
2014-06-11,55.30500030517578,55.34999847412109,55.23500061035156,55.25,45.715431213378906,16400
2014-06-12,55.36000061035156,55.470001220703125,52.935001373291016,55.470001220703125,45.89747619628906,23000
2014-06-13,55.185001373291016,55.38999938964844,55.17499923706055,55.22999954223633,45.69889450073242,115200
2014-06-16,55.334999084472656,55.505001068115234,55.23500061035156,55.39500045776367,45.83543395996094,26400
2014-06-17,55.29499816894531,55.29499816894531,55.165000915527344,55.20500183105469,45.67820739746094,33400
2014-06-18,55.220001220703125,55.47999954223633,55.220001220703125,55.380001068115234,45.82304000854492,13400
2014-06-19,55.4900016784668,55.56999969482422,55.20000076293945,55.27000045776367,45.73199462890625,40400
2014-06-20,55.26499938964844,55.39500045776367,55.2400016784668,55.36000061035156,45.80646896362305,60800
2014-06-23,55.3650016784668,55.45000076293945,55.30500030517578,55.32500076293945,45.77751541137695,34600
2014-06-24,55.5,55.560001373291016,55.3849983215332,55.560001373291016,45.97195053100586,26000
2014-06-25,55.65499877929688,55.65999984741211,55.560001373291016,55.630001068115234,46.029876708984375,25000
2014-06-26,55.69499969482422,55.744998931884766,55.630001068115234,55.70500183105469,46.0919303894043,31600
2014-06-27,55.75,55.75,55.63999938964844,55.685001373291016,46.07537078857422,34400
2014-06-30,55.66999816894531,55.720001220703125,55.560001373291016,55.720001220703125,46.10434341430664,65800
2014-07-01,55.494998931884766,55.494998931884766,55.38999938964844,55.415000915527344,45.97615814208984,22600
2014-07-02,55.26499938964844,55.29999923706055,55.18000030517578,55.19499969482422,45.79362106323242,16000
2014-07-03,55.095001220703125,55.165000915527344,55.05500030517578,55.119998931884766,45.73139953613281,68800
2014-07-07,55.2400016784668,55.29999923706055,55.220001220703125,55.220001220703125,45.814361572265625,17400
2014-07-08,55.41999816894531,55.459999084472656,55.3650016784668,55.40499877929688,45.96785354614258,19000
2014-07-09,55.380001068115234,55.505001068115234,55.32500076293945,55.46500015258789,46.01764678955078,22800
2014-07-10,55.56499862670898,55.57500076293945,55.45500183105469,55.47999954223633,46.03008270263672,21000
2014-07-11,55.47499847412109,55.630001068115234,55.47499847412109,55.584999084472656,46.11720275878906,21800
2014-07-14,55.435001373291016,55.67499923706055,55.42499923706055,55.52000045776367,46.06327438354492,42400
2014-07-15,55.48500061035156,55.54999923706055,55.415000915527344,55.42499923706055,45.98445892333984,33400
2014-07-16,55.43999862670898,55.54499816894531,55.43999862670898,55.525001525878906,46.06740188598633,18200
2014-07-17,55.625,55.77999877929688,55.625,55.73500061035156,46.24163818359375,29600
2014-07-18,55.72499847412109,55.72999954223633,55.619998931884766,55.68000030517578,46.19600677490234,22000
2014-07-21,55.64500045776367,55.76499938964844,55.64500045776367,55.665000915527344,46.18357849121094,45600
2014-07-22,55.70000076293945,55.86000061035156,55.665000915527344,55.77999877929688,46.27898406982422,71000
2014-07-23,55.810001373291016,55.875,55.79499816894531,55.83000183105469,46.32047271728516,29400
2014-07-24,55.77000045776367,55.77000045776367,55.65499877929688,55.70000076293945,46.21261596679688,36400
2014-07-25,55.84999847412109,55.84999847412109,55.75,55.834999084472656,46.32463455200195,34200
2014-07-28,55.875,55.875,55.73500061035156,55.744998931884766,46.24992752075195,42000
2014-07-29,55.81999969482422,55.875,55.79999923706055,55.83000183105469,46.32047271728516,27000
2014-07-30,55.720001220703125,55.744998931884766,55.540000915527344,55.630001068115234,46.1545295715332,24000
2014-07-31,55.47999954223633,55.58000183105469,55.42499923706055,55.540000915527344,46.079856872558594,83800
2014-08-01,55.35499954223633,55.54999923706055,55.290000915527344,55.47999954223633,46.156394958496094,74600
2014-08-04,55.56499862670898,55.56499862670898,55.46500015258789,55.5,46.173038482666016,27600
2014-08-05,55.54999923706055,55.63999938964844,55.369998931884766,55.61000061035156,46.26455307006836,151400
2014-08-06,55.69499969482422,55.69499969482422,55.56999969482422,55.6150016784668,46.26872253417969,39400
2014-08-07,55.61000061035156,55.76499938964844,55.57500076293945,55.7599983215332,46.38933944702149,70200
2014-08-08,55.845001220703125,55.845001220703125,55.65999984741211,55.68999862670898,46.33111572265625,36600
2014-08-11,55.744998931884766,55.81499862670898,55.65499877929688,55.68000030517578,46.32278060913086,24400
2014-08-12,55.69499969482422,55.69499969482422,55.60499954223633,55.6150016784668,46.26872253417969,23000
2014-08-13,55.65999984741211,55.76499938964844,55.65999984741211,55.744998931884766,46.37685394287109,24600
2014-08-14,55.79499816894531,55.86000061035156,55.744998931884766,55.83000183105469,46.44758987426758,99000
2014-08-15,55.875,56.084999084472656,55.875,55.94499969482422,46.54325866699219,63200
2014-08-18,55.94499969482422,55.95500183105469,55.81499862670898,55.880001068115234,46.48917388916016,19000
2014-08-19,55.88999938964844,55.88999938964844,55.77000045776367,55.81999969482422,46.43925476074219,16800
2014-08-20,55.72499847412109,55.915000915527344,55.685001373291016,55.71500015258789,46.35191345214844,18200
2014-08-21,55.775001525878906,55.94499969482422,55.775001525878906,55.83000183105469,46.44758987426758,37200
2014-08-22,55.91999816894531,55.91999816894531,55.7400016784668,55.915000915527344,46.51829147338867,21400
2014-08-25,55.97499847412109,55.97499847412109,55.84999847412109,55.94499969482422,46.54325866699219,25600
2014-08-26,56.095001220703125,56.095001220703125,55.935001373291016,55.9900016784668,46.5806999206543,21200
2014-08-27,56.10499954223633,56.119998931884766,56.005001068115234,56.1150016784668,46.68468475341797,47600
2014-08-28,56.20500183105469,56.26499938964844,56.1150016784668,56.220001220703125,46.77203750610352,41600
2014-08-29,56.165000915527344,56.290000915527344,56.165000915527344,56.20500183105469,46.75956726074219,35800
2014-09-02,56.13999938964844,56.13999938964844,55.775001525878906,55.81499862670898,46.56060791015625,42200
2014-09-03,55.7400016784668,55.83000183105469,55.720001220703125,55.81499862670898,46.56060791015625,32000
2014-09-04,55.790000915527344,55.790000915527344,55.619998931884766,55.619998931884766,46.39793395996094,277600
2014-09-05,55.71500015258789,55.79999923706055,55.59000015258789,55.61000061035156,46.38959884643555,25200
2014-09-08,55.650001525878906,55.7599983215332,55.560001373291016,55.630001068115234,46.4062728881836,85000
2014-09-09,55.540000915527344,55.61000061035156,55.47999954223633,55.47999954223633,46.28115081787109,27400
2014-09-10,55.380001068115234,55.42499923706055,55.33000183105469,55.3650016784668,46.18522644042969,26000
2014-09-11,55.39500045776367,55.41999816894531,55.334999084472656,55.334999084472656,46.16019058227539,120000
2014-09-12,55.209999084472656,55.2599983215332,55.13999938964844,55.13999938964844,45.99753189086914,40000
2014-09-15,55.13999938964844,55.18000030517578,55.09999847412109,55.13999938964844,45.99753189086914,36400
2014-09-16,55.23500061035156,55.31499862670898,55.09000015258789,55.09000015258789,45.95582962036133,147800
2014-09-17,55.2400016784668,55.2400016784668,54.97499847412109,55.0099983215332,45.88908386230469,115800
2014-09-18,55.04999923706055,55.09999847412109,55.04499816894531,55.084999084472656,45.95164489746094,62200
2014-09-19,55.1150016784668,55.244998931884766,55.07500076293945,55.2400016784668,46.08094787597656,43800
2014-09-22,55.28499984741211,55.31999969482422,55.25,55.27999877929688,46.11431503295898,417400
2014-09-23,55.30500030517578,55.38999938964844,55.29499816894531,55.380001068115234,46.19772720336914,48800
2014-09-24,55.32500076293945,55.3849983215332,55.27000045776367,55.275001525878906,46.110145568847656,41200
2014-09-25,55.275001525878906,55.44499969482422,55.275001525878906,55.42499923706055,46.23527526855469,45200
2014-09-26,55.275001525878906,55.33000183105469,55.17499923706055,55.32500076293945,46.15184020996094,98800
2014-09-29,55.38999938964844,55.38999938964844,55.31499862670898,55.345001220703125,46.16854476928711,32600
2014-09-30,55.39500045776367,55.41999816894531,55.2599983215332,55.2599983215332,46.097633361816406,141800
2014-10-01,55.56499862670898,55.56499862670898,55.30500030517578,55.42499923706055,46.36236953735352,239600
2014-10-02,55.415000915527344,55.47999954223633,55.380001068115234,55.39500045776367,46.3372917175293,82400
2014-10-03,55.39500045776367,55.54999923706055,55.34000015258789,55.54999923706055,46.46693801879883,119400
2014-10-06,55.5,55.67499923706055,55.5,55.59999847412109,46.50876998901367,28800
2014-10-07,55.65999984741211,55.79999923706055,55.65499877929688,55.7599983215332,46.64259338378906,36600
2014-10-08,55.880001068115234,55.994998931884766,55.650001525878906,55.970001220703125,46.818267822265625,111400
2014-10-09,55.89500045776367,55.959999084472656,55.79999923706055,55.875,46.738807678222656,39200
2014-10-10,55.845001220703125,55.97999954223633,55.845001220703125,55.935001373291016,46.78899002075195,47600
2014-10-13,56.0,56.19499969482422,56.0,56.04499816894531,46.88100051879883,40000
2014-10-14,56.19499969482422,56.19499969482422,56.0099983215332,56.165000915527344,46.981388092041016,45800
2014-10-15,56.58000183105469,56.790000915527344,56.1349983215332,56.1349983215332,46.95627975463867,54200
2014-10-16,56.43999862670898,56.43999862670898,56.040000915527344,56.08000183105469,46.910282135009766,54600
2014-10-17,56.01499938964844,56.16999816894531,56.01499938964844,56.06499862670898,46.89773178100586,100000
2014-10-20,56.25,56.28499984741211,56.125,56.15499877929688,46.97301864624024,43400
2014-10-21,56.119998931884766,56.26499938964844,56.119998931884766,56.17499923706055,46.98973846435547,48000
2014-10-22,56.03499984741211,56.119998931884766,55.9900016784668,56.05500030517578,46.88935852050781,34000
2014-10-23,55.935001373291016,55.994998931884766,55.845001220703125,55.90999984741211,46.7680778503418,21600
2014-10-24,55.93000030517578,56.040000915527344,55.92499923706055,55.95500183105469,46.80570602416992,50400
2014-10-27,55.95500183105469,56.05500030517578,55.95500183105469,56.01499938964844,46.85590362548828,85400
2014-10-28,55.935001373291016,55.970001220703125,55.900001525878906,55.90499877929688,46.76390075683594,34800
2014-10-29,55.86000061035156,55.91999816894531,55.75,55.83000183105469,46.70115661621094,40200
2014-10-30,55.95500183105469,55.97499847412109,55.834999084472656,55.84999847412109,46.71788787841797,20400
2014-10-31,55.875,55.875,55.71500015258789,55.80500030517578,46.68026351928711,109600
2014-11-03,55.51499938964844,55.60499954223633,55.45500183105469,55.560001373291016,46.60308074951172,53800
2014-11-04,55.59999847412109,55.65499877929688,55.470001220703125,55.5,46.55275344848633,109200
2014-11-05,55.52000045776367,55.55500030517578,55.45000076293945,55.47999954223633,46.53597259521485,89400
2014-11-06,55.48500061035156,55.505001068115234,55.334999084472656,55.34000015258789,46.41852569580078,89400
2014-11-07,55.48500061035156,55.625,55.375,55.58000183105469,46.61985778808594,43000
2014-11-10,55.59000015258789,55.59000015258789,55.35499954223633,55.375,46.44789505004883,98200
2014-11-11,55.4900016784668,55.4900016784668,55.35499954223633,55.435001373291016,46.49822616577149,29000
2014-11-12,55.459999084472656,55.58000183105469,55.36000061035156,55.415000915527344,46.48145294189453,67000
2014-11-13,55.41999816894531,55.470001220703125,55.3849983215332,55.3849983215332,46.45629119873047,94800
2014-11-14,55.3849983215332,55.52999877929688,55.31999969482422,55.435001373291016,46.49822616577149,101600
2014-11-17,55.52000045776367,55.53499984741211,55.290000915527344,55.290000915527344,46.37660598754883,21800
2014-11-18,55.375,55.40999984741211,55.32500076293945,55.36000061035156,46.43531036376953,72000
2014-11-19,55.26499938964844,55.345001220703125,55.185001373291016,55.185001373291016,46.288516998291016,27000
2014-11-20,55.45000076293945,55.45500183105469,55.2599983215332,55.334999084472656,46.41434097290039,39800
2014-11-21,55.369998931884766,55.54999923706055,55.32500076293945,55.4900016784668,46.54435729980469,26800
2014-11-24,55.54999923706055,55.55500030517578,55.43999862670898,55.55500030517578,46.59888458251953,34800
2014-11-25,55.709999084472656,55.72999954223633,55.59000015258789,55.68999862670898,46.71211624145508,42000
2014-11-26,55.79499816894531,55.84000015258789,55.72999954223633,55.79999923706055,46.80437469482422,46000
2014-11-28,55.8849983215332,55.95500183105469,55.81499862670898,55.94499969482422,46.926002502441406,19800
2014-12-01,55.81999969482422,55.81999969482422,55.58000183105469,55.625,46.78680419921875,59200
2014-12-02,55.619998931884766,55.619998931884766,55.380001068115234,55.46500015258789,46.652225494384766,85200
2014-12-03,55.400001525878906,55.56499862670898,55.375,55.38999938964844,46.589141845703125,42200
2014-12-04,55.400001525878906,55.54999923706055,55.400001525878906,55.52999877929688,46.706912994384766,26800
2014-12-05,55.51499938964844,55.51499938964844,55.290000915527344,55.415000915527344,46.61018371582031,34600
2014-12-08,55.435001373291016,55.56999969482422,55.369998931884766,55.52999877929688,46.706912994384766,139400
2014-12-09,55.66999816894531,55.685001373291016,55.53499984741211,55.560001373291016,46.73213577270508,36800
2014-12-10,55.59000015258789,55.70000076293945,55.52999877929688,55.65999984741211,46.81624984741211,34600
2014-12-11,55.61000061035156,55.66999816894531,55.52000045776367,55.61000061035156,46.77419662475586,46800
2014-12-12,55.720001220703125,55.845001220703125,55.65499877929688,55.76499938964844,46.90454864501953,52000
2014-12-15,55.65999984741211,55.7599983215332,55.61000061035156,55.68000030517578,46.83307647705078,64200
2014-12-16,55.76499938964844,55.76499938964844,55.560001373291016,55.67499923706055,46.82885360717773,41800
2014-12-17,55.53499984741211,55.86000061035156,55.53499984741211,55.70500183105469,46.85409164428711,90600
2014-12-18,55.69499969482422,55.77000045776367,55.52000045776367,55.70500183105469,46.85409164428711,74400
2014-12-19,55.70500183105469,55.79999923706055,55.56999969482422,55.76499938964844,46.90454864501953,101200
2014-12-22,55.744998931884766,55.900001525878906,55.720001220703125,55.845001220703125,46.97186279296875,42000
2014-12-23,55.845001220703125,55.95000076293945,55.709999084472656,55.709999084472656,46.85829925537109,452600
2014-12-24,55.56499862670898,55.63999938964844,55.38999938964844,55.625,46.94776916503906,28200
2014-12-26,55.57500076293945,55.72499847412109,55.435001373291016,55.65999984741211,46.97731018066406,59400
2014-12-29,55.68000030517578,55.79999923706055,55.68000030517578,55.75,47.053260803222656,240200
2014-12-30,55.81499862670898,55.96500015258789,55.77000045776367,55.77000045776367,47.07014465332031,174800
2014-12-31,55.78499984741211,55.92499923706055,55.7599983215332,55.90499877929688,47.18408203125,92000
2015-01-02,55.84000015258789,56.119998931884766,55.80500030517578,56.04999923706055,47.30646133422852,121200
2015-01-05,56.095001220703125,56.2599983215332,56.08000183105469,56.20000076293945,47.43307113647461,123400
2015-01-06,56.47499847412109,56.52000045776367,56.09999847412109,56.380001068115234,47.58498001098633,71600
2015-01-07,56.36000061035156,56.52000045776367,56.255001068115234,56.43999862670898,47.63563919067383,60400
2015-01-08,56.369998931884766,56.369998931884766,56.19499969482422,56.30500030517578,47.52169036865234,225800
2015-01-09,56.31499862670898,56.5,56.25,56.459999084472656,47.65250015258789,49800
2015-01-12,56.43000030517578,56.58000183105469,56.43000030517578,56.55500030517578,47.73267364501953,32200
2015-01-13,56.46500015258789,56.65999984741211,56.36000061035156,56.61000061035156,47.77909851074219,47400
2015-01-14,56.68999862670898,56.775001525878906,56.61000061035156,56.630001068115234,47.79598617553711,107600
2015-01-15,56.619998931884766,56.97999954223633,56.619998931884766,56.96500015258789,48.078731536865234,52600
2015-01-16,56.81499862670898,56.88999938964844,56.584999084472656,56.619998931884766,47.78755187988281,348000
2015-01-20,56.78499984741211,56.78499984741211,56.68000030517578,56.755001068115234,47.901485443115234,90200
2015-01-21,56.8849983215332,56.8849983215332,56.56999969482422,56.630001068115234,47.79598617553711,266800
2015-01-22,56.775001525878906,56.775001525878906,56.5,56.58000183105469,47.7537841796875,88600
2015-01-23,56.71500015258789,56.915000915527344,56.71500015258789,56.90499877929688,48.02810287475586,42600
2015-01-26,56.900001525878906,56.900001525878906,56.68999862670898,56.875,48.002777099609375,2317200
2015-01-27,57.0,57.125,56.8650016784668,56.875,48.002777099609375,78200
2015-01-28,56.97999954223633,57.31499862670898,56.95000076293945,57.21500015258789,48.28972625732422,95800
2015-01-29,57.209999084472656,57.209999084472656,57.02999877929688,57.09999847412109,48.19267272949219,55200
2015-01-30,57.369998931884766,57.44499969482422,57.275001525878906,57.43999862670898,48.479618072509766,1807600
2015-02-02,57.119998931884766,57.32500076293945,57.0,57.27999877929688,48.45847702026367,146400
2015-02-03,57.1349983215332,57.1349983215332,56.8849983215332,56.92499923706055,48.15815353393555,143400
2015-02-04,56.875,56.994998931884766,56.7599983215332,56.935001373291016,48.166603088378906,95600
2015-02-05,56.915000915527344,56.98500061035156,56.82500076293945,56.935001373291016,48.166603088378906,167800
2015-02-06,56.650001525878906,56.69499969482422,56.43000030517578,56.43000030517578,47.7393913269043,54000
2015-02-09,56.5,56.59000015258789,56.380001068115234,56.380001068115234,47.69709014892578,339000
2015-02-10,56.31999969482422,56.375,56.20500183105469,56.22999954223633,47.57018280029297,111800
2015-02-11,56.29999923706055,56.35499954223633,56.165000915527344,56.275001525878906,47.60825729370117,146200
2015-02-12,56.290000915527344,56.5,56.2599983215332,56.29999923706055,47.62940979003906,770200
2015-02-13,56.31999969482422,56.31999969482422,56.125,56.15499877929688,47.50674057006836,219000
2015-02-17,56.17499923706055,56.17499923706055,55.869998931884766,55.98500061035156,47.36292266845703,97800
2015-02-18,55.97999954223633,56.290000915527344,55.90999984741211,56.13999938964844,47.49406051635742,112000
2015-02-19,56.119998931884766,56.25,56.005001068115234,56.13999938964844,47.49406051635742,61000
2015-02-20,56.27999877929688,56.369998931884766,56.09000015258789,56.16999816894531,47.51942443847656,99800
2015-02-23,56.31499862670898,56.40999984741211,56.27000045776367,56.32500076293945,47.65056228637695,90800
2015-02-24,56.334999084472656,56.70000076293945,56.21500015258789,56.70000076293945,47.967803955078125,111800
2015-02-25,56.54499816894531,56.77000045776367,56.52000045776367,56.744998931884766,48.00586700439453,64600
2015-02-26,56.73500061035156,56.73500061035156,56.43999862670898,56.43999862670898,47.74785232543945,78200
2015-02-27,56.56499862670898,56.64500045776367,56.400001525878906,56.64500045776367,47.92126083374024,184600
2015-03-02,56.46500015258789,56.46500015258789,56.1349983215332,56.17499923706055,47.62665557861328,103800
2015-03-03,56.18999862670898,56.2599983215332,55.93000030517578,56.03499984741211,47.50796127319336,1823400
2015-03-04,56.18000030517578,56.21500015258789,56.01499938964844,56.119998931884766,47.58002853393555,130800
2015-03-05,56.15999984741211,56.16999816894531,56.0,56.040000915527344,47.51219940185547,249800
2015-03-06,55.84999847412109,55.84999847412109,55.56499862670898,55.66999816894531,47.1984977722168,285600
2015-03-09,55.834999084472656,55.834999084472656,55.70500183105469,55.775001525878906,47.28752899169922,380800
2015-03-10,55.90999984741211,56.0,55.78499984741211,55.85499954223633,47.35535430908203,60400
2015-03-11,55.82500076293945,56.10499954223633,55.82500076293945,56.09000015258789,47.55458831787109,45800
2015-03-12,56.220001220703125,56.220001220703125,55.91999816894531,56.025001525878906,47.499473571777344,111600
2015-03-13,55.875,56.0099983215332,55.81499862670898,55.8849983215332,47.38077926635742,45000
2015-03-16,56.04499816894531,56.06499862670898,55.89500045776367,55.959999084472656,47.44437026977539,32600
2015-03-17,56.040000915527344,56.040000915527344,55.90499877929688,55.95000076293945,47.43589401245117,226800
2015-03-18,56.11000061035156,56.560001373291016,55.96500015258789,56.53499984741211,47.93186569213867,123200
2015-03-19,56.470001220703125,56.470001220703125,56.22499847412109,56.244998931884766,47.68600082397461,196400
2015-03-20,56.51499938964844,56.51499938964844,56.310001373291016,56.415000915527344,47.83013534545898,278600
2015-03-23,56.505001068115234,56.505001068115234,56.35499954223633,56.459999084472656,47.86827087402344,161600
2015-03-24,56.619998931884766,56.685001373291016,56.43000030517578,56.66999816894531,48.04632186889648,93600
2015-03-25,56.744998931884766,56.744998931884766,56.4900016784668,56.54999923706055,47.94459915161133,57600
2015-03-26,56.47499847412109,56.47499847412109,56.19499969482422,56.20500183105469,47.65209579467773,94200
2015-03-27,56.3849983215332,56.47999954223633,56.31999969482422,56.38999938964844,47.80894088745117,37800
2015-03-30,56.57500076293945,56.57500076293945,56.42499923706055,56.505001068115234,47.906436920166016,85000
2015-03-31,56.54999923706055,56.685001373291016,56.48500061035156,56.685001373291016,48.059043884277344,583200
2015-04-01,56.665000915527344,56.80500030517578,56.584999084472656,56.68999862670898,48.17759323120117,268400
2015-04-02,56.755001068115234,56.755001068115234,56.540000915527344,56.54999923706055,48.058631896972656,34600
2015-04-06,56.69499969482422,56.80500030517578,56.47999954223633,56.584999084472656,48.08835983276367,246600
2015-04-07,56.58000183105469,56.68000030517578,56.46500015258789,56.67499923706055,48.164852142333984,63400
2015-04-08,56.63999938964844,56.63999938964844,56.47499847412109,56.595001220703125,48.09687805175781,1575800
2015-04-09,56.67499923706055,56.67499923706055,56.45000076293945,56.53499984741211,48.04587936401367,112800
2015-04-10,56.6150016784668,56.68000030517578,56.5099983215332,56.55500030517578,48.062870025634766,45600
2015-04-13,56.55500030517578,56.63999938964844,56.494998931884766,56.56999969482422,48.07562255859375,215600
2015-04-14,56.744998931884766,56.81499862670898,56.6349983215332,56.66999816894531,48.16059875488281,64600
2015-04-15,56.72499847412109,56.810001373291016,56.65999984741211,56.720001220703125,48.20309066772461,344800
2015-04-16,56.7599983215332,56.7599983215332,56.54999923706055,56.65499877929688,48.147857666015625,131000
2015-04-17,56.630001068115234,56.76499938964844,56.51499938964844,56.68999862670898,48.17759323120117,183400
2015-04-20,56.72999954223633,56.75,56.52000045776367,56.619998931884766,48.11811828613281,44000
2015-04-21,56.59999847412109,56.66999816894531,56.53499984741211,56.56499862670898,48.07136154174805,177000
2015-04-22,56.65499877929688,56.65499877929688,56.30500030517578,56.33000183105469,47.87165069580078,46800
2015-04-23,56.35499954223633,56.57500076293945,56.2599983215332,56.45500183105469,47.97788238525391,70600
2015-04-24,56.56499862670898,56.630001068115234,56.5099983215332,56.630001068115234,48.12661743164063,40800
2015-04-27,56.53499984741211,56.650001525878906,56.494998931884766,56.595001220703125,48.09687805175781,199000
2015-04-28,56.44499969482422,56.5099983215332,56.26499938964844,56.290000915527344,47.83767318725586,63400
2015-04-29,56.20000076293945,56.20000076293945,55.88999938964844,56.01499938964844,47.60395050048828,79000
2015-04-30,55.8849983215332,56.04499816894531,55.775001525878906,56.04499816894531,47.62945175170898,53400
2015-05-01,55.790000915527344,55.79499816894531,55.55500030517578,55.64500045776367,47.411739349365234,123400
2015-05-04,55.66999816894531,55.67499923706055,55.494998931884766,55.52000045776367,47.30526351928711,62600
2015-05-05,55.57500076293945,55.57500076293945,55.31999969482422,55.39500045776367,47.19874572753906,63000
2015-05-06,55.290000915527344,55.39500045776367,55.1349983215332,55.23500061035156,47.06241226196289,48800
2015-05-07,55.2599983215332,55.43999862670898,55.255001068115234,55.41999816894531,47.22002410888672,204800
2015-05-08,55.64500045776367,55.720001220703125,55.584999084472656,55.630001068115234,47.39898681640625,39800
2015-05-11,55.47499847412109,55.47499847412109,55.125,55.17499923706055,47.01129150390625,53200
2015-05-12,55.06499862670898,55.21500015258789,54.915000915527344,55.08000183105469,46.93033599853516,50200
2015-05-13,55.26499938964844,55.290000915527344,55.08000183105469,55.119998931884766,46.96442794799805,261800
2015-05-14,55.1150016784668,55.32500076293945,55.1150016784668,55.255001068115234,47.0794677734375,48400
2015-05-15,55.39500045776367,55.59999847412109,55.345001220703125,55.59000015258789,47.36490249633789,42800
2015-05-18,55.52999877929688,55.52999877929688,55.275001525878906,55.334999084472656,47.147605895996094,41000
2015-05-19,55.130001068115234,55.32500076293945,55.05500030517578,55.05500030517578,46.90905380249024,183400
2015-05-20,55.18000030517578,55.22499847412109,55.060001373291016,55.1150016784668,46.96016693115234,98400
2015-05-21,55.15999984741211,55.33000183105469,55.15999984741211,55.310001373291016,47.12631607055664,49600
2015-05-22,55.29499816894531,55.29499816894531,55.17499923706055,55.2400016784668,47.06667709350586,27000
2015-05-26,55.22499847412109,55.46500015258789,55.22499847412109,55.43000030517578,47.22855758666992,239000
2015-05-27,55.43000030517578,55.459999084472656,55.25,55.459999084472656,47.25414276123047,76200
2015-05-28,55.459999084472656,55.459999084472656,55.36000061035156,55.3849983215332,47.19021987915039,48400
2015-05-29,55.5099983215332,55.52999877929688,55.25,55.25,47.07519912719727,307000
2015-06-01,55.22999954223633,55.22999954223633,54.90999984741211,54.96500015258789,46.954734802246094,87200
2015-06-02,54.81499862670898,54.84000015258789,54.63999938964844,54.66999816894531,46.70272064208984,114600
2015-06-03,54.59000015258789,54.72499847412109,54.42499923706055,54.45500183105469,46.5190658569336,92600
2015-06-04,54.59000015258789,54.77000045776367,54.53499984741211,54.63999938964844,46.67711639404297,65600
2015-06-05,54.52000045776367,54.54499816894531,54.30500030517578,54.42499923706055,46.49343490600586,113800
2015-06-08,54.43000030517578,54.52999877929688,54.40499877929688,54.435001373291016,46.50198745727539,98200
2015-06-09,54.44499969482422,54.44499969482422,54.20500183105469,54.2400016784668,46.33540344238281,93800
2015-06-10,54.15499877929688,54.16999816894531,54.03499984741211,54.03499984741211,46.16028594970703,83000
2015-06-11,54.22499847412109,54.459999084472656,54.19499969482422,54.40999984741211,46.48062515258789,71000
2015-06-12,54.400001525878906,54.53499984741211,54.36000061035156,54.3650016784668,46.44219970703125,24200
2015-06-15,54.47499847412109,54.47499847412109,54.29499816894531,54.38999938964844,46.46354293823242,50800
2015-06-16,54.46500015258789,54.4900016784668,54.31999969482422,54.470001220703125,46.53189468383789,42400
2015-06-17,54.47999954223633,54.47999954223633,54.084999084472656,54.41999816894531,46.48916244506836,2657000
2015-06-18,54.345001220703125,54.435001373291016,54.18999862670898,54.310001373291016,46.39519500732422,901000
2015-06-19,54.380001068115234,54.59000015258789,54.380001068115234,54.53499984741211,46.58740997314453,145400
2015-06-22,54.43000030517578,54.51499938964844,54.21500015258789,54.2599983215332,46.35247421264648,80000
2015-06-23,54.150001525878906,54.2599983215332,54.10499954223633,54.130001068115234,46.24143981933594,95600
2015-06-24,54.209999084472656,54.31999969482422,54.1349983215332,54.244998931884766,46.33966445922852,34400
2015-06-25,54.22999954223633,54.25,54.09999847412109,54.15999984741211,46.2670783996582,137600
2015-06-26,54.125,54.125,53.90499877929688,53.935001373291016,46.074851989746094,79200
2015-06-29,54.060001373291016,54.400001525878906,54.060001373291016,54.30500030517578,46.39094161987305,105400
2015-06-30,54.25,54.41999816894531,54.20500183105469,54.28499984741211,46.37384033203125,50400
2015-07-01,54.1349983215332,54.1349983215332,53.93000030517578,53.95500183105469,46.21538162231445,72000
2015-07-02,54.119998931884766,54.17499923706055,54.04999923706055,54.09000015258789,46.33100509643555,42400
2015-07-06,54.42499923706055,54.42499923706055,54.16999816894531,54.28499984741211,46.4980354309082,193000
2015-07-07,54.65999984741211,54.70000076293945,54.43999862670898,54.54999923706055,46.72503662109375,134800
2015-07-08,54.46500015258789,54.63999938964844,54.46500015258789,54.63999938964844,46.8021240234375,59800
2015-07-09,54.45500183105469,54.4900016784668,54.30500030517578,54.30500030517578,46.51519012451172,52800
2015-07-10,54.1349983215332,54.19499969482422,53.97999954223633,54.06999969482422,46.31388854980469,28000
2015-07-13,54.0,54.07500076293945,53.88999938964844,53.970001220703125,46.22822189331055,156800
2015-07-14,54.08000183105469,54.08000183105469,53.97999954223633,54.04499816894531,46.29246520996094,73600
2015-07-15,54.0,54.255001068115234,54.0,54.16999816894531,46.3995361328125,45400
2015-07-16,54.15499877929688,54.275001525878906,54.08000183105469,54.275001525878906,46.48947525024414,60800
2015-07-17,54.255001068115234,54.30500030517578,54.185001373291016,54.28499984741211,46.4980354309082,41200
2015-07-20,54.21500015258789,54.21500015258789,54.09999847412109,54.1150016784668,46.35242462158203,42400
2015-07-21,54.125,54.25,54.06999969482422,54.20500183105469,46.42953109741211,67000
2015-07-22,54.209999084472656,54.34000015258789,54.209999084472656,54.244998931884766,46.46379089355469,30600
2015-07-23,54.22499847412109,54.42499923706055,54.19499969482422,54.3849983215332,46.58367919921875,29400
2015-07-24,54.525001525878906,54.525001525878906,54.334999084472656,54.43000030517578,46.62224960327149,19200
2015-07-27,54.46500015258789,54.54499816894531,54.34000015258789,54.400001525878906,46.5965576171875,647000
2015-07-28,54.33000183105469,54.380001068115234,54.28499984741211,54.34000015258789,46.54515838623047,33400
2015-07-29,54.334999084472656,54.3849983215332,54.27000045776367,54.34000015258789,46.54515838623047,83600
2015-07-30,54.31499862670898,54.47999954223633,54.31499862670898,54.35499954223633,46.55801010131836,120800
2015-07-31,54.5099983215332,54.619998931884766,54.505001068115234,54.59000015258789,46.7592887878418,35200
2015-08-03,54.46500015258789,54.630001068115234,54.45000076293945,54.59999847412109,46.89112091064453,16400
2015-08-04,54.55500030517578,54.55500030517578,54.28499984741211,54.31499862670898,46.6463508605957,45600
2015-08-05,54.22499847412109,54.29999923706055,54.15999984741211,54.165000915527344,46.51753616333008,115000
2015-08-06,54.2400016784668,54.30500030517578,54.209999084472656,54.244998931884766,46.58623123168945,26800
2015-08-07,54.36000061035156,54.47999954223633,54.32500076293945,54.380001068115234,46.702186584472656,222200
2015-08-10,54.30500030517578,54.39500045776367,54.20000076293945,54.22499847412109,46.56905746459961,30800
2015-08-11,54.459999084472656,54.56499862670898,54.400001525878906,54.52000045776367,46.82241821289063,87600
2015-08-12,54.494998931884766,54.595001220703125,54.334999084472656,54.36000061035156,46.68500900268555,45000
2015-08-13,54.290000915527344,54.400001525878906,54.255001068115234,54.27000045776367,46.60771560668945,40000
2015-08-14,54.18999862670898,54.34000015258789,54.18999862670898,54.32500076293945,46.65494918823242,33000
2015-08-17,54.39500045776367,54.5,54.31499862670898,54.35499954223633,46.68072128295898,50400
2015-08-18,54.27000045776367,54.345001220703125,54.185001373291016,54.255001068115234,46.594818115234375,52400
2015-08-19,54.209999084472656,54.45000076293945,54.1150016784668,54.40999984741211,46.72795104980469,56000
2015-08-20,54.435001373291016,54.46500015258789,54.345001220703125,54.43000030517578,46.74513626098633,56600
2015-08-21,54.53499984741211,54.53499984741211,54.380001068115234,54.43999862670898,46.75370788574219,39600
2015-08-24,54.54999923706055,54.90499877929688,54.2400016784668,54.27999877929688,46.61629867553711,98000
2015-08-25,54.25,54.290000915527344,54.01499938964844,54.06499862670898,46.43167495727539,172000
2015-08-26,53.935001373291016,54.06999969482422,53.900001525878906,53.97999954223633,46.358646392822266,62400
2015-08-27,53.915000915527344,54.095001220703125,53.915000915527344,54.02000045776367,46.39300537109375,289200
2015-08-28,54.21500015258789,54.26499938964844,54.025001525878906,54.04499816894531,46.41448211669922,157000
2015-08-31,54.20000076293945,54.20000076293945,53.88999938964844,53.89500045776367,46.28565979003906,51200
2015-09-01,53.93999862670898,53.98500061035156,53.834999084472656,53.95000076293945,46.45919799804688,214400
2015-09-02,53.83000183105469,54.07500076293945,53.83000183105469,53.93999862670898,46.45058059692383,237400
2015-09-03,54.06999969482422,54.22499847412109,53.9900016784668,54.165000915527344,46.644325256347656,333400
2015-09-04,54.220001220703125,54.35499954223633,54.07500076293945,54.244998931884766,46.71321487426758,54200
2015-09-08,54.119998931884766,54.19499969482422,54.02999877929688,54.05500030517578,46.54960250854492,60000
2015-09-09,53.94499969482422,54.22499847412109,53.89500045776367,54.14500045776367,46.62710952758789,64000
2015-09-10,54.040000915527344,54.060001373291016,53.959999084472656,54.040000915527344,46.53668594360352,61400
2015-09-11,54.095001220703125,54.21500015258789,54.0,54.0,46.50224304199219,100800
2015-09-14,54.07500076293945,54.10499954223633,54.005001068115234,54.084999084472656,46.57543563842773,25800
2015-09-15,53.95000076293945,53.95000076293945,53.709999084472656,53.71500015258789,46.25680541992188,32600
2015-09-16,53.7599983215332,53.84999847412109,53.72999954223633,53.77999877929688,46.312782287597656,36400
2015-09-17,53.84000015258789,54.20000076293945,53.81999969482422,54.10499954223633,46.59265899658203,55000
2015-09-18,54.25,54.29499816894531,54.15499877929688,54.244998931884766,46.71321487426758,77000
2015-09-21,54.209999084472656,54.23500061035156,53.97999954223633,54.01499938964844,46.5151481628418,51800
2015-09-22,54.20000076293945,54.27000045776367,54.06999969482422,54.130001068115234,46.61418533325195,135800
2015-09-23,54.19499969482422,54.19499969482422,54.04499816894531,54.119998931884766,46.60558319091797,21800
2015-09-24,54.22499847412109,54.27999877929688,54.119998931884766,54.1349983215332,46.61850357055664,62200
2015-09-25,54.095001220703125,54.1349983215332,53.98500061035156,54.02999877929688,46.528053283691406,55400
2015-09-28,54.08000183105469,54.185001373291016,54.02999877929688,54.16999816894531,46.64862823486328,279000
2015-09-29,54.150001525878906,54.23500061035156,54.1150016784668,54.18000030517578,46.65724182128906,58200
2015-09-30,54.060001373291016,54.2400016784668,54.04999923706055,54.22999954223633,46.70029830932617,285000
2015-10-01,54.040000915527344,54.22499847412109,54.040000915527344,54.06999969482422,46.69036483764648,91800
2015-10-02,54.334999084472656,54.41999816894531,54.290000915527344,54.375,46.953758239746094,101000
2015-10-05,54.334999084472656,54.39500045776367,54.130001068115234,54.39500045776367,46.97102355957031,780600
2015-10-06,54.31999969482422,54.3849983215332,54.28499984741211,54.29499816894531,46.88467025756836,460400
2015-10-07,54.39500045776367,54.459999084472656,54.31499862670898,54.43000030517578,47.00126266479492,252800
2015-10-08,54.32500076293945,54.47999954223633,54.209999084472656,54.34000015258789,46.92352294921875,115000
2015-10-09,54.220001220703125,54.369998931884766,54.220001220703125,54.27999877929688,46.871707916259766,70800
2015-10-12,54.369998931884766,54.5,54.369998931884766,54.45000076293945,47.01850891113281,27600
2015-10-13,54.5,54.5,54.32500076293945,54.415000915527344,46.988277435302734,102400
2015-10-14,54.505001068115234,54.65499877929688,54.45500183105469,54.60499954223633,47.1523551940918,42600
2015-10-15,54.59999847412109,54.630001068115234,54.470001220703125,54.4900016784668,47.05306625366211,32000
2015-10-16,54.51499938964844,54.595001220703125,54.505001068115234,54.505001068115234,47.066009521484375,46800
2015-10-19,54.540000915527344,54.56499862670898,54.380001068115234,54.560001373291016,47.11349105834961,21600
2015-10-20,54.5,54.5,54.375,54.43000030517578,47.00126266479492,29000
2015-10-21,54.53499984741211,54.64500045776367,54.52000045776367,54.584999084472656,47.13508224487305,20200
2015-10-22,54.68000030517578,54.77000045776367,54.56999969482422,54.66999816894531,47.20847702026367,59600
2015-10-23,54.59999847412109,54.65499877929688,54.56999969482422,54.58000183105469,47.13077163696289,96800
2015-10-26,54.70000076293945,54.709999084472656,54.619998931884766,54.665000915527344,47.20417022705078,65000
2015-10-27,54.77000045776367,54.79999923706055,54.63999938964844,54.63999938964844,47.18257141113281,27400
2015-10-28,54.69499969482422,54.69499969482422,54.43999862670898,54.48500061035156,47.048736572265625,63000
2015-10-29,54.400001525878906,54.40999984741211,54.17499923706055,54.18999862670898,46.79398727416992,39600
2015-10-30,54.21500015258789,54.459999084472656,54.21500015258789,54.42499923706055,46.99691390991211,393400
2015-11-02,54.21500015258789,54.22499847412109,54.04999923706055,54.10499954223633,46.84541320800781,84800
2015-11-03,54.15499877929688,54.15499877929688,54.02000045776367,54.095001220703125,46.83674240112305,43200
2015-11-04,54.13999938964844,54.185001373291016,53.89500045776367,53.93000030517578,46.69390106201172,228000
2015-11-05,54.02000045776367,54.084999084472656,53.880001068115234,53.96500015258789,46.72418212890625,80600
2015-11-06,53.73500061035156,53.73500061035156,53.560001373291016,53.64500045776367,46.44712448120117,53000
2015-11-09,53.55500030517578,53.63999938964844,53.45000076293945,53.59000015258789,46.39949417114258,128600
2015-11-10,53.584999084472656,53.78499984741211,53.584999084472656,53.68000030517578,46.47743225097656,50600
2015-11-11,53.810001373291016,53.810001373291016,53.61000061035156,53.709999084472656,46.50342178344727,53800
2015-11-12,53.72999954223633,53.81999969482422,53.63999938964844,53.63999938964844,46.44278717041016,36000
2015-11-13,53.66999816894531,53.86000061035156,53.66999816894531,53.81499862670898,46.59431457519531,17000
2015-11-16,53.82500076293945,53.85499954223633,53.73500061035156,53.75,46.53803634643555,101400
2015-11-17,53.65999984741211,53.92499923706055,53.65999984741211,53.81999969482422,46.59865188598633,68400
2015-11-18,53.81999969482422,53.915000915527344,53.744998931884766,53.82500076293945,46.602970123291016,146400
2015-11-19,54.10499954223633,54.10499954223633,53.900001525878906,53.96500015258789,46.72418212890625,52000
2015-11-20,54.04999923706055,54.04999923706055,53.85499954223633,53.94499969482422,46.70686340332031,19600
2015-11-23,53.8849983215332,53.97999954223633,53.84999847412109,53.93999862670898,46.70255279541016,49800
2015-11-24,54.0099983215332,54.06499862670898,53.93999862670898,54.03499984741211,46.78478240966797,79400
2015-11-25,54.040000915527344,54.11000061035156,53.97999954223633,54.04999923706055,46.797794342041016,29400
2015-11-27,54.1349983215332,54.1349983215332,54.04999923706055,54.06499862670898,46.81076049804688,18800
2015-11-30,54.02000045776367,54.11000061035156,54.0099983215332,54.06499862670898,46.81076049804688,314000
2015-12-01,54.005001068115234,54.22499847412109,53.84999847412109,54.22499847412109,47.07466506958008,152000
2015-12-02,54.06999969482422,54.2400016784668,54.040000915527344,54.22499847412109,47.07466506958008,152400
2015-12-03,53.97499847412109,53.97499847412109,53.584999084472656,53.68999862670898,46.610233306884766,89600
2015-12-04,53.880001068115234,53.970001220703125,53.72999954223633,53.81499862670898,46.7187385559082,304600
2015-12-07,53.84000015258789,54.08000183105469,53.84000015258789,53.95500183105469,46.84028625488281,86800
2015-12-08,53.970001220703125,54.09000015258789,53.845001220703125,53.875,46.77082824707031,61000
2015-12-09,53.790000915527344,54.02000045776367,53.790000915527344,53.94499969482422,46.83160400390625,87400
2015-12-10,53.98500061035156,54.005001068115234,53.85499954223633,53.85499954223633,46.75348281860352,221200
2015-12-11,54.025001525878906,54.084999084472656,53.875,54.03499984741211,46.90973663330078,101200
2015-12-14,53.8849983215332,53.93999862670898,53.650001525878906,53.7400016784668,46.65363693237305,66600
2015-12-15,53.59999847412109,53.755001068115234,53.4900016784668,53.4900016784668,46.43659973144531,461600
2015-12-16,53.595001220703125,53.595001220703125,53.380001068115234,53.42499923706055,46.38017654418945,125000
2015-12-17,53.55500030517578,53.70500183105469,53.45000076293945,53.63999938964844,46.56681823730469,67200
2015-12-18,53.650001525878906,53.75,53.55500030517578,53.665000915527344,46.58853149414063,61200
2015-12-21,53.7400016784668,53.790000915527344,53.6349983215332,53.71500015258789,46.631935119628906,44800
2015-12-22,53.63999938964844,53.685001373291016,53.525001525878906,53.54499816894531,46.48434448242188,384400
2015-12-23,53.5099983215332,53.59000015258789,53.45500183105469,53.58000183105469,46.51474380493164,77000
2015-12-24,53.400001525878906,53.5,53.39500045776367,53.459999084472656,46.562625885009766,53800
2015-12-28,53.45000076293945,53.54999923706055,53.400001525878906,53.47499847412109,46.57569122314453,30400
2015-12-29,53.51499938964844,53.51499938964844,53.20500183105469,53.27999877929688,46.405853271484375,177800
2015-12-30,53.17499923706055,53.32500076293945,53.165000915527344,53.27000045776367,46.39714813232422,68000
2015-12-31,53.32500076293945,53.40499877929688,53.31499862670898,53.35499954223633,46.47119903564453,60800
2016-01-04,53.415000915527344,53.45000076293945,53.29499816894531,53.34000015258789,46.4581184387207,76400
2016-01-05,53.345001220703125,53.4900016784668,53.34000015258789,53.39500045776367,46.50602722167969,59200
2016-01-06,53.5099983215332,53.56499862670898,53.435001373291016,53.45000076293945,46.55394744873047,248400
2016-01-07,53.45500183105469,53.5099983215332,53.34000015258789,53.5099983215332,46.606178283691406,57600
2016-01-08,53.47499847412109,53.60499954223633,53.42499923706055,53.584999084472656,46.6715202331543,93800
2016-01-11,53.44499969482422,53.540000915527344,53.415000915527344,53.43000030517578,46.5365104675293,38200
2016-01-12,53.47999954223633,53.560001373291016,53.345001220703125,53.345001220703125,46.46247100830078,314200
2016-01-13,53.25,53.56999969482422,53.084999084472656,53.52000045776367,46.614933013916016,81200
2016-01-14,53.47499847412109,53.48500061035156,53.23500061035156,53.2599983215332,46.38845443725586,141000
2016-01-15,53.42499923706055,53.60499954223633,53.18999862670898,53.255001068115234,46.384090423583984,63400
2016-01-19,53.33000183105469,53.44499969482422,53.185001373291016,53.21500015258789,46.3492431640625,303000
2016-01-20,53.369998931884766,53.57500076293945,53.17499923706055,53.18999862670898,46.32748031616211,149200
2016-01-21,53.084999084472656,53.2599983215332,53.02000045776367,53.04999923706055,46.20553588867188,137400
2016-01-22,52.900001525878906,53.26499938964844,52.900001525878906,53.1150016784668,46.26216506958008,120400
2016-01-25,53.31999969482422,53.31999969482422,53.1150016784668,53.119998931884766,46.26652145385742,401400
2016-01-26,53.29999923706055,53.334999084472656,53.20500183105469,53.290000915527344,46.4145736694336,41000
2016-01-27,53.18999862670898,53.244998931884766,53.125,53.22999954223633,46.3623275756836,34200
2016-01-28,53.23500061035156,53.3849983215332,53.23500061035156,53.31499862670898,46.43634414672852,155400
2016-01-29,53.55500030517578,53.55500030517578,53.40499877929688,53.46500015258789,46.56698989868164,149400
2016-02-01,53.470001220703125,53.470001220703125,53.1349983215332,53.220001220703125,46.47138977050781,151600
2016-02-02,53.3849983215332,53.415000915527344,53.2599983215332,53.34999847412109,46.58488464355469,81600
2016-02-03,53.42499923706055,53.505001068115234,53.22999954223633,53.22999954223633,46.48011779785156,254800
2016-02-04,53.369998931884766,53.375,53.255001068115234,53.31999969482422,46.558692932128906,172200
2016-02-05,53.31999969482422,53.4900016784668,53.18000030517578,53.27999877929688,46.52376937866211,56200
2016-02-08,53.48500061035156,53.59999847412109,53.375,53.59000015258789,46.79446029663086,25800
2016-02-09,53.51499938964844,53.59000015258789,53.43999862670898,53.44499969482422,46.6678352355957,85800
2016-02-10,53.525001525878906,53.59000015258789,53.48500061035156,53.52999877929688,46.74207305908203,23200
2016-02-11,53.69499969482422,53.790000915527344,53.52999877929688,53.65499877929688,46.85121536254883,70600
2016-02-12,53.41999816894531,53.57500076293945,53.375,53.494998931884766,46.71150207519531,122400
2016-02-16,53.34999847412109,53.415000915527344,53.2599983215332,53.30500030517578,46.54560852050781,51400
2016-02-17,53.2599983215332,53.34999847412109,53.165000915527344,53.34999847412109,46.58488464355469,69600
2016-02-18,53.40499877929688,53.595001220703125,53.3849983215332,53.595001220703125,46.79882049560547,79600
2016-02-19,53.459999084472656,53.56499862670898,53.44499969482422,53.505001068115234,46.72024154663086,42000
2016-02-22,53.65999984741211,53.65999984741211,53.494998931884766,53.59999847412109,46.803199768066406,42200
2016-02-23,53.54499816894531,53.7599983215332,53.470001220703125,53.66999816894531,46.86431503295898,92800
2016-02-24,53.81999969482422,53.869998931884766,53.66999816894531,53.70000076293945,46.89052581787109,67200
2016-02-25,53.63999938964844,53.86000061035156,53.63999938964844,53.81999969482422,46.995304107666016,2169800
2016-02-26,53.70000076293945,53.81999969482422,53.68999862670898,53.81999969482422,46.995304107666016,23000
2016-02-29,53.72499847412109,53.92499923706055,53.69499969482422,53.81999969482422,46.995304107666016,46600
2016-03-01,53.685001373291016,53.834999084472656,53.45000076293945,53.52999877929688,46.87052917480469,248400
2016-03-02,53.459999084472656,53.650001525878906,53.400001525878906,53.619998931884766,46.9493408203125,257000
2016-03-03,53.66999816894531,53.880001068115234,53.65499877929688,53.880001068115234,47.17698287963867,103600
2016-03-04,53.79499816894531,53.86000061035156,53.68000030517578,53.84999847412109,47.15071105957031,53600
2016-03-07,53.78499984741211,53.88999938964844,53.744998931884766,53.88999938964844,47.185733795166016,85000
2016-03-08,54.2599983215332,54.2599983215332,54.0099983215332,54.0099983215332,47.290809631347656,301200
2016-03-09,54.02999877929688,54.09999847412109,53.96500015258789,53.98500061035156,47.26891708374024,679000
2016-03-10,54.084999084472656,54.185001373291016,53.8650016784668,53.9900016784668,47.27331161499024,86000
2016-03-11,54.08000183105469,54.1349983215332,53.994998931884766,54.04499816894531,47.32146072387695,50800
2016-03-14,54.05500030517578,54.16999816894531,53.98500061035156,54.150001525878906,47.41339111328125,105400
2016-03-15,54.22499847412109,54.23500061035156,54.084999084472656,54.14500045776367,47.40901947021485,109200
2016-03-16,54.130001068115234,54.400001525878906,54.060001373291016,54.400001525878906,47.632301330566406,140400
2016-03-17,54.3650016784668,54.625,54.3650016784668,54.47999954223633,47.702335357666016,48200
2016-03-18,54.54999923706055,54.665000915527344,54.54999923706055,54.619998931884766,47.82491683959961,53200
2016-03-21,54.540000915527344,54.71500015258789,54.540000915527344,54.58000183105469,47.789886474609375,35800
2016-03-22,54.630001068115234,54.630001068115234,54.40999984741211,54.470001220703125,47.6935920715332,57800
2016-03-23,54.61000061035156,54.75,54.53499984741211,54.720001220703125,47.912479400634766,72800
2016-03-24,54.82500076293945,54.83000183105469,54.65499877929688,54.70500183105469,47.89933776855469,29200
2016-03-28,54.72499847412109,54.83000183105469,54.69499969482422,54.720001220703125,47.912479400634766,174000
2016-03-29,54.79999923706055,55.0,54.744998931884766,54.9900016784668,48.14889526367188,254600
2016-03-30,54.86000061035156,55.0,54.86000061035156,54.93000030517578,48.09635543823242,62800
2016-03-31,54.970001220703125,55.22499847412109,54.915000915527344,55.150001525878906,48.28897857666016,270600
2016-04-01,55.04999923706055,55.130001068115234,54.8650016784668,55.095001220703125,48.37019729614258,89800
2016-04-04,55.11000061035156,55.17499923706055,55.05500030517578,55.11000061035156,48.38335800170898,216000
2016-04-05,55.310001373291016,55.34000015258789,55.18999862670898,55.31499862670898,48.56333923339844,868400
2016-04-06,55.28499984741211,55.31999969482422,55.22999954223633,55.310001373291016,48.558963775634766,316200
2016-04-07,55.459999084472656,55.48500061035156,55.369998931884766,55.41999816894531,48.655521392822266,397600
2016-04-08,55.43000030517578,55.43999862670898,55.310001373291016,55.310001373291016,48.558963775634766,193000
2016-04-11,55.29999923706055,55.369998931884766,55.19499969482422,55.34000015258789,48.58528137207031,73800
2016-04-12,55.27000045776367,55.27000045776367,55.165000915527344,55.185001373291016,48.44921112060547,114200
2016-04-13,55.255001068115234,55.34999847412109,55.22999954223633,55.32500076293945,48.57212448120117,100800
2016-04-14,55.380001068115234,55.380001068115234,55.244998931884766,55.310001373291016,48.558963775634766,41400
2016-04-15,55.36000061035156,55.52999877929688,55.30500030517578,55.525001525878906,48.74771118164063,138000
2016-04-18,55.43999862670898,55.52999877929688,55.2400016784668,55.48500061035156,48.712589263916016,92000
2016-04-19,55.45500183105469,55.65499877929688,55.45500183105469,55.630001068115234,48.83988952636719,56200
2016-04-20,55.68999862670898,55.83000183105469,55.470001220703125,55.494998931884766,48.72138214111328,244600
2016-04-21,55.35499954223633,55.494998931884766,55.30500030517578,55.494998931884766,48.72138214111328,29400
2016-04-22,55.560001373291016,55.56999969482422,55.48500061035156,55.540000915527344,48.76087951660156,247400
2016-04-25,55.44499969482422,55.540000915527344,55.375,55.3849983215332,48.62479782104492,38000
2016-04-26,55.43999862670898,55.44499969482422,55.33000183105469,55.345001220703125,48.58968734741211,95600
2016-04-27,55.40999984741211,55.650001525878906,55.39500045776367,55.6349983215332,48.844276428222656,41600
2016-04-28,55.470001220703125,55.685001373291016,55.470001220703125,55.56999969482422,48.78721237182617,382400
2016-04-29,55.60499954223633,55.69499969482422,55.494998931884766,55.69499969482422,48.89695358276367,44800
2016-05-02,55.540000915527344,55.560001373291016,55.41999816894531,55.4900016784668,48.84370040893555,83200
2016-05-03,55.65999984741211,55.665000915527344,55.56499862670898,55.61000061035156,48.9493293762207,92600
2016-05-04,55.60499954223633,55.65999984741211,55.540000915527344,55.619998931884766,48.9581413269043,89800
2016-05-05,55.650001525878906,55.72999954223633,55.540000915527344,55.69499969482422,49.024147033691406,68200
2016-05-06,55.65999984741211,55.70000076293945,55.595001220703125,55.630001068115234,48.96693420410156,318200
2016-05-09,55.67499923706055,55.72999954223633,55.59999847412109,55.68999862670898,49.01974868774414,120200
2016-05-10,55.71500015258789,55.72999954223633,55.665000915527344,55.71500015258789,49.04176330566406,145000
2016-05-11,55.71500015258789,55.8849983215332,55.650001525878906,55.650001525878906,48.98454284667969,588200
2016-05-12,55.6349983215332,55.709999084472656,55.58000183105469,55.6150016784668,48.9537467956543,130400
2016-05-13,55.685001373291016,55.77999877929688,55.59999847412109,55.73500061035156,49.059356689453125,45600
2016-05-16,55.70000076293945,55.70000076293945,55.595001220703125,55.595001220703125,48.93613052368164,50000
2016-05-17,55.64500045776367,55.720001220703125,55.54999923706055,55.57500076293945,48.91852188110352,91200
2016-05-18,55.48500061035156,55.494998931884766,55.17499923706055,55.25,48.632469177246094,190400
2016-05-19,55.30500030517578,55.400001525878906,55.25,55.3849983215332,48.75128173828125,57000
2016-05-20,55.345001220703125,55.45500183105469,55.29999923706055,55.334999084472656,48.70724868774414,144400
2016-05-23,55.34000015258789,55.39500045776367,55.25,55.29499816894531,48.67205810546875,188800
2016-05-24,55.369998931884766,55.38999938964844,55.244998931884766,55.29499816894531,48.67205810546875,145800
2016-05-25,55.380001068115234,55.39500045776367,55.255001068115234,55.31999969482422,48.69406509399414,65600
2016-05-26,55.3849983215332,55.505001068115234,55.369998931884766,55.459999084472656,48.81731033325195,70400
2016-05-27,55.525001525878906,55.525001525878906,55.34999847412109,55.435001373291016,48.7952995300293,23600
2016-05-31,55.2400016784668,55.5,55.2400016784668,55.45000076293945,48.80849456787109,108800
2016-06-01,55.31999969482422,55.415000915527344,55.255001068115234,55.375,48.86983108520508,88400
2016-06-02,55.290000915527344,55.53499984741211,55.290000915527344,55.48500061035156,48.9669075012207,89000
2016-06-03,55.880001068115234,55.880001068115234,55.720001220703125,55.77999877929688,49.22724533081055,119400
2016-06-06,55.72499847412109,55.82500076293945,55.71500015258789,55.755001068115234,49.20519256591797,34000
2016-06-07,55.834999084472656,55.93999862670898,55.79499816894531,55.834999084472656,49.27580261230469,40800
2016-06-08,55.880001068115234,55.9900016784668,55.84999847412109,55.869998931884766,49.30668640136719,367200
2016-06-09,56.0,56.03499984741211,55.90999984741211,55.90999984741211,49.341983795166016,35400
2016-06-10,56.01499938964844,56.15999984741211,55.95500183105469,56.02999877929688,49.4478759765625,50400
2016-06-13,56.02000045776367,56.07500076293945,55.994998931884766,56.025001525878906,49.443477630615234,62400
2016-06-14,56.220001220703125,56.220001220703125,55.89500045776367,55.89500045776367,49.32875061035156,53000
2016-06-15,55.97999954223633,56.165000915527344,55.97999954223633,56.09000015258789,49.50083160400391,36800
2016-06-16,56.0099983215332,56.25,56.0099983215332,56.1349983215332,49.54054641723633,64800
2016-06-17,56.08000183105469,56.13999938964844,56.005001068115234,56.03499984741211,49.45230102539063,38600
2016-06-20,56.04999923706055,56.06999969482422,55.94499969482422,55.94499969482422,49.37287521362305,232600
2016-06-21,55.93999862670898,56.040000915527344,55.85499954223633,55.90999984741211,49.341983795166016,173200
2016-06-22,55.93000030517578,56.01499938964844,55.84000015258789,55.970001220703125,49.39493179321289,46200
2016-06-23,55.810001373291016,55.94499969482422,55.810001373291016,55.875,49.31108856201172,57400
2016-06-24,56.34999847412109,56.34999847412109,56.125,56.15999984741211,49.5626106262207,108600
2016-06-27,56.400001525878906,56.525001525878906,56.345001220703125,56.41999816894531,49.79207992553711,96600
2016-06-28,56.55500030517578,56.630001068115234,56.48500061035156,56.6150016784668,49.96417236328125,66000
2016-06-29,56.650001525878906,56.73500061035156,56.505001068115234,56.525001525878906,49.88473892211914,131000
2016-06-30,56.65999984741211,56.80500030517578,56.59999847412109,56.67499923706055,50.017120361328125,52000
2016-07-01,56.79499816894531,56.845001220703125,56.619998931884766,56.79499816894531,50.25070571899414,229800
2016-07-05,56.77999877929688,57.10499954223633,56.77999877929688,57.04499816894531,50.47188568115234,186400
2016-07-06,57.5,57.5,56.95500183105469,57.084999084472656,50.50727844238281,55000
2016-07-07,57.08000183105469,57.18999862670898,56.834999084472656,57.11000061035156,50.52939987182617,56400
2016-07-08,57.09999847412109,57.39500045776367,57.09999847412109,57.34000015258789,50.73291015625,30200
2016-07-11,57.19499969482422,57.400001525878906,56.994998931884766,57.310001373291016,50.70636367797852,346000
2016-07-12,57.095001220703125,57.15499877929688,56.95500183105469,57.06499862670898,50.48957824707031,106400
2016-07-13,57.130001068115234,57.25,57.09999847412109,57.20500183105469,50.61345672607422,137600
2016-07-14,56.80500030517578,57.1150016784668,56.80500030517578,57.01499938964844,50.44534683227539,294600
2016-07-15,56.93999862670898,56.97999954223633,56.709999084472656,56.73500061035156,50.19760513305664,115000
2016-07-18,56.82500076293945,56.89500045776367,56.63999938964844,56.790000915527344,50.24627304077149,79800
2016-07-19,56.84999847412109,56.959999084472656,56.775001525878906,56.90999984741211,50.35245132446289,93200
2016-07-20,56.76499938964844,56.88999938964844,56.744998931884766,56.82500076293945,50.2772216796875,84600
2016-07-21,56.80500030517578,56.95500183105469,56.70000076293945,56.92499923706055,50.3657112121582,58600
2016-07-22,56.77999877929688,57.04499816894531,56.77999877929688,56.90999984741211,50.35245132446289,52600
2016-07-25,56.96500015258789,57.02000045776367,56.88999938964844,56.915000915527344,50.35687255859375,38200
2016-07-26,57.04499816894531,57.04499816894531,56.83000183105469,56.90499877929688,50.3480224609375,52400
2016-07-27,56.9900016784668,57.13999938964844,56.94499969482422,57.13999938964844,50.55595016479492,51800
2016-07-28,57.084999084472656,57.13999938964844,56.97999954223633,57.06499862670898,50.48957824707031,520400
2016-07-29,57.13999938964844,57.23500061035156,57.09000015258789,57.14500045776367,50.56037139892578,155200
2016-08-01,56.82500076293945,56.95000076293945,56.7599983215332,56.790000915527344,50.373653411865234,45000
2016-08-02,56.68999862670898,56.73500061035156,56.54999923706055,56.63999938964844,50.2406005859375,49400
2016-08-03,56.709999084472656,56.72499847412109,56.505001068115234,56.595001220703125,50.20068740844727,180600
2016-08-04,56.72999954223633,56.959999084472656,56.72999954223633,56.8650016784668,50.440185546875,27400
2016-08-05,56.89500045776367,56.89500045776367,56.63999938964844,56.63999938964844,50.2406005859375,52200
2016-08-08,56.70500183105469,56.775001525878906,56.59000015258789,56.64500045776367,50.24503326416016,59000
2016-08-09,56.685001373291016,56.915000915527344,56.685001373291016,56.90999984741211,50.4801025390625,62400
2016-08-10,56.9900016784668,57.119998931884766,56.92499923706055,57.04999923706055,50.60426712036133,163000
2016-08-11,57.09000015258789,57.09000015258789,56.84000015258789,56.91999816894531,50.48896789550781,51800
2016-08-12,57.130001068115234,57.22499847412109,57.0,57.09999847412109,50.64862823486328,71000
2016-08-15,57.0,57.08000183105469,56.91999816894531,57.02999877929688,50.5865478515625,44600
2016-08-16,57.03499984741211,57.03499984741211,56.880001068115234,56.880001068115234,50.45348358154297,66600
2016-08-17,56.98500061035156,57.10499954223633,56.91999816894531,57.02000045776367,50.57766342163086,38400
2016-08-18,57.02000045776367,57.20500183105469,57.01499938964844,57.17499923706055,50.71515655517578,57600
2016-08-19,57.02999877929688,57.1150016784668,56.93999862670898,57.0,50.5599250793457,88600
2016-08-22,57.18000030517578,57.209999084472656,57.084999084472656,57.18999862670898,50.728458404541016,59800
2016-08-23,57.19499969482422,57.29499816894531,57.185001373291016,57.20500183105469,50.74176406860352,62400
2016-08-24,57.30500030517578,57.30500030517578,57.15499877929688,57.185001373291016,50.724029541015625,233200
2016-08-25,57.130001068115234,57.25,57.1150016784668,57.150001525878906,50.69298553466797,31600
2016-08-26,57.22499847412109,57.375,56.96500015258789,56.994998931884766,50.55549621582031,61000
2016-08-29,57.16999816894531,57.310001373291016,57.13999938964844,57.27999877929688,50.80828475952149,33200
2016-08-30,57.220001220703125,57.28499984741211,57.14500045776367,57.220001220703125,50.75507354736328,50200
2016-08-31,57.22999954223633,57.244998931884766,57.1150016784668,57.165000915527344,50.70628356933594,61200
2016-09-01,56.95000076293945,57.119998931884766,56.900001525878906,57.04999923706055,50.7320671081543,32000
2016-09-02,57.025001525878906,57.04499816894531,56.834999084472656,56.96500015258789,50.65648651123047,42400
2016-09-06,56.970001220703125,57.165000915527344,56.93000030517578,57.084999084472656,50.76319122314453,304200
2016-09-07,57.11000061035156,57.185001373291016,57.07500076293945,57.084999084472656,50.76319122314453,43400
2016-09-08,57.04999923706055,57.08000183105469,56.75,56.81999969482422,50.52754211425781,50000
2016-09-09,56.625,56.625,56.40499877929688,56.48500061035156,50.22964859008789,73600
2016-09-12,56.38999938964844,56.54499816894531,56.32500076293945,56.470001220703125,50.21628952026367,58400
2016-09-13,56.400001525878906,56.47999954223633,56.095001220703125,56.29999923706055,50.06513595581055,199400
2016-09-14,56.2599983215332,56.400001525878906,56.255001068115234,56.28499984741211,50.05179977416992,300000
2016-09-15,56.275001525878906,56.35499954223633,56.220001220703125,56.345001220703125,50.10515213012695,43600
2016-09-16,56.35499954223633,56.40999984741211,56.28499984741211,56.34000015258789,50.1007080078125,38200
2016-09-19,56.3849983215332,56.46500015258789,56.334999084472656,56.34000015258789,50.1007080078125,29000
2016-09-20,56.435001373291016,56.56999969482422,56.40999984741211,56.41999816894531,50.17184066772461,105200
2016-09-21,56.380001068115234,56.650001525878906,56.35499954223633,56.58000183105469,50.31411743164063,72400
2016-09-22,56.70500183105469,56.90499877929688,56.70500183105469,56.84000015258789,50.54532623291016,76600
2016-09-23,56.775001525878906,56.869998931884766,56.744998931884766,56.834999084472656,50.5408821105957,2987000
2016-09-26,56.8849983215332,56.93999862670898,56.810001373291016,56.93000030517578,50.6253662109375,138400
2016-09-27,56.96500015258789,57.02999877929688,56.88999938964844,56.970001220703125,50.660926818847656,146400
2016-09-28,57.06499862670898,57.07500076293945,56.92499923706055,57.02999877929688,50.71428680419922,359400
2016-09-29,56.959999084472656,57.040000915527344,56.93000030517578,56.9900016784668,50.67871856689453,392000
2016-09-30,56.97499847412109,57.03499984741211,56.834999084472656,56.90499877929688,50.60313034057617,59200
2016-10-03,56.775001525878906,56.810001373291016,56.619998931884766,56.67499923706055,50.52779769897461,280200
2016-10-04,56.540000915527344,56.64500045776367,56.41999816894531,56.45500183105469,50.331661224365234,138800
2016-10-05,56.459999084472656,56.48500061035156,56.33000183105469,56.39500045776367,50.27816390991211,192600
2016-10-06,56.345001220703125,56.46500015258789,56.29999923706055,56.42499923706055,50.30489730834961,142000
2016-10-07,56.48500061035156,56.51499938964844,56.31499862670898,56.45000076293945,50.32719802856445,198200
2016-10-10,56.43999862670898,56.470001220703125,56.290000915527344,56.45500183105469,50.331661224365234,64600
2016-10-11,56.369998931884766,56.435001373291016,56.27000045776367,56.29999923706055,50.193458557128906,354600
2016-10-12,56.34000015258789,56.40499877929688,56.22999954223633,56.36000061035156,50.24697494506836,217600
2016-10-13,56.40499877929688,56.525001525878906,56.38999938964844,56.45000076293945,50.32719802856445,38600
2016-10-14,56.369998931884766,56.494998931884766,56.29499816894531,56.32500076293945,50.21575927734375,123400
2016-10-17,56.44499969482422,56.459999084472656,56.369998931884766,56.369998931884766,50.25587844848633,46200
2016-10-18,56.30500030517578,56.525001525878906,56.30500030517578,56.5099983215332,50.38069534301758,96200
2016-10-19,56.470001220703125,56.63999938964844,56.470001220703125,56.6349983215332,50.49212265014648,117800
2016-10-20,56.6349983215332,56.665000915527344,56.525001525878906,56.540000915527344,50.40742874145508,159000
2016-10-21,56.63999938964844,56.63999938964844,56.52999877929688,56.59999847412109,50.4609375,97800
2016-10-24,56.55500030517578,56.665000915527344,56.43999862670898,56.525001525878906,50.394073486328125,70800
2016-10-25,56.47499847412109,56.58000183105469,56.45000076293945,56.47499847412109,50.34947967529297,111600
2016-10-26,56.43999862670898,56.43999862670898,56.30500030517578,56.375,50.26033020019531,66600
2016-10-27,56.255001068115234,56.255001068115234,56.02999877929688,56.150001525878906,50.05974197387695,54600
2016-10-28,56.084999084472656,56.15999984741211,56.02999877929688,56.09000015258789,50.0062370300293,53200
2016-10-31,56.125,56.21500015258789,56.084999084472656,56.150001525878906,50.05974197387695,230000
2016-11-01,55.875,55.994998931884766,55.810001373291016,55.91999816894531,49.97838973999024,92000
2016-11-02,56.040000915527344,56.06499862670898,55.900001525878906,56.0099983215332,50.05884552001953,115600
2016-11-03,55.81999969482422,55.959999084472656,55.81999969482422,55.93000030517578,49.98736190795898,137000
2016-11-04,55.92499923706055,56.10499954223633,55.92499923706055,56.04999923706055,50.09461212158203,377200
2016-11-07,55.994998931884766,56.03499984741211,55.89500045776367,56.025001525878906,50.0722541809082,230800
2016-11-08,56.130001068115234,56.130001068115234,55.84999847412109,55.880001068115234,49.94266128540039,85200
2016-11-09,55.45000076293945,55.6150016784668,55.15499877929688,55.21500015258789,49.34830474853516,87200
2016-11-10,55.1349983215332,55.275001525878906,55.02000045776367,55.02000045776367,49.17403411865234,78600
2016-11-11,55.01499938964844,55.01499938964844,54.77999877929688,54.79499816894531,48.972930908203125,78600
2016-11-14,54.3650016784668,54.75,54.3650016784668,54.54999923706055,48.75397872924805,446400
2016-11-15,54.709999084472656,54.88999938964844,54.685001373291016,54.81499862670898,48.99080657958984,236000
2016-11-16,54.70000076293945,54.95000076293945,54.67499923706055,54.810001373291016,48.98635482788086,185800
2016-11-17,54.81499862670898,54.8849983215332,54.61000061035156,54.6349983215332,48.82993698120117,199600
2016-11-18,54.69499969482422,54.720001220703125,54.345001220703125,54.39500045776367,48.61544418334961,992000
2016-11-21,54.5,54.57500076293945,54.40999984741211,54.45000076293945,48.66459655761719,61400
2016-11-22,54.61000061035156,54.61000061035156,54.45000076293945,54.505001068115234,48.7137451171875,88200
2016-11-23,54.32500076293945,54.45000076293945,54.16999816894531,54.3650016784668,48.58863067626953,184400
2016-11-25,54.43999862670898,54.44499969482422,54.275001525878906,54.44499969482422,48.66012573242188,34400
2016-11-28,54.44499969482422,54.60499954223633,54.44499969482422,54.52999877929688,48.73611068725586,844400
2016-11-29,54.54999923706055,54.66999816894531,54.45500183105469,54.59000015258789,48.78973007202149,80800
2016-11-30,54.5,54.5099983215332,54.310001373291016,54.43999862670898,48.65565872192383,124000
2016-12-01,54.13999938964844,54.165000915527344,53.92499923706055,54.06999969482422,48.45088958740234,165000
2016-12-02,54.27999877929688,54.369998931884766,54.20500183105469,54.2400016784668,48.60324096679688,106200
2016-12-05,54.26499938964844,54.47499847412109,54.08000183105469,54.34999847412109,48.70180130004883,221200
2016-12-06,54.41999816894531,54.41999816894531,54.25,54.345001220703125,48.69733047485352,108800
2016-12-07,54.52000045776367,54.665000915527344,54.40499877929688,54.52999877929688,48.86310577392578,90600
2016-12-08,54.369998931884766,54.5,54.29999923706055,54.40999984741211,48.75557708740234,116400
2016-12-09,54.41999816894531,54.43000030517578,54.125,54.16999816894531,48.54050827026367,80400
2016-12-12,54.08000183105469,54.275001525878906,54.07500076293945,54.275001525878906,48.63462066650391,1291000
2016-12-13,54.28499984741211,54.3650016784668,54.150001525878906,54.29499816894531,48.65251541137695,282400
2016-12-14,54.47999954223633,54.54999923706055,54.06999969482422,54.084999084472656,48.464351654052734,157000
2016-12-15,54.165000915527344,54.18000030517578,53.96500015258789,53.97999954223633,48.37026596069336,159000
2016-12-16,54.06999969482422,54.20000076293945,53.97999954223633,54.01499938964844,48.4016227722168,165200
2016-12-19,54.26499938964844,54.334999084472656,54.13999938964844,54.25,48.61220550537109,189200
2016-12-20,54.14500045776367,54.25,54.1150016784668,54.21500015258789,48.58084487915039,132200
2016-12-21,54.18000030517578,54.380001068115234,54.18000030517578,54.36000061035156,48.71077728271485,94600
2016-12-22,54.19499969482422,54.29499816894531,54.10499954223633,54.209999084472656,48.6963996887207,84200
2016-12-23,54.22999954223633,54.34000015258789,54.209999084472656,54.28499984741211,48.763763427734375,74600
2016-12-27,54.1349983215332,54.22999954223633,54.1349983215332,54.185001373291016,48.6739387512207,115200
2016-12-28,54.20500183105469,54.43000030517578,54.15999984741211,54.27000045776367,48.75028991699219,92000
2016-12-29,54.400001525878906,54.55500030517578,54.35499954223633,54.525001525878906,48.97936630249024,87600
2016-12-30,54.38999938964844,54.66999816894531,54.38999938964844,54.61000061035156,49.05570983886719,149200
2017-01-03,54.415000915527344,54.685001373291016,54.32500076293945,54.65499877929688,49.09612655639648,194400
2017-01-04,54.709999084472656,54.790000915527344,54.630001068115234,54.775001525878906,49.20391845703125,160000
2017-01-05,54.80500030517578,55.095001220703125,54.70000076293945,55.060001373291016,49.45994186401367,223800
2017-01-06,54.90499877929688,54.94499969482422,54.72999954223633,54.845001220703125,49.266822814941406,130200
2017-01-09,54.8849983215332,54.994998931884766,54.86000061035156,54.90999984741211,49.3251953125,172600
2017-01-10,54.875,54.97499847412109,54.84999847412109,54.84999847412109,49.27130126953125,199400
2017-01-11,54.95000076293945,55.08000183105469,54.81999969482422,54.90999984741211,49.3251953125,294200
2017-01-12,55.1150016784668,55.16999816894531,54.90499877929688,55.0099983215332,49.41502380371094,91400
2017-01-13,54.834999084472656,54.94499969482422,54.775001525878906,54.85499954223633,49.27579116821289,144800
2017-01-17,55.14500045776367,55.14500045776367,54.915000915527344,55.06999969482422,49.46892929077149,158200
2017-01-18,54.89500045776367,54.97999954223633,54.70500183105469,54.775001525878906,49.20391845703125,484600
2017-01-19,54.70000076293945,54.744998931884766,54.55500030517578,54.55500030517578,49.00631332397461,453400
2017-01-20,54.65499877929688,54.69499969482422,54.459999084472656,54.665000915527344,49.10512161254883,287600
2017-01-23,54.72499847412109,54.92499923706055,54.685001373291016,54.76499938964844,49.194942474365234,235600
2017-01-24,54.73500061035156,54.82500076293945,54.650001525878906,54.68999862670898,49.127567291259766,75800
2017-01-25,54.66999816894531,54.685001373291016,54.45500183105469,54.54999923706055,49.00181579589844,92400
2017-01-26,54.56999969482422,54.61000061035156,54.41999816894531,54.57500076293945,49.02427291870117,76600
2017-01-27,54.63999938964844,54.68000030517578,54.52000045776367,54.584999084472656,49.03324508666992,152400
2017-01-30,54.70000076293945,54.72499847412109,54.53499984741211,54.56499862670898,49.01529693603516,71800
2017-01-31,54.650001525878906,54.744998931884766,54.619998931884766,54.630001068115234,49.07367706298828,141600
2017-02-01,54.51499938964844,54.595001220703125,54.375,54.584999084472656,49.16059494018555,81000
2017-02-02,54.6349983215332,54.65499877929688,54.45500183105469,54.53499984741211,49.11556625366211,103000
2017-02-03,54.630001068115234,54.70000076293945,54.435001373291016,54.52000045776367,49.102046966552734,63600
2017-02-06,54.59999847412109,54.72499847412109,54.47499847412109,54.6349983215332,49.20561981201172,75800
2017-02-07,54.744998931884766,54.85499954223633,54.63999938964844,54.72499847412109,49.28668212890625,112000
2017-02-08,54.85499954223633,55.01499938964844,54.834999084472656,55.0,49.53434753417969,118000
2017-02-09,54.97999954223633,54.97999954223633,54.70000076293945,54.71500015258789,49.27766799926758,66800
2017-02-10,54.630001068115234,54.8650016784668,54.6150016784668,54.7599983215332,49.31818771362305,112000
2017-02-13,54.77999877929688,54.834999084472656,54.71500015258789,54.790000915527344,49.34521865844727,185600
2017-02-14,54.79499816894531,54.79499816894531,54.57500076293945,54.60499954223633,49.17859649658203,156800
2017-02-15,54.494998931884766,54.630001068115234,54.41999816894531,54.494998931884766,49.07953643798828,260600
2017-02-16,54.60499954223633,54.77000045776367,54.525001525878906,54.7599983215332,49.31818771362305,710800
2017-02-17,54.8650016784668,54.915000915527344,54.68999862670898,54.709999084472656,49.27317428588867,154400
2017-02-21,54.744998931884766,54.86000061035156,54.63999938964844,54.810001373291016,49.36323165893555,108000
2017-02-22,54.83000183105469,54.935001373291016,54.75,54.92499923706055,49.46680450439453,160400
2017-02-23,54.875,55.0099983215332,54.834999084472656,54.97499847412109,49.511837005615234,172000
2017-02-24,55.005001068115234,55.220001220703125,55.0,55.14500045776367,49.664947509765625,126400
2017-02-27,55.119998931884766,55.255001068115234,55.09000015258789,55.09999847412109,49.62441635131836,3327800
2017-02-28,55.16999816894531,55.220001220703125,55.06999969482422,55.09999847412109,49.62441635131836,175600
2017-03-01,54.709999084472656,54.775001525878906,54.650001525878906,54.72499847412109,49.416282653808594,199800
2017-03-02,54.6150016784668,54.709999084472656,54.59000015258789,54.70500183105469,49.39820861816406,205600
2017-03-03,54.70000076293945,54.709999084472656,54.59000015258789,54.70500183105469,49.39820861816406,275600
2017-03-06,54.70000076293945,54.70000076293945,54.59999847412109,54.6150016784668,49.31694030761719,120800
2017-03-07,54.57500076293945,54.595001220703125,54.43000030517578,54.459999084472656,49.17697143554688,238000
2017-03-08,54.369998931884766,54.400001525878906,54.2400016784668,54.33000183105469,49.05960464477539,125600
2017-03-09,54.21500015258789,54.21500015258789,54.09000015258789,54.1349983215332,48.88350296020508,201800
2017-03-10,54.09999847412109,54.21500015258789,54.04499816894531,54.17499923706055,48.91963195800781,196600
2017-03-13,54.04499816894531,54.20000076293945,54.04499816894531,54.119998931884766,48.869964599609375,133400
2017-03-14,54.11000061035156,54.165000915527344,54.01499938964844,54.119998931884766,48.869964599609375,158000
2017-03-15,54.04499816894531,54.4900016784668,54.04499816894531,54.44499969482422,49.16343688964844,164400
2017-03-16,54.470001220703125,54.5,54.34000015258789,54.41999816894531,49.14086151123047,864400
2017-03-17,54.46500015258789,54.54499816894531,54.35499954223633,54.52000045776367,49.23115539550781,82000
2017-03-20,54.560001373291016,54.64500045776367,54.5,54.58000183105469,49.28533935546875,90400
2017-03-21,54.584999084472656,54.77999877929688,54.584999084472656,54.68999862670898,49.3846549987793,391800
2017-03-22,54.77000045776367,54.8849983215332,54.7400016784668,54.86000061035156,49.538177490234375,188600
2017-03-23,54.915000915527344,54.915000915527344,54.75,54.810001373291016,49.49302673339844,84000
2017-03-24,54.72999954223633,54.95000076293945,54.72999954223633,54.8650016784668,49.54269409179688,78800
2017-03-27,55.0,55.025001525878906,54.89500045776367,54.93999862670898,49.61041259765625,135000
2017-03-28,54.94499969482422,55.02999877929688,54.84000015258789,54.915000915527344,49.587833404541016,84000
2017-03-29,54.970001220703125,55.04999923706055,54.869998931884766,54.96500015258789,49.63299560546875,98200
2017-03-30,54.970001220703125,55.01499938964844,54.8849983215332,54.8849983215332,49.56075668334961,73000
2017-03-31,54.8650016784668,54.97499847412109,54.8650016784668,54.95500183105469,49.62395477294922,91000
2017-04-03,54.81999969482422,55.02999877929688,54.775001525878906,54.97999954223633,49.77379608154297,281600
2017-04-04,55.04999923706055,55.04999923706055,54.91999816894531,54.91999816894531,49.7194709777832,130800
2017-04-05,54.92499923706055,55.060001373291016,54.89500045776367,54.93000030517578,49.7285270690918,273600
2017-04-06,55.025001525878906,55.04499816894531,54.90499877929688,55.040000915527344,49.82809829711914,124400
2017-04-07,55.095001220703125,55.10499954223633,54.90499877929688,54.90499877929688,49.70589447021485,87600
2017-04-10,55.040000915527344,55.040000915527344,54.935001373291016,55.005001068115234,49.796424865722656,79200
2017-04-11,55.11000061035156,55.22499847412109,55.03499984741211,55.220001220703125,49.99106597900391,135200
2017-04-12,55.220001220703125,55.380001068115234,55.18999862670898,55.33000183105469,50.09064483642578,73000
2017-04-13,55.26499938964844,55.44499969482422,55.26499938964844,55.40999984741211,50.16306686401367,88600
2017-04-17,55.34999847412109,55.44499969482422,55.34000015258789,55.3650016784668,50.12234115600586,90000
2017-04-18,55.36000061035156,55.63999938964844,55.345001220703125,55.59999847412109,50.33507537841797,139000
2017-04-19,55.59999847412109,55.59999847412109,55.45000076293945,55.52000045776367,50.26265335083008,257600
2017-04-20,55.41999816894531,55.459999084472656,55.34999847412109,55.45000076293945,50.19928359985352,70800
2017-04-21,55.43999862670898,55.5099983215332,55.39500045776367,55.42499923706055,50.176639556884766,108000
2017-04-24,55.31999969482422,55.380001068115234,55.30500030517578,55.369998931884766,50.12685775756836,95800
2017-04-25,55.31999969482422,55.31999969482422,55.1349983215332,55.165000915527344,49.94128036499024,151000
2017-04-26,55.130001068115234,55.27999877929688,55.084999084472656,55.275001525878906,50.04085540771485,133400
2017-04-27,55.27000045776367,55.345001220703125,55.17499923706055,55.310001373291016,50.07254409790039,89000
2017-04-28,55.275001525878906,55.3849983215332,55.20000076293945,55.36000061035156,50.1178092956543,49800
2017-05-01,55.119998931884766,55.23500061035156,55.040000915527344,55.119998931884766,50.02886199951172,109000
2017-05-02,55.07500076293945,55.26499938964844,55.03499984741211,55.185001373291016,50.08786010742188,125800
2017-05-03,55.29999923706055,55.30500030517578,55.165000915527344,55.220001220703125,50.119625091552734,141400
2017-05-04,55.15999984741211,55.15999984741211,55.03499984741211,55.09000015258789,50.00162887573242,134000
2017-05-05,55.130001068115234,55.14500045776367,55.02999877929688,55.07500076293945,49.98801040649414,101000
2017-05-08,55.03499984741211,55.09000015258789,54.94499969482422,55.025001525878906,49.942626953125,117000
2017-05-09,55.025001525878906,55.05500030517578,54.915000915527344,55.02000045776367,49.9380989074707,1262000
2017-05-10,55.09000015258789,55.150001525878906,54.994998931884766,55.0099983215332,49.92901611328125,100400
2017-05-11,54.94499969482422,55.13999938964844,54.94499969482422,55.095001220703125,50.00617218017578,83200
2017-05-12,55.209999084472656,55.3650016784668,55.20500183105469,55.27999877929688,50.174072265625,109400
2017-05-15,55.345001220703125,55.35499954223633,55.255001068115234,55.34999847412109,50.23761749267578,58000
2017-05-16,55.47499847412109,55.47499847412109,55.29499816894531,55.3849983215332,50.26937103271485,63200
2017-05-17,55.435001373291016,55.70000076293945,55.435001373291016,55.665000915527344,50.52351379394531,58600
2017-05-18,55.72999954223633,55.72999954223633,55.57500076293945,55.619998931884766,50.482669830322266,73200
2017-05-19,55.630001068115234,55.67499923706055,55.54499816894531,55.66999816894531,50.52804946899414,66600
2017-05-22,55.584999084472656,55.6349983215332,55.57500076293945,55.6150016784668,50.47813415527344,96000
2017-05-23,55.70000076293945,55.70500183105469,55.470001220703125,55.525001525878906,50.39645004272461,83200
2017-05-24,55.435001373291016,55.64500045776367,55.435001373291016,55.54999923706055,50.41915130615234,72800
2017-05-25,55.73500061035156,55.73500061035156,55.53499984741211,55.625,50.487213134765625,62800
2017-05-26,55.64500045776367,55.685001373291016,55.55500030517578,55.685001373291016,50.54167556762695,64200
2017-05-30,55.68999862670898,55.744998931884766,55.65999984741211,55.7400016784668,50.591583251953125,63000
2017-05-31,55.64500045776367,55.82500076293945,55.64500045776367,55.79999923706055,50.64605331420898,64800
2017-06-01,55.57500076293945,55.69499969482422,55.51499938964844,55.69499969482422,50.67744827270508,223800
2017-06-02,55.72499847412109,55.90499877929688,55.72499847412109,55.86000061035156,50.82757568359375,119200
2017-06-05,55.82500076293945,55.834999084472656,55.72999954223633,55.73500061035156,50.713829040527344,83400
2017-06-06,55.845001220703125,55.98500061035156,55.845001220703125,55.91999816894531,50.88216781616211,88000
2017-06-07,55.8849983215332,55.95500183105469,55.77999877929688,55.790000915527344,50.76388168334961,83200
2017-06-08,55.80500030517578,55.84000015258789,55.68000030517578,55.790000915527344,50.76388168334961,359200
2017-06-09,55.630001068115234,55.79999923706055,55.630001068115234,55.755001068115234,50.732032775878906,62800
2017-06-12,55.70000076293945,55.82500076293945,55.67499923706055,55.73500061035156,50.713829040527344,57600
2017-06-13,55.68000030517578,55.78499984741211,55.68000030517578,55.7599983215332,50.73658752441406,79200
2017-06-14,55.97999954223633,56.14500045776367,55.97999954223633,56.04999923706055,51.00045776367188,209400
2017-06-15,55.959999084472656,56.03499984741211,55.91999816894531,55.94499969482422,50.90491485595703,222000
2017-06-16,56.02000045776367,56.06999969482422,55.93999862670898,56.04499816894531,50.99589920043945,63600
2017-06-19,56.0,56.0,55.900001525878906,55.93999862670898,50.90036392211914,72800
2017-06-20,55.97499847412109,56.07500076293945,55.93999862670898,56.040000915527344,50.991355895996094,82800
2017-06-21,56.040000915527344,56.084999084472656,56.0,56.06499862670898,51.01409912109375,103400
2017-06-22,56.130001068115234,56.150001525878906,56.03499984741211,56.1150016784668,51.05958938598633,81600
2017-06-23,56.09999847412109,56.18000030517578,56.040000915527344,56.119998931884766,51.064151763916016,87400
2017-06-26,56.209999084472656,56.25,56.150001525878906,56.17499923706055,51.11418914794922,149800
2017-06-27,56.11000061035156,56.150001525878906,55.970001220703125,55.97499847412109,50.93220520019531,214000
2017-06-28,55.994998931884766,56.02999877929688,55.89500045776367,55.98500061035156,50.94132232666016,110400
2017-06-29,55.85499954223633,55.915000915527344,55.82500076293945,55.83000183105469,50.80027389526367,267000
2017-06-30,55.85499954223633,55.900001525878906,55.810001373291016,55.84000015258789,50.80937576293945,236800
2017-07-03,55.68999862670898,55.70500183105469,55.51499938964844,55.54499816894531,50.67026519775391,60200
2017-07-05,55.54999923706055,55.665000915527344,55.54999923706055,55.60499954223633,50.72499465942383,111000
2017-07-06,55.470001220703125,55.56499862670898,55.470001220703125,55.56499862670898,50.68850326538086,80400
2017-07-07,55.435001373291016,55.54499816894531,55.38999938964844,55.505001068115234,50.63377380371094,75800
2017-07-10,55.505001068115234,55.59999847412109,55.47499847412109,55.56499862670898,50.68850326538086,63600
2017-07-11,55.56499862670898,55.619998931884766,55.48500061035156,55.584999084472656,50.70675277709961,81800
2017-07-12,55.7400016784668,55.81499862670898,55.71500015258789,55.775001525878906,50.88007736206055,138800
2017-07-13,55.7599983215332,55.76499938964844,55.63999938964844,55.720001220703125,50.82990646362305,127800
2017-07-14,55.81499862670898,55.880001068115234,55.720001220703125,55.79999923706055,50.90288543701172,190600
2017-07-17,55.81999969482422,55.935001373291016,55.7400016784668,55.81999969482422,50.92112350463867,187400
2017-07-18,55.875,56.03499984741211,55.875,55.97499847412109,51.06250762939453,78600
2017-07-19,56.01499938964844,56.09999847412109,56.0,56.05500030517578,51.13549423217773,71400
2017-07-20,56.1150016784668,56.20000076293945,56.04499816894531,56.11000061035156,51.1856689453125,1211000
2017-07-21,56.150001525878906,56.2599983215332,56.150001525878906,56.15999984741211,51.23129653930664,48800
2017-07-24,56.125,56.21500015258789,56.095001220703125,56.1150016784668,51.19023513793945,78400
2017-07-25,56.05500030517578,56.05500030517578,55.880001068115234,55.93000030517578,51.02146530151367,79000
2017-07-26,55.84000015258789,56.06499862670898,55.84000015258789,56.025001525878906,51.1081428527832,96600
2017-07-27,55.95500183105469,56.01499938964844,55.90499877929688,55.9900016784668,51.076210021972656,71200
2017-07-28,55.959999084472656,56.08000183105469,55.93000030517578,56.07500076293945,51.15374374389648,100400
2017-07-31,56.005001068115234,56.095001220703125,55.97999954223633,56.084999084472656,51.162872314453125,58800
2017-08-01,55.869998931884766,56.09000015258789,55.869998931884766,56.04499816894531,51.25614547729492,82400
2017-08-02,56.0,56.119998931884766,56.0,56.06499862670898,51.274444580078125,102800
2017-08-03,56.09999847412109,56.165000915527344,56.05500030517578,56.13999938964844,51.34304428100586,133200
2017-08-04,56.02000045776367,56.02000045776367,55.90499877929688,55.94499969482422,51.16469955444336,89200
2017-08-07,55.959999084472656,56.0,55.92499923706055,55.97999954223633,51.19671630859375,96600
2017-08-08,55.95000076293945,55.95000076293945,55.80500030517578,55.84999847412109,51.07780838012695,138400
2017-08-09,55.97999954223633,55.97999954223633,55.8650016784668,55.89500045776367,51.11896133422852,65800
2017-08-10,55.915000915527344,55.935001373291016,55.79999923706055,55.91999816894531,51.14184188842773,103200
2017-08-11,55.8650016784668,55.959999084472656,55.81999969482422,55.95500183105469,51.17384338378906,66200
2017-08-14,55.93999862670898,55.96500015258789,55.875,55.93000030517578,51.15097427368164,83200
2017-08-15,55.79499816894531,55.869998931884766,55.78499984741211,55.86000061035156,51.08696746826172,64200
2017-08-16,55.845001220703125,56.04499816894531,55.810001373291016,55.9900016784668,51.20585632324219,66400
2017-08-17,55.915000915527344,56.05500030517578,55.915000915527344,56.04499816894531,51.25614547729492,78600
2017-08-18,56.119998931884766,56.1349983215332,55.9900016784668,56.05500030517578,51.26529312133789,61400
2017-08-21,56.03499984741211,56.125,56.03499984741211,56.09999847412109,51.30644607543945,67200
2017-08-22,56.1150016784668,56.125,56.03499984741211,56.04499816894531,51.25614547729492,386600
2017-08-23,56.13999938964844,56.19499969482422,56.09999847412109,56.16999816894531,51.37046813964844,118000
2017-08-24,56.07500076293945,56.15499877929688,56.07500076293945,56.084999084472656,51.29273986816406,131200
2017-08-25,56.150001525878906,56.25,56.130001068115234,56.22499847412109,51.4207763671875,64600
2017-08-28,56.209999084472656,56.27000045776367,56.125,56.255001068115234,51.448219299316406,160600
2017-08-29,56.334999084472656,56.369998931884766,56.209999084472656,56.255001068115234,51.448219299316406,108000
2017-08-30,56.22499847412109,56.31499862670898,56.22499847412109,56.31499862670898,51.50307846069336,75600
2017-08-31,56.34999847412109,56.43000030517578,56.290000915527344,56.3849983215332,51.56710433959961,98200
2017-09-01,56.244998931884766,56.244998931884766,56.06999969482422,56.15499877929688,51.48688125610352,76000
2017-09-05,56.18999862670898,56.40499877929688,56.18999862670898,56.35499954223633,51.67024993896485,294800
2017-09-06,56.375,56.38999938964844,56.165000915527344,56.22999954223633,51.555641174316406,339800
2017-09-07,56.290000915527344,56.46500015258789,56.290000915527344,56.415000915527344,51.72526550292969,76600
2017-09-08,56.3849983215332,56.3849983215332,56.255001068115234,56.34000015258789,51.656494140625,92200
2017-09-11,56.244998931884766,56.25,56.1349983215332,56.18999862670898,51.51896667480469,69600
2017-09-12,56.05500030517578,56.119998931884766,56.040000915527344,56.07500076293945,51.41352844238281,88400
2017-09-13,56.04499816894531,56.095001220703125,56.025001525878906,56.040000915527344,51.38144302368164,193400
2017-09-14,56.0,56.09000015258789,55.93999862670898,56.04499816894531,51.386024475097656,374600
2017-09-15,56.04499816894531,56.125,56.0,56.1150016784668,51.45020294189453,80400
2017-09-18,56.09999847412109,56.09999847412109,55.98500061035156,56.084999084472656,51.42269515991211,81800
2017-09-19,56.04999923706055,56.08000183105469,55.9900016784668,56.060001373291016,51.399784088134766,109600
2017-09-20,56.095001220703125,56.10499954223633,55.90499877929688,56.0099983215332,51.35391998291016,95400
2017-09-21,55.994998931884766,56.10499954223633,55.96500015258789,56.0,51.344764709472656,142400
2017-09-22,56.01499938964844,56.130001068115234,55.9900016784668,56.08000183105469,51.418113708496094,227400
2017-09-25,56.119998931884766,56.21500015258789,56.084999084472656,56.209999084472656,51.53730010986328,87000
2017-09-26,56.19499969482422,56.22499847412109,56.1150016784668,56.209999084472656,51.53730010986328,70800
2017-09-27,56.0,56.04499816894531,55.94499969482422,56.01499938964844,51.35851287841797,90200
2017-09-28,55.96500015258789,56.09999847412109,55.94499969482422,56.06499862670898,51.40435028076172,106400
2017-09-29,56.09000015258789,56.14500045776367,56.04499816894531,56.1150016784668,51.45020294189453,208600
2017-10-02,56.02999877929688,56.02999877929688,55.90499877929688,55.93999862670898,51.42124938964844,96400
2017-10-03,55.959999084472656,56.040000915527344,55.95000076293945,56.040000915527344,51.51317596435547,170600
2017-10-04,56.06999969482422,56.08000183105469,55.959999084472656,56.06999969482422,51.54074096679688,146400
2017-10-05,56.02999877929688,56.02999877929688,55.959999084472656,56.0,51.47640228271485,371800
2017-10-06,55.845001220703125,55.97499847412109,55.76499938964844,55.8849983215332,51.37068557739258,121400
2017-10-09,55.89500045776367,55.994998931884766,55.89500045776367,55.97499847412109,51.45341110229492,107400
2017-10-10,55.9900016784668,56.09999847412109,55.9900016784668,56.005001068115234,51.480995178222656,50200
2017-10-11,56.03499984741211,56.03499984741211,55.970001220703125,56.0099983215332,51.4855842590332,52000
2017-10-12,56.02000045776367,56.07500076293945,56.0,56.06499862670898,51.5361442565918,107600
2017-10-13,56.19499969482422,56.25,56.1349983215332,56.220001220703125,51.67862701416016,143400
2017-10-16,56.18000030517578,56.21500015258789,56.11000061035156,56.185001373291016,51.646461486816406,116600
2017-10-17,56.1150016784668,56.19499969482422,56.10499954223633,56.165000915527344,51.62807083129883,178600
2017-10-18,56.084999084472656,56.09999847412109,56.025001525878906,56.084999084472656,51.554534912109375,89800
2017-10-19,56.18000030517578,56.209999084472656,56.060001373291016,56.125,51.591304779052734,169400
2017-10-20,56.005001068115234,56.03499984741211,55.95500183105469,56.0,51.47640228271485,70400
2017-10-23,56.04499816894531,56.08000183105469,56.02000045776367,56.02000045776367,51.49478912353516,60800
2017-10-24,55.935001373291016,56.0,55.90499877929688,55.95500183105469,51.43504333496094,93000
2017-10-25,55.81999969482422,55.869998931884766,55.76499938964844,55.84999847412109,51.33851623535156,109200
2017-10-26,55.869998931884766,55.900001525878906,55.79999923706055,55.845001220703125,51.33391952514648,92800
2017-10-27,55.89500045776367,55.98500061035156,55.875,55.97999954223633,51.45802307128906,57800
2017-10-30,56.08000183105469,56.125,56.040000915527344,56.1150016784668,51.58211135864258,80400
2017-10-31,56.125,56.125,55.9900016784668,55.994998931884766,51.471805572509766,1160200
2017-11-01,55.915000915527344,55.994998931884766,55.86000061035156,55.92499923706055,51.53861618041992,97000
2017-11-02,55.97999954223633,56.005001068115234,55.92499923706055,55.93000030517578,51.5432243347168,1452000
2017-11-03,56.0099983215332,56.025001525878906,55.915000915527344,55.98500061035156,51.59391403198242,118200
2017-11-06,56.040000915527344,56.07500076293945,55.98500061035156,56.025001525878906,51.630767822265625,99200
2017-11-07,55.9900016784668,56.025001525878906,55.959999084472656,55.96500015258789,51.57548141479492,201200
2017-11-08,55.994998931884766,56.01499938964844,55.93999862670898,55.96500015258789,51.57548141479492,70600
2017-11-09,55.83000183105469,55.900001525878906,55.81499862670898,55.8650016784668,51.48332977294922,83600
2017-11-10,55.665000915527344,55.68999862670898,55.57500076293945,55.6150016784668,51.25293350219727,38200
2017-11-13,55.685001373291016,55.685001373291016,55.59000015258789,55.61000061035156,51.24832534790039,162800
2017-11-14,55.6150016784668,55.66999816894531,55.584999084472656,55.64500045776367,51.28057861328125,100200
2017-11-15,55.650001525878906,55.79499816894531,55.61000061035156,55.77999877929688,51.40499496459961,47200
2017-11-16,55.755001068115234,55.80500030517578,55.70500183105469,55.70500183105469,51.335880279541016,71600
2017-11-17,55.810001373291016,55.845001220703125,55.7599983215332,55.81999969482422,51.441856384277344,155000
2017-11-20,55.755001068115234,55.81499862670898,55.73500061035156,55.810001373291016,51.4326400756836,101000
2017-11-21,55.90499877929688,55.959999084472656,55.83000183105469,55.88999938964844,51.5063705444336,111800
2017-11-22,55.93999862670898,56.095001220703125,55.93999862670898,56.06999969482422,51.6722412109375,117400
2017-11-24,56.07500076293945,56.07500076293945,56.005001068115234,56.01499938964844,51.6215705871582,70800
2017-11-27,56.02000045776367,56.04999923706055,55.959999084472656,56.01499938964844,51.6215705871582,59400
2017-11-28,56.08000183105469,56.09999847412109,56.025001525878906,56.02999877929688,51.6353759765625,148600
2017-11-29,55.89500045776367,55.915000915527344,55.79499816894531,55.89500045776367,51.5109748840332,69200
2017-11-30,55.90499877929688,55.93000030517578,55.744998931884766,55.810001373291016,51.4326400756836,115400
2017-12-01,55.78499984741211,56.03499984741211,55.72499847412109,55.90999984741211,51.65715408325195,265400
2017-12-04,55.83000183105469,55.8849983215332,55.79999923706055,55.86000061035156,51.610965728759766,93400
2017-12-05,55.8650016784668,56.0,55.8650016784668,56.0,51.74031066894531,435200
2017-12-06,56.084999084472656,56.1349983215332,56.02999877929688,56.05500030517578,51.791133880615234,112800
2017-12-07,56.095001220703125,56.1150016784668,55.92499923706055,55.97999954223633,51.72182846069336,98800
2017-12-08,55.91999816894531,55.96500015258789,55.89500045776367,55.96500015258789,51.70797729492188,140000
2017-12-11,56.0,56.025001525878906,55.91999816894531,55.92499923706055,51.6710090637207,82600
2017-12-12,55.869998931884766,55.92499923706055,55.84999847412109,55.91999816894531,51.66638946533203,96200
2017-12-13,56.025001525878906,56.14500045776367,55.994998931884766,56.13999938964844,51.869667053222656,65800
2017-12-14,56.095001220703125,56.185001373291016,56.02000045776367,56.165000915527344,51.89275741577149,73800
2017-12-15,56.16999816894531,56.22999954223633,56.130001068115234,56.21500015258789,51.938961029052734,128400
2017-12-18,56.20500183105469,56.20500183105469,56.060001373291016,56.09999847412109,51.83269500732422,180600
2017-12-19,55.959999084472656,55.959999084472656,55.81499862670898,55.875,51.62481689453125,111200
2017-12-20,55.73500061035156,55.81999969482422,55.685001373291016,55.70500183105469,51.46775817871094,78600
2017-12-21,55.59999847412109,55.720001220703125,55.59999847412109,55.69499969482422,51.57934188842773,96600
2017-12-22,55.720001220703125,55.72499847412109,55.65499877929688,55.720001220703125,51.60250473022461,101600
2017-12-26,55.70000076293945,55.810001373291016,55.70000076293945,55.77999877929688,51.6580696105957,53800
2017-12-27,55.82500076293945,56.03499984741211,55.82500076293945,56.02000045776367,51.88032531738281,115000
2017-12-28,56.01499938964844,56.02000045776367,55.93999862670898,56.0,51.86180114746094,100200
2017-12-29,55.97999954223633,56.09000015258789,55.97999954223633,56.01499938964844,51.87569808959961,98200
2018-01-02,55.93999862670898,55.93999862670898,55.72499847412109,55.845001220703125,51.71825408935547,152600
2018-01-03,55.89500045776367,55.91999816894531,55.80500030517578,55.88999938964844,51.75993347167969,129400
2018-01-04,55.810001373291016,55.91999816894531,55.790000915527344,55.91999816894531,51.7877197265625,118200
2018-01-05,55.875,55.92499923706055,55.81499862670898,55.8650016784668,51.73678207397461,136800
2018-01-08,55.91999816894531,55.93999862670898,55.81999969482422,55.8650016784668,51.73678207397461,225200
2018-01-09,55.810001373291016,55.810001373291016,55.650001525878906,55.66999816894531,51.55618667602539,354200
2018-01-10,55.54999923706055,55.7400016784668,55.53499984741211,55.68999862670898,51.5747184753418,125600
2018-01-11,55.709999084472656,55.845001220703125,55.68000030517578,55.79499816894531,51.67195129394531,100200
2018-01-12,55.73500061035156,55.8650016784668,55.68999862670898,55.845001220703125,51.71825408935547,86800
2018-01-16,55.92499923706055,55.92499923706055,55.790000915527344,55.8650016784668,51.73678207397461,221800
2018-01-17,55.8650016784668,55.8650016784668,55.7400016784668,55.75,51.63028335571289,133400
2018-01-18,55.59000015258789,55.665000915527344,55.52000045776367,55.58000183105469,51.472843170166016,1341000
2018-01-19,55.470001220703125,55.5,55.415000915527344,55.435001373291016,51.33855819702149,102200
2018-01-22,55.47999954223633,55.52000045776367,55.400001525878906,55.415000915527344,51.32003402709961,154200
2018-01-23,55.47999954223633,55.595001220703125,55.46500015258789,55.57500076293945,51.46821594238281,100000
2018-01-24,55.44499969482422,55.525001525878906,55.41999816894531,55.505001068115234,51.40339279174805,127600
2018-01-25,55.470001220703125,55.70000076293945,55.45500183105469,55.68000030517578,51.56545639038086,145600
2018-01-26,55.69499969482422,55.69499969482422,55.55500030517578,55.63999938964844,51.52840805053711,100200
2018-01-29,55.52000045776367,55.53499984741211,55.400001525878906,55.5099983215332,51.408016204833984,120400
2018-01-30,55.46500015258789,55.46500015258789,55.31999969482422,55.369998931884766,51.27836608886719,94400
2018-01-31,55.46500015258789,55.51499938964844,55.369998931884766,55.494998931884766,51.39412689208984,100000
2018-02-01,55.38999938964844,55.38999938964844,55.1150016784668,55.1150016784668,51.16806411743164,106000
2018-02-02,54.97499847412109,55.03499984741211,54.86000061035156,54.92499923706055,50.99166488647461,161600
2018-02-05,54.834999084472656,55.17499923706055,54.79999923706055,55.09000015258789,51.14485168457031,192000
2018-02-06,55.040000915527344,55.07500076293945,54.90999984741211,54.93999862670898,51.005592346191406,169600
2018-02-07,54.97999954223633,55.084999084472656,54.744998931884766,54.78499984741211,50.86170196533203,184000
2018-02-08,54.71500015258789,54.77999877929688,54.60499954223633,54.650001525878906,50.73637008666992,143000
2018-02-09,54.494998931884766,54.59000015258789,54.48500061035156,54.525001525878906,50.62031936645508,159400
2018-02-12,54.560001373291016,54.630001068115234,54.505001068115234,54.56999969482422,50.662086486816406,127800
2018-02-13,54.52000045776367,54.540000915527344,54.415000915527344,54.48500061035156,50.58317947387695,186000
2018-02-14,54.310001373291016,54.39500045776367,54.290000915527344,54.334999084472656,50.44391632080078,83600
2018-02-15,54.43000030517578,54.525001525878906,54.43000030517578,54.470001220703125,50.56925964355469,152400
2018-02-16,54.56999969482422,54.619998931884766,54.5099983215332,54.584999084472656,50.67601776123047,95800
2018-02-20,54.4900016784668,54.4900016784668,54.3849983215332,54.43000030517578,50.53211975097656,135000
2018-02-21,54.46500015258789,54.505001068115234,54.22999954223633,54.244998931884766,50.36037063598633,95000
2018-02-22,54.34000015258789,54.415000915527344,54.310001373291016,54.34000015258789,50.44856643676758,66200
2018-02-23,54.45500183105469,54.55500030517578,54.3849983215332,54.5099983215332,50.60639190673828,317000
2018-02-26,54.6150016784668,54.650001525878906,54.525001525878906,54.53499984741211,50.62960052490234,69000
2018-02-27,54.595001220703125,54.595001220703125,54.275001525878906,54.369998931884766,50.476409912109375,268000
2018-02-28,54.40999984741211,54.45500183105469,54.34999847412109,54.435001373291016,50.536766052246094,172600
2018-03-01,54.2599983215332,54.39500045776367,54.18000030517578,54.334999084472656,50.5791130065918,317000
2018-03-02,54.244998931884766,54.275001525878906,54.14500045776367,54.22499847412109,50.47671127319336,213200
2018-03-05,54.31999969482422,54.31999969482422,54.130001068115234,54.185001373291016,50.43947219848633,123600
2018-03-06,54.345001220703125,54.3849983215332,54.244998931884766,54.27999877929688,50.52791595458984,131400
2018-03-07,54.25,54.32500076293945,54.185001373291016,54.244998931884766,50.49534225463867,66400
2018-03-08,54.22999954223633,54.380001068115234,54.22999954223633,54.310001373291016,50.55583953857422,58800
2018-03-09,54.23500061035156,54.23500061035156,54.130001068115234,54.1349983215332,50.39294052124024,106600
2018-03-12,54.150001525878906,54.244998931884766,54.150001525878906,54.21500015258789,50.46741485595703,66200
2018-03-13,54.275001525878906,54.27999877929688,54.130001068115234,54.20000076293945,50.45344161987305,156200
2018-03-14,54.16999816894531,54.34999847412109,54.165000915527344,54.31499862670898,50.56049346923828,108400
2018-03-15,54.275001525878906,54.36000061035156,54.26499938964844,54.310001373291016,50.55583953857422,113800
2018-03-16,54.244998931884766,54.29999923706055,54.185001373291016,54.29999923706055,50.546531677246094,89600
2018-03-19,54.13999938964844,54.27999877929688,54.13999938964844,54.19499969482422,50.44879531860352,86200
2018-03-20,54.04499816894531,54.13999938964844,54.02999877929688,54.084999084472656,50.34639358520508,88600
2018-03-21,54.040000915527344,54.06499862670898,53.85499954223633,54.0099983215332,50.27657318115234,66600
2018-03-22,54.13999938964844,54.255001068115234,54.07500076293945,54.125,50.38361740112305,65400
2018-03-23,54.06999969482422,54.1150016784668,54.005001068115234,54.06999969482422,50.33243179321289,129000
2018-03-26,54.17499923706055,54.19499969482422,54.040000915527344,54.1150016784668,50.37432098388672,214400
2018-03-27,54.11000061035156,54.35499954223633,54.11000061035156,54.27999877929688,50.52791595458984,138400
2018-03-28,54.345001220703125,54.39500045776367,54.25,54.36000061035156,50.60239410400391,127000
2018-03-29,54.459999084472656,54.54999923706055,54.42499923706055,54.48500061035156,50.718746185302734,74600
2018-04-02,54.244998931884766,54.40499877929688,54.244998931884766,54.34999847412109,50.72807312011719,110800
2018-04-03,54.334999084472656,54.34999847412109,54.25,54.27999877929688,50.66273880004883,101200
2018-04-04,54.30500030517578,54.36000061035156,54.22499847412109,54.22999954223633,50.61606597900391,225800
2018-04-05,54.21500015258789,54.26499938964844,54.18999862670898,54.2400016784668,50.62540817260742,114400
2018-04-06,54.334999084472656,54.43000030517578,54.29999923706055,54.400001525878906,50.77475357055664,98400
2018-04-09,54.334999084472656,54.47999954223633,54.30500030517578,54.46500015258789,50.835411071777344,104600
2018-04-10,54.47999954223633,54.47999954223633,54.3650016784668,54.40499877929688,50.7794189453125,122200
2018-04-11,54.47999954223633,54.52999877929688,54.45500183105469,54.4900016784668,50.85876083374024,194000
2018-04-12,54.459999084472656,54.459999084472656,54.369998931884766,54.39500045776367,50.77007675170898,104400
2018-04-13,54.375,54.45000076293945,54.35499954223633,54.415000915527344,50.78874969482422,116600
2018-04-16,54.32500076293945,54.435001373291016,54.290000915527344,54.3650016784668,50.74208068847656,44200
2018-04-17,54.34000015258789,54.47499847412109,54.34000015258789,54.40499877929688,50.7794189453125,61400
2018-04-18,54.32500076293945,54.380001068115234,54.21500015258789,54.220001220703125,50.60675430297852,114400
2018-04-19,54.095001220703125,54.095001220703125,53.9900016784668,54.04999923706055,50.44806289672852,72600
2018-04-20,53.97999954223633,54.0,53.8849983215332,53.8849983215332,50.294063568115234,93000
2018-04-23,53.875,53.875,53.77000045776367,53.79499816894531,50.2100715637207,124400
2018-04-24,53.82500076293945,53.834999084472656,53.71500015258789,53.73500061035156,50.15406036376953,78200
2018-04-25,53.65999984741211,53.67499923706055,53.52999877929688,53.619998931884766,50.04673004150391,92800
2018-04-26,53.650001525878906,53.75,53.650001525878906,53.69499969482422,50.11674499511719,68000
2018-04-27,53.755001068115234,53.83000183105469,53.755001068115234,53.79999923706055,50.21472930908203,50800
2018-04-30,53.845001220703125,53.84999847412109,53.77999877929688,53.80500030517578,50.21940994262695,39600
2018-05-01,53.584999084472656,53.60499954223633,53.4900016784668,53.52999877929688,50.096797943115234,85000
2018-05-02,53.54499816894531,53.61000061035156,53.5,53.53499984741211,50.10148239135742,81600
2018-05-03,53.60499954223633,53.65499877929688,53.525001525878906,53.52999877929688,50.096797943115234,276800
2018-05-04,53.56999969482422,53.619998931884766,53.46500015258789,53.540000915527344,50.10616302490234,66400
2018-05-07,53.54499816894531,53.60499954223633,53.4900016784668,53.52000045776367,50.08744430541992,74400
2018-05-08,53.505001068115234,53.54499816894531,53.40499877929688,53.5099983215332,50.07809066772461,144800
2018-05-09,53.459999084472656,53.51499938964844,53.43000030517578,53.45000076293945,50.02193832397461,69200
2018-05-10,53.560001373291016,53.65999984741211,53.560001373291016,53.65999984741211,50.21846008300781,84000
2018-05-11,53.7400016784668,53.7400016784668,53.65999984741211,53.720001220703125,50.27461242675781,61800
2018-05-14,53.650001525878906,53.71500015258789,53.64500045776367,53.665000915527344,50.22314453125,51600
2018-05-15,53.435001373291016,53.470001220703125,53.29999923706055,53.3849983215332,49.96109008789063,86200
2018-05-16,53.400001525878906,53.400001525878906,53.290000915527344,53.31499862670898,49.89558410644531,103600
2018-05-17,53.310001373291016,53.310001373291016,53.18999862670898,53.244998931884766,49.830078125,64200
2018-05-18,53.2599983215332,53.400001525878906,53.2599983215332,53.3849983215332,49.96109008789063,90800
2018-05-21,53.33000183105469,53.42499923706055,53.33000183105469,53.3849983215332,49.96109008789063,98200
2018-05-22,53.3849983215332,53.40999984741211,53.33000183105469,53.40999984741211,49.9845085144043,95800
2018-05-23,53.4900016784668,53.59000015258789,53.45000076293945,53.56999969482422,50.13423156738281,90000
2018-05-24,53.665000915527344,53.7400016784668,53.630001068115234,53.70500183105469,50.26057434082031,59400
2018-05-25,53.77000045776367,53.875,53.77000045776367,53.869998931884766,50.41498947143555,40800
2018-05-29,53.900001525878906,54.20000076293945,53.84999847412109,54.130001068115234,50.65831756591797,105400
2018-05-30,53.97499847412109,54.02999877929688,53.88999938964844,53.97499847412109,50.51325988769531,52000
2018-05-31,53.93999862670898,53.994998931884766,53.869998931884766,53.89500045776367,50.43840026855469,81200
2018-06-01,53.59000015258789,53.744998931884766,53.58000183105469,53.67499923706055,50.37223052978516,62800
2018-06-04,53.630001068115234,53.65499877929688,53.51499938964844,53.52000045776367,50.22677612304688,66800
2018-06-05,53.60499954223633,53.65999984741211,53.55500030517578,53.584999084472656,50.28776550292969,146600
2018-06-06,53.51499938964844,53.51499938964844,53.3650016784668,53.42499923706055,50.13761138916016,66400
2018-06-07,53.44499969482422,53.67499923706055,53.400001525878906,53.55500030517578,50.259613037109375,145800
2018-06-08,53.54999923706055,53.584999084472656,53.5,53.5,50.20798873901367,73800
2018-06-11,53.415000915527344,53.494998931884766,53.400001525878906,53.459999084472656,50.17045974731445,51600
2018-06-12,53.375,53.48500061035156,53.375,53.44499969482422,50.1563720703125,239200
2018-06-13,53.45000076293945,53.52000045776367,53.290000915527344,53.400001525878906,50.11415481567383,207000
2018-06-14,53.584999084472656,53.59999847412109,53.52999877929688,53.56999969482422,50.2736930847168,83000
2018-06-15,53.650001525878906,53.68999862670898,53.54999923706055,53.54999923706055,50.25491714477539,104400
2018-06-18,53.595001220703125,53.595001220703125,53.45500183105469,53.52999877929688,50.236141204833984,82400
2018-06-19,53.540000915527344,53.61000061035156,53.52999877929688,53.58000183105469,50.2830810546875,62200
2018-06-20,53.55500030517578,53.560001373291016,53.375,53.375,50.09069442749024,112600
2018-06-21,53.3650016784668,53.435001373291016,53.34999847412109,53.38999938964844,50.10477066040039,63400
2018-06-22,53.380001068115234,53.43999862670898,53.33000183105469,53.38999938964844,50.10477066040039,66200
2018-06-25,53.40499877929688,53.44499969482422,53.3650016784668,53.3650016784668,50.081298828125,43000
2018-06-26,53.43999862670898,53.4900016784668,53.3849983215332,53.46500015258789,50.17516326904297,91400
2018-06-27,53.55500030517578,53.650001525878906,53.54499816894531,53.584999084472656,50.28776550292969,110800
2018-06-28,53.57500076293945,53.619998931884766,53.54999923706055,53.57500076293945,50.27837753295898,71000
2018-06-29,53.61000061035156,53.70000076293945,53.56499862670898,53.56499862670898,50.26899719238281,84000
2018-07-02,53.470001220703125,53.494998931884766,53.38999938964844,53.43000030517578,50.28546905517578,71600
2018-07-03,53.45000076293945,53.584999084472656,53.45000076293945,53.53499984741211,50.38428115844727,38400
2018-07-05,53.59999847412109,53.70500183105469,53.59999847412109,53.685001373291016,50.52547073364258,136600
2018-07-06,53.72999954223633,53.79999923706055,53.71500015258789,53.755001068115234,50.591339111328125,51200
2018-07-09,53.685001373291016,53.77999877929688,53.685001373291016,53.72999954223633,50.56780624389648,94600
2018-07-10,53.70500183105469,53.79499816894531,53.70500183105469,53.720001220703125,50.55840301513672,144600
2018-07-11,53.7599983215332,53.82500076293945,53.720001220703125,53.79999923706055,50.633697509765625,128400
2018-07-12,53.78499984741211,53.90499877929688,53.78499984741211,53.89500045776367,50.72309875488281,139600
2018-07-13,53.900001525878906,53.9900016784668,53.89500045776367,53.970001220703125,50.79369354248047,504600
2018-07-16,53.88999938964844,53.88999938964844,53.775001525878906,53.875,50.70428466796875,124600
2018-07-17,53.86000061035156,53.89500045776367,53.80500030517578,53.84000015258789,50.67134094238281,282400
2018-07-18,53.834999084472656,53.869998931884766,53.77000045776367,53.81999969482422,50.65251541137695,155000
2018-07-19,53.79499816894531,53.94499969482422,53.79499816894531,53.85499954223633,50.68544769287109,142200
2018-07-20,53.81499862670898,53.81499862670898,53.68999862670898,53.7400016784668,50.57722473144531,132600
2018-07-23,53.709999084472656,53.709999084472656,53.5,53.54499816894531,50.39370346069336,153600
2018-07-24,53.54999923706055,53.65999984741211,53.54499816894531,53.65499877929688,50.49722671508789,145400
2018-07-25,53.72999954223633,53.77000045776367,53.63999938964844,53.709999084472656,50.54898452758789,277000
2018-07-26,53.7400016784668,53.79999923706055,53.68999862670898,53.72499847412109,50.5631103515625,191400
2018-07-27,53.81999969482422,53.82500076293945,53.755001068115234,53.76499938964844,50.60074996948242,141800
2018-07-30,53.72499847412109,53.77000045776367,53.67499923706055,53.72499847412109,50.5631103515625,66800
2018-07-31,53.83000183105469,53.869998931884766,53.790000915527344,53.80500030517578,50.63840103149414,161600
2018-08-01,53.58000183105469,53.63999938964844,53.54499816894531,53.57500076293945,50.56524658203125,157600
2018-08-02,53.59000015258789,53.68000030517578,53.55500030517578,53.6349983215332,50.621883392333984,146400
2018-08-03,53.70500183105469,53.81999969482422,53.70500183105469,53.77000045776367,50.74929428100586,158200
2018-08-06,53.81499862670898,53.90999984741211,53.79999923706055,53.79999923706055,50.77761459350586,116600
2018-08-07,53.82500076293945,53.82500076293945,53.720001220703125,53.72999954223633,50.7115364074707,133000
2018-08-08,53.68999862670898,53.7400016784668,53.560001373291016,53.619998931884766,50.60772705078125,112300
2018-08-09,53.72999954223633,53.75,53.63999938964844,53.7400016784668,50.72099304199219,139300
2018-08-10,53.560001373291016,53.77000045776367,53.54999923706055,53.75,50.73042297363281,83700
2018-08-13,53.70000076293945,53.72999954223633,53.61000061035156,53.66999816894531,50.6549072265625,94600
2018-08-14,53.68000030517578,53.77000045776367,53.66999816894531,53.68000030517578,50.66434860229492,74200
2018-08-15,53.72999954223633,53.84999847412109,53.72999954223633,53.7599983215332,50.7398681640625,75100
2018-08-16,53.83000183105469,53.900001525878906,53.790000915527344,53.84000015258789,50.81535720825195,75600
2018-08-17,53.90999984741211,53.9900016784668,53.869998931884766,53.95000076293945,50.91918563842773,64500
2018-08-20,53.9900016784668,54.11000061035156,53.9900016784668,54.11000061035156,51.070194244384766,64400
2018-08-21,54.0,54.09000015258789,53.95000076293945,54.0099983215332,50.97581481933594,54500
2018-08-22,54.09000015258789,54.13999938964844,54.04999923706055,54.060001373291016,51.02300643920898,47800
2018-08-23,54.08000183105469,54.13999938964844,54.040000915527344,54.06999969482422,51.032447814941406,53300
2018-08-24,53.959999084472656,54.13999938964844,53.959999084472656,54.08000183105469,51.04188919067383,79000
2018-08-27,54.0,54.09000015258789,53.970001220703125,54.0099983215332,50.97581481933594,66700
2018-08-28,53.93999862670898,54.02000045776367,53.93000030517578,53.97999954223633,50.94750213623047,102400
2018-08-29,53.93000030517578,54.0,53.88999938964844,53.95000076293945,50.91918563842773,165300
2018-08-30,54.0099983215332,54.02000045776367,53.869998931884766,53.959999084472656,50.928619384765625,307700
2018-08-31,53.959999084472656,54.040000915527344,53.86000061035156,53.93999862670898,50.90975189208984,99000
2018-09-04,53.65999984741211,53.65999984741211,53.560001373291016,53.630001068115234,50.766822814941406,147200
2018-09-05,53.560001373291016,53.66999816894531,53.54999923706055,53.630001068115234,50.766822814941406,157600
2018-09-06,53.630001068115234,53.810001373291016,53.630001068115234,53.75,50.880401611328125,145100
2018-09-07,53.63999938964844,53.63999938964844,53.540000915527344,53.619998931884766,50.75734329223633,78000
2018-09-10,53.650001525878906,53.720001220703125,53.59000015258789,53.66999816894531,50.80467224121094,73400
2018-09-11,53.630001068115234,53.630001068115234,53.54999923706055,53.59000015258789,50.72894287109375,223000
2018-09-12,53.68000030517578,53.70000076293945,53.61000061035156,53.61000061035156,50.74786758422852,234800
2018-09-13,53.68999862670898,53.790000915527344,53.650001525878906,53.68999862670898,50.82360076904297,178900
2018-09-14,53.61000061035156,53.709999084472656,53.61000061035156,53.63999938964844,50.77627182006836,135000
2018-09-17,53.58000183105469,53.709999084472656,53.58000183105469,53.59999847412109,50.73841094970703,65300
2018-09-18,53.59999847412109,53.59999847412109,53.41999816894531,53.470001220703125,50.6153564453125,80500
2018-09-19,53.400001525878906,53.459999084472656,53.310001373291016,53.380001068115234,50.53015899658203,105500
2018-09-20,53.369998931884766,53.58000183105469,53.369998931884766,53.5099983215332,50.65321350097656,102500
2018-09-21,53.52000045776367,53.56999969482422,53.47999954223633,53.5099983215332,50.65321350097656,73300
2018-09-24,53.41999816894531,53.5,53.40999984741211,53.459999084472656,50.60588073730469,11740800
2018-09-25,53.369998931884766,53.459999084472656,53.369998931884766,53.40999984741211,50.558555603027344,114400
2018-09-26,53.459999084472656,53.66999816894531,53.45000076293945,53.66999816894531,50.80467224121094,149700
2018-09-27,53.59000015258789,53.65999984741211,53.56999969482422,53.630001068115234,50.766822814941406,110100
2018-09-28,53.68000030517578,53.70000076293945,53.619998931884766,53.619998931884766,50.75734329223633,145100
2018-10-01,53.43000030517578,53.5,53.34000015258789,53.380001068115234,50.671905517578125,204700
2018-10-02,53.380001068115234,53.52999877929688,53.380001068115234,53.4900016784668,50.77632522583008,114900
2018-10-03,53.380001068115234,53.41999816894531,53.13999938964844,53.25,50.54851150512695,344600
2018-10-04,53.09999847412109,53.130001068115234,52.97999954223633,53.060001373291016,50.36814880371094,141900
2018-10-05,52.90999984741211,52.9900016784668,52.77999877929688,52.91999816894531,50.23524856567383,263900
2018-10-08,52.84999847412109,52.90999984741211,52.79999923706055,52.810001373291016,50.13082885742188,102100
2018-10-09,52.86000061035156,52.970001220703125,52.86000061035156,52.91999816894531,50.23524856567383,147100
2018-10-10,52.84999847412109,52.91999816894531,52.77000045776367,52.84999847412109,50.16878890991211,134200
2018-10-11,52.91999816894531,53.150001525878906,52.91999816894531,53.060001373291016,50.36814880371094,231700
2018-10-12,53.119998931884766,53.150001525878906,52.97999954223633,52.97999954223633,50.29220962524414,378400
2018-10-15,52.9900016784668,53.04999923706055,52.93000030517578,52.93999862670898,50.25422668457031,129200
2018-10-16,52.970001220703125,53.08000183105469,52.93000030517578,53.04999923706055,50.35865020751953,189200
2018-10-17,53.0099983215332,53.060001373291016,52.880001068115234,52.880001068115234,50.1972770690918,160300
2018-10-18,52.810001373291016,52.970001220703125,52.79999923706055,52.869998931884766,50.187782287597656,152800
2018-10-19,52.810001373291016,52.88999938964844,52.75,52.81999969482422,50.140323638916016,147700
2018-10-22,52.83000183105469,52.90999984741211,52.77999877929688,52.83000183105469,50.14982223510742,139000
2018-10-23,52.93000030517578,52.95000076293945,52.790000915527344,52.79999923706055,50.12133407592773,143200
2018-10-24,52.869998931884766,53.0,52.869998931884766,52.900001525878906,50.21625900268555,794600
2018-10-25,52.84999847412109,52.93999862670898,52.81999969482422,52.86000061035156,50.17828750610352,234100
2018-10-26,52.90999984741211,53.02000045776367,52.900001525878906,52.90999984741211,50.22575378417969,146500
2018-10-29,52.86000061035156,52.959999084472656,52.810001373291016,52.90999984741211,50.22575378417969,231200
2018-10-30,52.77999877929688,52.79999923706055,52.720001220703125,52.72999954223633,50.05488967895508,145000
2018-10-31,52.7400016784668,52.7599983215332,52.630001068115234,52.650001525878906,49.97895431518555,129400
2018-11-01,52.45000076293945,52.61000061035156,52.45000076293945,52.560001373291016,50.04464340209961,776000
2018-11-02,52.5099983215332,52.560001373291016,52.380001068115234,52.41999816894531,49.91134262084961,144200
2018-11-05,52.459999084472656,52.5099983215332,52.459999084472656,52.470001220703125,49.95895004272461,213100
2018-11-06,52.52000045776367,52.54999923706055,52.5,52.52000045776367,50.00656127929688,160900
2018-11-07,52.66999816894531,52.72999954223633,52.59999847412109,52.63999938964844,50.12081527709961,165600
2018-11-08,52.630001068115234,52.630001068115234,52.52999877929688,52.540000915527344,50.02560424804688,158200
2018-11-09,52.540000915527344,52.630001068115234,52.540000915527344,52.59999847412109,50.08272933959961,156400
2018-11-12,52.63999938964844,52.68000030517578,52.52999877929688,52.61000061035156,50.092247009277344,114400
2018-11-13,52.59000015258789,52.59000015258789,52.52000045776367,52.56999969482422,50.05415725708008,116000
2018-11-14,52.43000030517578,52.540000915527344,52.41999816894531,52.45000076293945,49.939903259277344,116000
2018-11-15,52.40999984741211,52.41999816894531,52.33000183105469,52.41999816894531,49.91134262084961,114100
2018-11-16,52.43999862670898,52.5099983215332,52.38999938964844,52.470001220703125,49.95895004272461,120900
2018-11-19,52.40999984741211,52.47999954223633,52.34999847412109,52.41999816894531,49.91134262084961,399100
2018-11-20,52.380001068115234,52.38999938964844,52.33000183105469,52.369998931884766,49.86373901367188,212600
2018-11-21,52.40999984741211,52.43999862670898,52.380001068115234,52.41999816894531,49.91134262084961,135000
2018-11-23,52.52000045776367,52.52000045776367,52.40999984741211,52.40999984741211,49.901817321777344,61200
2018-11-26,52.43000030517578,52.45000076293945,52.40999984741211,52.43000030517578,49.92087173461914,135800
2018-11-27,52.36000061035156,52.41999816894531,52.33000183105469,52.369998931884766,49.86373901367188,178000
2018-11-28,52.34999847412109,52.45000076293945,52.27999877929688,52.43999862670898,49.93038177490234,193000
2018-11-29,52.40999984741211,52.43999862670898,52.31999969482422,52.38999938964844,49.88277816772461,238500
2018-11-30,52.38999938964844,52.41999816894531,52.33000183105469,52.400001525878906,49.89230346679688,995600
2018-12-03,52.29999923706055,52.40999984741211,52.290000915527344,52.40999984741211,50.05466079711914,484600
2018-12-04,52.45000076293945,52.560001373291016,52.40999984741211,52.43999862670898,50.08331680297852,306000
2018-12-06,52.47999954223633,52.59999847412109,52.43999862670898,52.5,50.14061737060547,324600
2018-12-07,52.56999969482422,52.59999847412109,52.52999877929688,52.540000915527344,50.17881774902344,236500
2018-12-10,52.619998931884766,52.63999938964844,52.52999877929688,52.630001068115234,50.2647705078125,311200
2018-12-11,52.65999984741211,52.709999084472656,52.65999984741211,52.70000076293945,50.33162307739258,292500
2018-12-12,52.68999862670898,52.7599983215332,52.68000030517578,52.709999084472656,50.34117126464844,187500
2018-12-13,52.72999954223633,52.86000061035156,52.72999954223633,52.77999877929688,50.40803146362305,217200
2018-12-14,52.83000183105469,52.88999938964844,52.7599983215332,52.790000915527344,50.41758346557617,355700
2018-12-17,52.83000183105469,52.88999938964844,52.79999923706055,52.83000183105469,50.45579147338867,300300
2018-12-18,52.77000045776367,52.84000015258789,52.72999954223633,52.79999923706055,50.5880012512207,246700
2018-12-19,52.88999938964844,52.970001220703125,52.79999923706055,52.79999923706055,50.5880012512207,254200
2018-12-20,52.93000030517578,52.93000030517578,52.619998931884766,52.630001068115234,50.42512130737305,224400
2018-12-21,52.75,52.77999877929688,52.560001373291016,52.709999084472656,50.50177764892578,569100
2018-12-24,52.70000076293945,52.7400016784668,52.59999847412109,52.650001525878906,50.44428634643555,277100
2018-12-26,52.65999984741211,52.68999862670898,52.400001525878906,52.52999877929688,50.32931137084961,215400
2018-12-27,52.66999816894531,52.72999954223633,52.630001068115234,52.630001068115234,50.42512130737305,423200
2018-12-28,52.65999984741211,52.84000015258789,52.65999984741211,52.790000915527344,50.578426361083984,231700
2018-12-31,52.810001373291016,52.959999084472656,52.79999923706055,52.95000076293945,50.73172378540039,296400
2019-01-02,52.93999862670898,53.02999877929688,52.900001525878906,53.02999877929688,50.808372497558594,388100
2019-01-03,53.0099983215332,53.119998931884766,52.97999954223633,53.09999847412109,50.87543487548828,522700
2019-01-04,52.9900016784668,53.06999969482422,52.91999816894531,53.06999969482422,50.84668731689453,434600
2019-01-07,53.09000015258789,53.130001068115234,53.0,53.0,50.77963638305664,397900
2019-01-08,53.0,53.04999923706055,53.0,53.0099983215332,50.789207458496094,265700
2019-01-09,53.08000183105469,53.22999954223633,53.08000183105469,53.18000030517578,50.95208740234375,194600
2019-01-10,53.15999984741211,53.15999984741211,53.02999877929688,53.119998931884766,50.89459991455078,244300
2019-01-11,53.20000076293945,53.22999954223633,53.150001525878906,53.20000076293945,50.97124862670898,224400
2019-01-14,53.150001525878906,53.150001525878906,53.06999969482422,53.06999969482422,50.84668731689453,194000
2019-01-15,53.13999938964844,53.150001525878906,53.08000183105469,53.09999847412109,50.87543487548828,273000
2019-01-16,53.13999938964844,53.22999954223633,53.09000015258789,53.22999954223633,50.9999885559082,328900
2019-01-17,53.18999862670898,53.27000045776367,53.16999816894531,53.25,51.01915740966797,1465600
2019-01-18,53.2599983215332,53.380001068115234,53.2599983215332,53.369998931884766,51.13413238525391,218300
2019-01-22,53.380001068115234,53.470001220703125,53.380001068115234,53.41999816894531,51.18202590942383,230600
2019-01-23,53.40999984741211,53.619998931884766,53.40999984741211,53.54999923706055,51.30658721923828,1375100
2019-01-24,53.68000030517578,53.68999862670898,53.630001068115234,53.68000030517578,51.431148529052734,228900
2019-01-25,53.63999938964844,53.66999816894531,53.59999847412109,53.650001525878906,51.40239334106445,568100
2019-01-28,53.61000061035156,53.65999984741211,53.59000015258789,53.619998931884766,51.37364959716797,306400
2019-01-29,53.68000030517578,53.75,53.650001525878906,53.75,51.49820709228516,245600
2019-01-30,53.7400016784668,53.900001525878906,53.68999862670898,53.86000061035156,51.60359573364258,766200
2019-01-31,54.04999923706055,54.220001220703125,54.04999923706055,54.209999084472656,51.938926696777344,458100
2019-02-01,53.95000076293945,53.9900016784668,53.869998931884766,53.93000030517578,51.8303337097168,369700
2019-02-04,53.77999877929688,53.869998931884766,53.7599983215332,53.810001373291016,51.71500778198242,2002100
2019-02-05,53.93999862670898,54.08000183105469,53.93000030517578,53.959999084472656,51.85915756225586,567900
2019-02-06,53.9900016784668,54.02000045776367,53.93000030517578,53.970001220703125,51.8687744140625,167200
2019-02-07,53.970001220703125,54.0099983215332,53.90999984741211,54.0,51.897605895996094,172600
2019-02-08,54.040000915527344,54.09999847412109,54.02999877929688,54.09000015258789,51.98410415649414,179400
2019-02-11,54.04999923706055,54.04999923706055,53.97999954223633,53.9900016784668,51.88800430297852,396800
2019-02-12,53.97999954223633,54.060001373291016,53.97999954223633,54.02999877929688,51.92643737792969,221900
2019-02-13,53.95000076293945,54.0099983215332,53.91999816894531,53.970001220703125,51.8687744140625,277800
2019-02-14,54.119998931884766,54.119998931884766,54.02000045776367,54.08000183105469,51.97449493408203,187800
2019-02-15,54.08000183105469,54.13999938964844,54.08000183105469,54.13999938964844,52.03215408325195,247700
2019-02-19,54.18999862670898,54.220001220703125,54.13999938964844,54.18999862670898,52.08020782470703,217800
2019-02-20,54.130001068115234,54.130001068115234,54.02000045776367,54.09999847412109,51.99370956420898,287500
2019-02-21,53.970001220703125,54.0099983215332,53.93999862670898,54.0,51.897605895996094,181500
2019-02-22,54.06999969482422,54.22999954223633,54.06999969482422,54.18999862670898,52.08020782470703,489000
2019-02-25,54.16999816894531,54.16999816894531,54.119998931884766,54.150001525878906,52.041770935058594,228100
2019-02-26,54.2599983215332,54.2599983215332,54.16999816894531,54.2400016784668,52.128265380859375,389800
2019-02-27,54.18000030517578,54.18999862670898,54.06999969482422,54.119998931884766,52.01293563842773,206800
2019-02-28,54.11000061035156,54.15999984741211,54.060001373291016,54.09000015258789,51.98410415649414,529700
2019-03-01,53.90999984741211,53.91999816894531,53.7599983215332,53.81999969482422,51.88769912719727,343500
2019-03-04,53.90999984741211,53.93000030517578,53.84000015258789,53.93000030517578,51.993743896484375,284500
2019-03-05,53.84999847412109,53.95000076293945,53.84999847412109,53.95000076293945,52.013031005859375,425900
2019-03-06,53.91999816894531,54.040000915527344,53.91999816894531,54.02999877929688,52.09015274047852,143000
2019-03-07,54.09000015258789,54.16999816894531,54.060001373291016,54.15999984741211,52.21548080444336,249500
2019-03-08,54.08000183105469,54.209999084472656,54.04999923706055,54.18999862670898,52.244407653808594,232000
2019-03-11,54.20000076293945,54.25,54.20000076293945,54.25,52.3022575378418,213100
2019-03-12,54.2400016784668,54.400001525878906,54.2400016784668,54.400001525878906,52.446868896484375,161200
2019-03-13,54.33000183105469,54.36000061035156,54.290000915527344,54.31999969482422,52.36974334716797,163700
2019-03-14,54.290000915527344,54.310001373291016,54.20000076293945,54.2599983215332,52.3119010925293,220600
2019-03-15,54.400001525878906,54.45000076293945,54.380001068115234,54.40999984741211,52.45650863647461,204300
2019-03-18,54.38999938964844,54.40999984741211,54.31999969482422,54.400001525878906,52.446868896484375,195400
2019-03-19,54.34999847412109,54.43000030517578,54.31999969482422,54.400001525878906,52.446868896484375,253100
2019-03-20,54.41999816894531,54.7400016784668,54.400001525878906,54.65999984741211,52.69752883911133,301200
2019-03-21,54.70000076293945,54.77000045776367,54.68999862670898,54.7599983215332,52.793941497802734,410300
2019-03-22,54.90999984741211,55.04999923706055,54.88999938964844,55.040000915527344,53.06389617919922,211700
2019-03-25,55.040000915527344,55.220001220703125,54.959999084472656,55.150001525878906,53.16994857788086,199800
2019-03-26,55.130001068115234,55.220001220703125,55.09000015258789,55.18999862670898,53.20851135253906,157700
2019-03-27,55.220001220703125,55.31999969482422,55.220001220703125,55.27000045776367,53.2856330871582,205200
2019-03-28,55.27000045776367,55.31999969482422,55.20000076293945,55.290000915527344,53.30491638183594,207900
2019-03-29,55.18000030517578,55.290000915527344,55.150001525878906,55.27999877929688,53.29526901245117,366700
2019-04-01,54.970001220703125,55.0,54.880001068115234,54.90999984741211,53.101863861083984,842800
2019-04-02,54.91999816894531,54.95000076293945,54.86000061035156,54.95000076293945,53.14054107666016,196500
2019-04-03,54.86000061035156,54.900001525878906,54.84000015258789,54.86000061035156,53.05350875854492,377700
2019-04-04,54.84999847412109,54.93000030517578,54.84999847412109,54.91999816894531,53.11153411865234,237600
2019-04-05,54.90999984741211,55.0099983215332,54.88999938964844,54.970001220703125,53.15988159179688,192400
2019-04-08,55.0,55.0,54.91999816894531,54.959999084472656,53.15020751953125,302500
2019-04-09,55.02000045776367,55.06999969482422,55.0,55.02999877929688,53.21791458129883,344500
2019-04-10,55.119998931884766,55.25,55.11000061035156,55.2400016784668,53.42099380493164,2902000
2019-04-11,55.18000030517578,55.22999954223633,55.11000061035156,55.11000061035156,53.29527282714844,760500
2019-04-12,55.060001373291016,55.11000061035156,55.04999923706055,55.04999923706055,53.23725509643555,731000
2019-04-15,55.060001373291016,55.11000061035156,55.04999923706055,55.04999923706055,53.23725509643555,204500
2019-04-16,55.02999877929688,55.02999877929688,54.91999816894531,54.91999816894531,53.11153411865234,295100
2019-04-17,55.0,55.02999877929688,54.90999984741211,54.93999862670898,53.1308708190918,379900
2019-04-18,55.040000915527344,55.040000915527344,54.95000076293945,54.95000076293945,53.14054107666016,278000
2019-04-22,54.970001220703125,54.970001220703125,54.869998931884766,54.880001068115234,53.07284927368164,289700
2019-04-23,54.9900016784668,55.09000015258789,54.97999954223633,55.06999969482422,53.25658798217773,483500
2019-04-24,55.18999862670898,55.31999969482422,55.16999816894531,55.27000045776367,53.45001220703125,235800
2019-04-25,55.290000915527344,55.290000915527344,55.20000076293945,55.209999084472656,53.39198303222656,267200
2019-04-26,55.40999984741211,55.43000030517578,55.369998931884766,55.380001068115234,53.55638885498047,203100
2019-04-29,55.27999877929688,55.31999969482422,55.220001220703125,55.2400016784668,53.42099380493164,289700
2019-04-30,55.25,55.36000061035156,55.25,55.310001373291016,53.48868560791016,268700
2019-05-01,55.220001220703125,55.38999938964844,55.119998931884766,55.119998931884766,53.46443939208984,252500
2019-05-02,55.09000015258789,55.09000015258789,54.91999816894531,54.95000076293945,53.29954528808594,203600
2019-05-03,55.06999969482422,55.15999984741211,55.06999969482422,55.11000061035156,53.45474243164063,573100
2019-05-06,55.13999938964844,55.2400016784668,55.08000183105469,55.18999862670898,53.5323371887207,1187700
2019-05-07,55.27000045776367,55.290000915527344,55.220001220703125,55.220001220703125,53.56143569946289,224800
2019-05-08,55.2599983215332,55.290000915527344,55.06999969482422,55.06999969482422,53.41593933105469,186600
2019-05-09,55.18000030517578,55.18999862670898,55.09999847412109,55.13999938964844,53.48384094238281,157500
2019-05-10,55.150001525878906,55.20000076293945,55.130001068115234,55.150001525878906,53.49354553222656,153600
2019-05-13,55.18999862670898,55.25,55.150001525878906,55.209999084472656,53.551734924316406,257600
2019-05-14,55.220001220703125,55.25,55.18999862670898,55.209999084472656,53.551734924316406,181200
2019-05-15,55.36000061035156,55.43999862670898,55.27999877929688,55.34999847412109,53.687530517578125,201200
2019-05-16,55.34000015258789,55.34999847412109,55.22999954223633,55.27999877929688,53.61963272094727,3697500
2019-05-17,55.34999847412109,55.369998931884766,55.2599983215332,55.310001373291016,53.64873123168945,230600
2019-05-20,55.310001373291016,55.31999969482422,55.209999084472656,55.2400016784668,53.58083724975586,180000
2019-05-21,55.20000076293945,55.22999954223633,55.15999984741211,55.16999816894531,53.51293563842773,162900
2019-05-22,55.209999084472656,55.31999969482422,55.209999084472656,55.2599983215332,53.6002311706543,193300
2019-05-23,55.31999969482422,55.470001220703125,55.310001373291016,55.400001525878906,53.73604202270508,203100
2019-05-24,55.40999984741211,55.470001220703125,55.400001525878906,55.41999816894531,53.75542831420898,520400
2019-05-28,55.5099983215332,55.59999847412109,55.5099983215332,55.560001373291016,53.89122009277344,193500
2019-05-29,55.59999847412109,55.63999938964844,55.52000045776367,55.52000045776367,53.8524284362793,324200
2019-05-30,55.619998931884766,55.790000915527344,55.56999969482422,55.72999954223633,54.05611801147461,897700
2019-05-31,55.75,55.93000030517578,55.72999954223633,55.880001068115234,54.20161056518555,723000
2019-06-03,55.869998931884766,55.93000030517578,55.75,55.869998931884766,54.35727691650391,666200
2019-06-04,55.869998931884766,55.869998931884766,55.7400016784668,55.79999923706055,54.2891731262207,2330300
2019-06-05,55.84999847412109,55.93000030517578,55.810001373291016,55.83000183105469,54.31836700439453,261700
2019-06-06,55.86000061035156,55.93999862670898,55.84000015258789,55.900001525878906,54.38646697998047,680800
2019-06-07,56.11000061035156,56.18999862670898,56.060001373291016,56.060001373291016,54.54214096069336,2071500
2019-06-10,56.0099983215332,56.0099983215332,55.91999816894531,55.93999862670898,54.42538833618164,2000100
2019-06-11,55.93000030517578,55.970001220703125,55.91999816894531,55.93999862670898,54.42538833618164,206200
2019-06-12,55.90999984741211,56.040000915527344,55.90999984741211,55.9900016784668,54.47403717041016,324700
2019-06-13,56.02999877929688,56.15999984741211,56.02999877929688,56.09999847412109,54.5810546875,333700
2019-06-14,56.06999969482422,56.18000030517578,56.060001373291016,56.18000030517578,54.65888595581055,312900
2019-06-17,56.15999984741211,56.20000076293945,56.09999847412109,56.15999984741211,54.63943099975586,159700
2019-06-18,56.41999816894531,56.470001220703125,56.33000183105469,56.380001068115234,54.853477478027344,1144900
2019-06-19,56.31999969482422,56.720001220703125,56.29999923706055,56.70000076293945,55.16481399536133,286700
2019-06-20,56.88999938964844,57.0099983215332,56.810001373291016,56.91999816894531,55.37884521484375,702300
2019-06-21,56.79999923706055,56.84000015258789,56.72999954223633,56.790000915527344,55.25237274169922,382600
2019-06-24,56.91999816894531,56.970001220703125,56.869998931884766,56.900001525878906,55.3593978881836,1749800
2019-06-25,56.93000030517578,56.93999862670898,56.79999923706055,56.810001373291016,55.27183151245117,1093400
2019-06-26,56.88999938964844,56.88999938964844,56.68999862670898,56.709999084472656,55.17453384399414,834700
2019-06-27,56.810001373291016,56.9900016784668,56.790000915527344,56.93000030517578,55.38858413696289,934000
2019-06-28,56.9900016784668,57.08000183105469,56.93999862670898,57.06999969482422,55.5247917175293,240000
2019-07-01,56.9900016784668,57.06999969482422,56.86000061035156,56.93999862670898,55.56285095214844,524900
2019-07-02,57.0,57.119998931884766,56.970001220703125,57.060001373291016,55.67994689941406,251500
2019-07-03,57.119998931884766,57.2400016784668,57.119998931884766,57.22999954223633,55.84583282470703,503900
2019-07-05,56.900001525878906,56.90999984741211,56.65999984741211,56.880001068115234,55.50429916381836,1106400
2019-07-08,56.93999862670898,56.959999084472656,56.81999969482422,56.81999969482422,55.44575119018555,277100
2019-07-09,56.83000183105469,56.83000183105469,56.7400016784668,56.7599983215332,55.387203216552734,295400
2019-07-10,56.83000183105469,56.88999938964844,56.7599983215332,56.790000915527344,55.41647720336914,1423600
2019-07-11,56.7599983215332,56.79999923706055,56.5,56.560001373291016,55.19204330444336,349200
2019-07-12,56.58000183105469,56.65999984741211,56.540000915527344,56.59999847412109,55.2310676574707,279500
2019-07-15,56.65999984741211,56.72999954223633,56.65999984741211,56.68000030517578,55.30913543701172,495400
2019-07-16,56.56999969482422,56.61000061035156,56.52000045776367,56.56999969482422,55.2017936706543,463600
2019-07-17,56.68999862670898,56.88999938964844,56.65999984741211,56.84999847412109,55.47502517700195,618000
2019-07-18,56.84000015258789,57.040000915527344,56.77999877929688,56.959999084472656,55.58236312866211,1093100
2019-07-19,56.91999816894531,56.9900016784668,56.84999847412109,56.86000061035156,55.48478698730469,872200
2019-07-22,57.02999877929688,57.04999923706055,56.97999954223633,56.9900016784668,55.61164093017578,294300
2019-07-23,57.02000045776367,57.040000915527344,56.900001525878906,56.9900016784668,55.61164093017578,784700
2019-07-24,57.09999847412109,57.16999816894531,57.04999923706055,57.09999847412109,55.718971252441406,346200
2019-07-25,57.02999877929688,57.02999877929688,56.84999847412109,56.959999084472656,55.58236312866211,372400
2019-07-26,57.02999877929688,57.06999969482422,56.9900016784668,57.040000915527344,55.660430908203125,192000
2019-07-29,57.08000183105469,57.209999084472656,57.0099983215332,57.04999923706055,55.670188903808594,2308100
2019-07-30,57.06999969482422,57.11000061035156,56.9900016784668,57.02999877929688,55.650672912597656,523600
2019-07-31,57.060001373291016,57.220001220703125,56.880001068115234,57.09999847412109,55.718971252441406,414300
2019-08-01,57.04999923706055,57.43999862670898,57.04999923706055,57.36000061035156,56.13292694091797,621200
2019-08-02,57.369998931884766,57.52999877929688,57.31999969482422,57.40999984741211,56.18185424804688,906200
2019-08-05,57.59000015258789,57.59999847412109,57.470001220703125,57.560001373291016,56.328651428222656,356000
2019-08-06,57.619998931884766,57.75,57.54999923706055,57.72999954223633,56.49501037597656,601000
2019-08-07,58.04999923706055,58.04999923706055,57.75,57.790000915527344,56.55372619628906,527600
2019-08-08,57.720001220703125,57.880001068115234,57.540000915527344,57.84999847412109,56.612449645996094,1789300
2019-08-09,57.869998931884766,57.88999938964844,57.70000076293945,57.70000076293945,56.46565628051758,182100
2019-08-12,57.88999938964844,58.060001373291016,57.84999847412109,58.0099983215332,56.769020080566406,147000
2019-08-13,58.0099983215332,58.04999923706055,57.88999938964844,57.93999862670898,56.70051193237305,754600
2019-08-14,58.130001068115234,58.150001525878906,58.04999923706055,58.11000061035156,56.86688995361328,209500
2019-08-15,58.20000076293945,58.52999877929688,58.15999984741211,58.40999984741211,57.16046524047852,770300
2019-08-16,58.29999923706055,58.43999862670898,58.13999938964844,58.400001525878906,57.15068054199219,393100
2019-08-19,58.13999938964844,58.31999969482422,58.13999938964844,58.22999954223633,56.984317779541016,183900
2019-08-20,58.40999984741211,58.5,58.33000183105469,58.4900016784668,57.23875427246094,255000
2019-08-21,58.47999954223633,58.68000030517578,58.43000030517578,58.52999877929688,57.27789688110352,206700
2019-08-22,58.459999084472656,58.61000061035156,58.38999938964844,58.40999984741211,57.16046524047852,362200
2019-08-23,58.400001525878906,58.68999862670898,58.38999938964844,58.61000061035156,57.3561897277832,109200
2019-08-26,58.63999938964844,58.720001220703125,58.540000915527344,58.58000183105469,57.32683944702149,204900
2019-08-27,58.720001220703125,58.86000061035156,58.709999084472656,58.790000915527344,57.5323371887207,217300
2019-08-28,58.97999954223633,58.97999954223633,58.81999969482422,58.86000061035156,57.6008415222168,393500
2019-08-29,58.84000015258789,58.84000015258789,58.630001068115234,58.77000045776367,57.51276779174805,240000
2019-08-30,58.70000076293945,58.790000915527344,58.619998931884766,58.790000915527344,57.5323371887207,215600
2019-09-03,58.61000061035156,58.72999954223633,58.4900016784668,58.540000915527344,57.44402313232422,3924600
2019-09-04,58.52999877929688,58.72999954223633,58.5099983215332,58.66999816894531,57.57158279418945,263200
2019-09-05,58.43999862670898,58.43999862670898,58.20000076293945,58.36000061035156,57.267391204833984,286700
2019-09-06,58.400001525878906,58.52999877929688,58.400001525878906,58.459999084472656,57.365516662597656,494400
2019-09-09,58.27000045776367,58.290000915527344,58.13999938964844,58.15999984741211,57.07114028930664,1042100
2019-09-10,58.08000183105469,58.09000015258789,57.709999084472656,57.709999084472656,56.62956237792969,236100
2019-09-11,57.68999862670898,57.84000015258789,57.68999862670898,57.7400016784668,56.65900802612305,260200
2019-09-12,57.95000076293945,57.95000076293945,57.58000183105469,57.630001068115234,56.551055908203125,196500
2019-09-13,57.45000076293945,57.52000045776367,57.18999862670898,57.22999954223633,56.15854644775391,227700
2019-09-16,57.40999984741211,57.47999954223633,57.27999877929688,57.459999084472656,56.38424301147461,268500
2019-09-17,57.43000030517578,57.650001525878906,57.380001068115234,57.630001068115234,56.551055908203125,5169100
2019-09-18,57.790000915527344,57.93000030517578,57.59000015258789,57.720001220703125,56.63937759399414,198800
2019-09-19,57.90999984741211,57.93000030517578,57.77000045776367,57.83000183105469,56.747314453125,1615200
2019-09-20,57.97999954223633,58.15999984741211,57.900001525878906,58.130001068115234,57.04169845581055,1167200
2019-09-23,58.209999084472656,58.33000183105469,58.13999938964844,58.13999938964844,57.05150985717773,241100
2019-09-24,58.25,58.33000183105469,58.20000076293945,58.29999923706055,57.20851516723633,349100
2019-09-25,58.220001220703125,58.22999954223633,57.970001220703125,58.02999877929688,56.94357299804688,203700
2019-09-26,58.119998931884766,58.209999084472656,58.09999847412109,58.15999984741211,57.07114028930664,183300
2019-09-27,58.150001525878906,58.18000030517578,58.04999923706055,58.130001068115234,57.04169845581055,358600
2019-09-30,58.130001068115234,58.29999923706055,58.09000015258789,58.27999877929688,57.18888854980469,221000
2019-10-01,57.900001525878906,58.290000915527344,57.900001525878906,58.18000030517578,57.24595642089844,477600
2019-10-02,58.150001525878906,58.209999084472656,58.040000915527344,58.209999084472656,57.27547836303711,207600
2019-10-03,58.290000915527344,58.459999084472656,58.27000045776367,58.380001068115234,57.4427490234375,940100
2019-10-04,58.5,58.59999847412109,58.4900016784668,58.560001373291016,57.6198616027832,216900
2019-10-07,58.459999084472656,58.5,58.369998931884766,58.380001068115234,57.4427490234375,140400
2019-10-08,58.470001220703125,58.5,58.33000183105469,58.38999938964844,57.45258712768555,1677600
2019-10-09,58.43999862670898,58.43999862670898,58.2599983215332,58.34999847412109,57.41322708129883,981200
2019-10-10,58.18999862670898,58.18999862670898,58.0,58.0,57.06884765625,1022100
2019-10-11,57.95000076293945,58.0,57.86000061035156,57.900001525878906,56.97045135498047,371200
2019-10-14,58.04999923706055,58.11000061035156,58.02000045776367,58.09999847412109,57.1672477722168,199800
2019-10-15,58.040000915527344,58.09000015258789,57.900001525878906,57.95000076293945,57.0196533203125,227700
2019-10-16,58.0,58.060001373291016,57.959999084472656,58.0,57.06884765625,1202500
2019-10-17,57.93000030517578,58.11000061035156,57.93000030517578,58.040000915527344,57.10820770263672,374600
2019-10-18,58.040000915527344,58.18000030517578,58.040000915527344,58.130001068115234,57.19675827026367,777600
2019-10-21,58.02000045776367,58.06999969482422,57.959999084472656,57.9900016784668,57.05900955200195,276500
2019-10-22,58.119998931884766,58.130001068115234,57.95000076293945,58.08000183105469,57.14756393432617,535200
2019-10-23,58.16999816894531,58.20000076293945,58.09000015258789,58.119998931884766,57.18692398071289,156600
2019-10-24,58.150001525878906,58.2400016784668,58.119998931884766,58.18000030517578,57.24595642089844,539200
2019-10-25,58.15999984741211,58.209999084472656,58.06999969482422,58.06999969482422,57.13772201538086,587800
2019-10-28,57.959999084472656,57.9900016784668,57.900001525878906,57.970001220703125,57.039329528808594,397000
2019-10-29,57.97999954223633,57.97999954223633,57.86000061035156,57.880001068115234,56.95077896118164,266200
2019-10-30,57.84999847412109,58.08000183105469,57.83000183105469,58.060001373291016,57.12788772583008,417400
2019-10-31,58.209999084472656,58.38999938964844,58.209999084472656,58.369998931884766,57.43291091918945,1113300
2019-11-01,58.22999954223633,58.31999969482422,58.150001525878906,58.2400016784668,57.461517333984375,280500
2019-11-04,58.04999923706055,58.11000061035156,58.0,58.0,57.224727630615234,219700
2019-11-05,57.790000915527344,57.86000061035156,57.650001525878906,57.72999954223633,56.95833587646485,305000
2019-11-06,57.900001525878906,57.97999954223633,57.84000015258789,57.97999954223633,57.20499420166016,229800
2019-11-07,57.79999923706055,57.79999923706055,57.540000915527344,57.630001068115234,56.859676361083984,1818000
2019-11-08,57.59999847412109,57.72999954223633,57.58000183105469,57.58000183105469,56.81034469604492,1473700
2019-11-11,57.66999816894531,57.66999816894531,57.52000045776367,57.59999847412109,56.83007049560547,172000
2019-11-12,57.59999847412109,57.650001525878906,57.52000045776367,57.61000061035156,56.839942932128906,1615900
2019-11-13,57.77000045776367,57.790000915527344,57.70000076293945,57.72999954223633,56.95833587646485,485000
2019-11-14,57.93000030517578,58.0099983215332,57.900001525878906,57.97999954223633,57.20499420166016,193800
2019-11-15,57.93999862670898,58.02999877929688,57.93000030517578,57.93999862670898,57.16552734375,846800
2019-11-18,57.97999954223633,58.09999847412109,57.97999954223633,58.08000183105469,57.30366134643555,220900
2019-11-19,58.09999847412109,58.15999984741211,58.060001373291016,58.150001525878906,57.37272262573242,200300
2019-11-20,58.209999084472656,58.2599983215332,58.18000030517578,58.220001220703125,57.44178771972656,1225700
2019-11-21,58.150001525878906,58.18000030517578,58.08000183105469,58.13999938964844,57.36285781860352,171200
2019-11-22,58.2400016784668,58.25,58.13999938964844,58.2400016784668,57.461517333984375,245900
2019-11-25,58.29999923706055,58.40999984741211,58.27999877929688,58.400001525878906,57.619384765625,189200
2019-11-26,58.4900016784668,58.52999877929688,58.43000030517578,58.4900016784668,57.70817947387695,384600
2019-11-27,58.43999862670898,58.5,58.40999984741211,58.470001220703125,57.68844985961914,198900
2019-11-29,58.40999984741211,58.5,58.369998931884766,58.400001525878906,57.619384765625,183600
2019-12-02,58.040000915527344,58.060001373291016,57.93999862670898,58.02999877929688,57.41260528564453,1228400
2019-12-03,58.27000045776367,58.459999084472656,58.209999084472656,58.41999816894531,57.79845428466797,246900
2019-12-04,58.29999923706055,58.36000061035156,58.15999984741211,58.31999969482422,57.699520111083984,2024600
2019-12-05,58.18000030517578,58.27000045776367,58.15999984741211,58.25,57.63026809692383,432000
2019-12-06,58.119998931884766,58.27000045776367,58.040000915527344,58.16999816894531,57.551116943359375,614700
2019-12-09,58.310001373291016,58.310001373291016,58.130001068115234,58.209999084472656,57.59069061279297,1769300
2019-12-10,58.27000045776367,58.27000045776367,58.130001068115234,58.15999984741211,57.54122161865234,215200
2019-12-11,58.290000915527344,58.45000076293945,58.25,58.34999847412109,57.72919464111328,189500
2019-12-12,58.34000015258789,58.34999847412109,58.02000045776367,58.13999938964844,57.52143478393555,1735400
2019-12-13,58.33000183105469,58.52000045776367,58.220001220703125,58.45000076293945,57.8281364440918,1722200
2019-12-16,58.40999984741211,58.43999862670898,58.34000015258789,58.38999938964844,57.76877212524414,1162400
2019-12-17,58.40999984741211,58.41999816894531,58.310001373291016,58.33000183105469,57.709415435791016,253100
2019-12-18,58.31999969482422,58.34999847412109,58.25,58.2599983215332,57.64015579223633,1695900
2019-12-19,58.13999938964844,58.2400016784668,58.11000061035156,58.15999984741211,57.68975830078125,251500
2019-12-20,58.15999984741211,58.20000076293945,58.09999847412109,58.18000030517578,57.7095947265625,200800
2019-12-23,58.220001220703125,58.22999954223633,58.08000183105469,58.150001525878906,57.679832458496094,231500
2019-12-24,58.119998931884766,58.290000915527344,58.09999847412109,58.25,57.77902603149414,146900
2019-12-26,58.310001373291016,58.34000015258789,58.22999954223633,58.33000183105469,57.85837936401367,124100
2019-12-27,58.369998931884766,58.459999084472656,58.369998931884766,58.43000030517578,57.95756912231445,223400
2019-12-30,58.2599983215332,58.470001220703125,58.22999954223633,58.459999084472656,57.9873275756836,231100
2019-12-31,58.380001068115234,58.38999938964844,58.27999877929688,58.29999923706055,57.8286247253418,289200
2020-01-02,58.52999877929688,58.560001373291016,58.369998931884766,58.43000030517578,57.95756912231445,1670700
2020-01-03,58.4900016784668,58.61000061035156,58.459999084472656,58.54999923706055,58.076602935791016,517700
2020-01-06,58.650001525878906,58.650001525878906,58.400001525878906,58.4900016784668,58.017086029052734,354700
2020-01-07,58.43000030517578,58.459999084472656,58.380001068115234,58.400001525878906,57.92781448364258,287600
2020-01-08,58.380001068115234,58.5,58.27000045776367,58.31999969482422,57.84846115112305,971800
2020-01-09,58.2599983215332,58.5099983215332,58.25,58.4900016784668,58.017086029052734,1585900
2020-01-10,58.560001373291016,58.68000030517578,58.540000915527344,58.63999938964844,58.16587066650391,533600
2020-01-13,58.540000915527344,58.58000183105469,58.4900016784668,58.52999877929688,58.0567626953125,437900
2020-01-14,58.52999877929688,58.59000015258789,58.5099983215332,58.56999969482422,58.096439361572266,220900
2020-01-15,58.70000076293945,58.720001220703125,58.619998931884766,58.68999862670898,58.21546936035156,2755900
2020-01-16,58.70000076293945,58.77000045776367,58.65999984741211,58.75,58.27498626708984,245400
2020-01-17,58.65999984741211,58.77000045776367,58.650001525878906,58.709999084472656,58.23530578613281,358900
2020-01-21,58.83000183105469,58.97999954223633,58.79999923706055,58.91999816894531,58.443603515625,512800
2020-01-22,58.9900016784668,59.06999969482422,58.97999954223633,59.04999923706055,58.57255554199219,501800
2020-01-23,59.09999847412109,59.13999938964844,59.040000915527344,59.09000015258789,58.61223602294922,336600
2020-01-24,59.18999862670898,59.2400016784668,59.119998931884766,59.16999816894531,58.69158554077149,267300
2020-01-27,59.2599983215332,59.36000061035156,59.2599983215332,59.33000183105469,58.85029602050781,354100
2020-01-28,59.34000015258789,59.380001068115234,59.220001220703125,59.27999877929688,58.80069732666016,303900
2020-01-29,59.369998931884766,59.540000915527344,59.369998931884766,59.470001220703125,58.98916244506836,337100
2020-01-30,59.66999816894531,59.66999816894531,59.36000061035156,59.43999862670898,58.95940780639648,266200
2020-01-31,59.560001373291016,59.65999984741211,59.4900016784668,59.59999847412109,59.11811065673828,332000
2020-02-03,59.40999984741211,59.5099983215332,59.36000061035156,59.43999862670898,59.1141357421875,283100
2020-02-04,59.310001373291016,59.31999969482422,59.20000076293945,59.2599983215332,58.93511962890625,1869200
2020-02-05,59.15999984741211,59.220001220703125,59.13999938964844,59.209999084472656,58.88539505004883,664500
2020-02-06,59.220001220703125,59.27999877929688,59.18000030517578,59.220001220703125,58.89534378051758,322400
2020-02-07,59.38999938964844,59.47999954223633,59.34000015258789,59.41999816894531,59.09424591064453,329400
2020-02-10,59.5099983215332,59.560001373291016,59.45000076293945,59.52999877929688,59.20363998413086,326100
2020-02-11,59.52000045776367,59.54999923706055,59.43999862670898,59.43999862670898,59.1141357421875,278900
2020-02-12,59.43000030517578,59.43999862670898,59.369998931884766,59.43999862670898,59.1141357421875,316300
2020-02-13,59.43000030517578,59.5,59.38999938964844,59.43000030517578,59.104190826416016,187600
2020-02-14,59.56999969482422,59.61000061035156,59.52000045776367,59.540000915527344,59.21358489990234,204100
2020-02-18,59.619998931884766,59.68999862670898,59.52999877929688,59.61000061035156,59.283203125,218200
2020-02-19,59.58000183105469,59.66999816894531,59.56999969482422,59.61000061035156,59.283203125,235700
2020-02-20,59.630001068115234,59.75,59.59999847412109,59.72999954223633,59.40254592895508,236800
2020-02-21,59.880001068115234,59.97999954223633,59.81999969482422,59.869998931884766,59.54177474975586,239200
2020-02-24,60.02000045776367,60.040000915527344,59.93999862670898,59.93999862670898,59.61139297485352,318400
2020-02-25,59.970001220703125,60.09000015258789,59.90999984741211,59.959999084472656,59.63128280639648,696300
2020-02-26,59.84999847412109,60.02000045776367,59.81999969482422,59.83000183105469,59.50199890136719,368800
2020-02-27,59.90999984741211,59.90999984741211,59.61000061035156,59.61000061035156,59.283203125,591300
2020-02-28,59.7599983215332,60.130001068115234,59.63999938964844,60.02000045776367,59.690956115722656,577800
2020-03-02,59.970001220703125,60.18000030517578,59.81999969482422,59.84000015258789,59.66802215576172,460100
2020-03-03,59.93000030517578,60.65999984741211,59.900001525878906,60.41999816894531,60.24635314941406,712300
2020-03-04,60.790000915527344,60.790000915527344,60.40999984741211,60.40999984741211,60.23638534545898,442900
2020-03-05,60.619998931884766,60.65999984741211,60.400001525878906,60.4900016784668,60.31615447998047,313600
2020-03-06,61.02000045776367,61.040000915527344,60.540000915527344,60.790000915527344,60.61529159545898,331200
2020-03-09,60.060001373291016,60.18999862670898,59.13999938964844,59.630001068115234,59.45862579345703,776700
2020-03-10,59.540000915527344,59.56999969482422,58.18000030517578,58.2599983215332,58.092559814453125,2446100
2020-03-11,58.369998931884766,58.459999084472656,56.83000183105469,56.84000015258789,56.67664337158203,950700
2020-03-12,56.04999923706055,57.2400016784668,53.09000015258789,54.38999938964844,54.23368453979492,3696800
2020-03-13,55.31999969482422,56.5099983215332,54.650001525878906,56.06999969482422,55.90885543823242,1383200
2020-03-16,53.27000045776367,55.869998931884766,53.060001373291016,55.209999084472656,55.05132675170898,757300
2020-03-17,54.470001220703125,55.13999938964844,53.18000030517578,53.4900016784668,53.336273193359375,1086400
2020-03-18,52.4900016784668,52.86000061035156,50.45000076293945,51.29999923706055,51.152565002441406,735300
2020-03-19,50.47999954223633,50.70000076293945,49.150001525878906,49.310001373291016,49.16828536987305,709900
2020-03-20,50.29999923706055,51.29999923706055,49.52999877929688,50.06999969482422,49.92610168457031,1051900
2020-03-23,50.9900016784668,52.90999984741211,50.9900016784668,52.65999984741211,52.5086555480957,1726100
2020-03-24,53.209999084472656,54.09999847412109,52.20000076293945,53.31999969482422,53.1667594909668,1396600
2020-03-25,54.2400016784668,55.720001220703125,53.7400016784668,55.66999816894531,55.51000595092773,1342300
2020-03-26,55.5,55.66999816894531,54.91999816894531,55.45000076293945,55.2906379699707,720300
2020-03-27,54.93999862670898,55.52999877929688,54.66999816894531,55.470001220703125,55.31058120727539,298900
2020-03-30,55.380001068115234,56.130001068115234,55.380001068115234,55.91999816894531,55.75928497314453,671500
2020-03-31,56.040000915527344,56.29999923706055,55.560001373291016,56.02000045776367,55.85900115966797,765200
2020-04-01,55.900001525878906,55.900001525878906,54.95000076293945,55.150001525878906,55.150001525878906,963100
2020-04-02,44.76515234459964,45.12056152851014,44.55514034789597,44.70861053466797,,741400
2020-04-03,44.87822513250824,44.88630121086719,44.43396379035104,44.48242950439453,,454000
2020-04-06,44.92667917153069,45.37093734741211,44.6520463404101,45.37093734741211,,1525100
2020-04-07,45.25788078553064,45.39519882366421,45.17710764401525,45.37904357910156,,619700
2020-04-08,45.2417154333656,45.90406798726435,45.2417154333656,45.8556022644043,,588200
2020-04-09,46.8733586095721,47.608405138603246,46.485642063837815,47.15607070922852,,1073800
2020-04-13,47.35798811989208,47.39029550845481,46.881419474011786,47.02681350708008,,1708700
2020-04-14,47.29339440780092,47.40647803611468,46.92990911586541,46.97029876708984,,1256300
2020-04-15,47.08338091221995,47.366089974098685,46.88952106886191,47.22877502441406,,785600
2020-04-16,47.34184752573996,47.45493112392136,47.123756408691406,47.123756408691406,,1243800
2020-04-17,47.69726476714135,47.69726476714135,47.05914650598915,47.22877502441406,,529300
2020-04-20,47.188355474351,47.188355474351,46.89757051551147,46.986419677734375,,684300
2020-04-21,47.17222666682619,47.17222666682619,46.77643095381549,46.96221160888672,,2331700
2020-04-22,47.05106426311213,47.172227034506,46.83297312338152,46.95413589477539,,418900
2020-04-23,47.18837011546554,47.30953286354691,47.09952092567544,47.180294036865234,,511400
2020-04-24,47.21260486143135,47.25299141732357,46.9783585234411,47.10759735107422,,436300
2020-04-27,47.075284084878135,47.25298861783188,46.84104084206228,46.873348236083984,,2306500
2020-04-28,47.018761418482725,47.14800029102671,46.92990911586541,46.97029876708984,,823400
2020-04-29,47.22068786814439,47.3176193140632,47.14799082435386,47.23684310913086,,427700
2020-04-30,47.325693003027766,47.34184824319808,47.01067352294922,47.01067352294922,,637500
2020-05-01,47.05764713999911,47.05764713999911,46.72557091532302,46.871360778808594,,512000
2020-05-04,46.93615575374126,47.08194561134648,46.919956537375725,46.96045303344727,,357800
2020-05-05,46.99284785535635,47.06574277855788,46.91185177975222,46.92805099487305,,387600
2020-05-06,46.806565862779,46.806565862779,46.45829042954886,46.49878692626953,,322300
2020-05-07,46.61216862392659,46.71746196517091,46.43398345761007,46.62026977539063,,723900
2020-05-08,46.49069595336914,46.65268196495726,46.409699857889954,46.49069595336914,,621500
2020-05-11,46.48257403833849,46.52307052314846,46.190994404212695,46.26388931274414,,538500
2020-05-12,46.74987738892832,46.76607660806207,46.45019646948177,46.56359100341797,,558600
2020-05-13,46.806566644328754,46.806566644328754,46.60408106765976,46.65267562866211,,616800
2020-05-14,46.73367206867484,46.90375921284644,46.62028063922712,46.871360778808594,,602500
2020-05-15,46.960462999561365,47.04145909857832,46.87946999022967,46.98476028442383,,725100
2020-05-18,47.24392505963291,47.24392505963291,47.0819360186665,47.15483093261719,,734600
2020-05-19,47.22774019039089,47.28443590849594,47.0657511002258,47.18724060058594,,694100
2020-05-20,47.3573269568876,47.54361331389496,47.22773631333098,47.47071838378906,,906500
2020-05-21,47.69749189218314,47.69749189218314,47.50310750977642,47.52740478515625,,655200
2020-05-22,47.63270355181574,47.640801614636445,47.49501176638849,47.57600784301758,,512700
2020-05-26,47.72989575408624,47.72989575408624,47.53550825986083,47.57600784301758,,535400
2020-05-27,47.7703854036862,47.7703854036862,47.58409908865439,47.729888916015625,,480900
2020-05-28,47.746090068709584,47.81898498535156,47.62459751107826,47.81898498535156,,584900
2020-05-29,47.883791093182246,48.12677318139358,47.78659887583469,48.045780181884766,,1371200
2020-06-01,47.87771800247102,48.05633379945231,47.87771800247102,48.01573944091797,,1050600
2020-06-02,48.08069093206181,48.18623564051787,48.0400934780316,48.13752365112305,,565700
2020-06-03,48.194350345900965,48.2430623292068,47.99949312122608,48.16999435424805,,1210700
2020-06-04,48.16188628222649,48.22683973990431,47.94267300829086,48.04010009765625,,1141000
2020-06-05,48.2999113053161,48.2999113053161,48.0076269371996,48.21871948242188,,729100
2020-06-08,48.29178021858767,48.4054456491134,48.2593034963944,48.33237457275391,,1409100
2020-06-09,48.3810920715332,48.421686427726165,48.332376985811145,48.3810920715332,,913100
2020-06-10,48.421669043758335,48.68959727331392,48.25117095066828,48.67335891723633,,793600
2020-06-11,48.63278067395211,48.63278067395211,48.08880640531165,48.17811584472656,,594700
2020-06-12,48.51098880917404,48.52722716871801,48.24306052242424,48.31613159179688,,515000
2020-06-15,48.35674522902561,49.12804743411757,48.21872067526663,48.94131088256836,,490000
2020-06-16,49.13614974240157,49.152388101293816,48.68148498486936,48.68960571289063,,321900
2020-06-17,48.85199161321604,48.86822997493558,48.486639314554246,48.71397018432617,,469400
2020-06-18,48.77892006978608,48.81951442254567,48.63277792213108,48.80327606201172,,531600
2020-06-19,48.876345781959145,48.94129612514524,48.77891871860475,48.860107421875,,454300
2020-06-22,48.93318201583831,48.97377637039536,48.74644550715524,48.7626838684082,,391900
2020-06-23,48.82763421626936,48.90882602253421,48.73832477795339,48.7626838684082,,389800
2020-06-24,48.778919855604734,48.79515511891681,48.55158590627816,48.72208404541016,,428900
2020-06-25,48.80327822296527,48.81951658421824,48.64089770758629,48.7626838684082,,576100
2020-06-26,48.80327305404112,48.8763441233649,48.68960763445975,48.81951141357422,,368900
2020-06-29,48.88446421973549,48.93317930079144,48.71396608176544,48.876346588134766,,267100
2020-06-30,48.99000038527042,49.07930979743277,48.86821426011272,49.05495071411133,,909800
2020-07-01,48.95568092484592,49.2324047579672,48.94754025356672,49.191707611083984,,314200
2020-07-02,49.19983223930896,49.37888658723226,49.183554006814944,49.2730827331543,,692600
2020-07-06,49.26495950722281,49.40332298003299,49.25682194047233,49.36262893676758,,627800
2020-07-07,49.39518645153932,49.42774293078491,49.31379835818208,49.41146469116211,,480200
2020-07-08,49.517258252758936,49.517258252758936,49.33820077027772,49.3788948059082,,289000
2020-07-09,49.4602820840248,49.64747711697715,49.41144738226328,49.63119888305664,,359600
2020-07-10,49.64747479639963,49.70444706008063,49.51725203587798,49.54980850219727,,305100
2020-07-13,49.55795449596111,49.6474832411898,49.41959414770299,49.46842575073242,,525100
2020-07-14,49.50912739752269,49.72073827433443,49.50912739752269,49.71260070800781,,382900
2020-07-15,49.79397003677639,49.80210760003823,49.70444131712045,49.76141357421875,,424600
2020-07-16,49.87537662385583,49.91607376955495,49.75329450102739,49.89979553222656,,958600
2020-07-17,50.01373117339415,50.04628764224746,49.89164596757213,50.03814697265625,,655800
2020-07-20,49.98119097999039,50.1032762255672,49.98119097999039,50.08699798583984,,360900
2020-07-21,50.10325646505029,50.24975746006038,50.10325646505029,50.16022872924805,,416000
2020-07-22,50.22535243280486,50.32302185963043,50.217214866280926,50.30674362182617,,677500
2020-07-23,50.31485854586828,50.37997146778349,50.29044275252758,50.36369323730469,,351600
2020-07-24,50.34742528929394,50.371841087621085,50.20906185434363,50.3230094909668,,270500
2020-07-27,50.339302554497216,50.34744322667699,50.15210745620025,50.20907974243164,,176500
2020-07-28,50.26605202866303,50.2904709404456,50.18466393540583,50.20907974243164,,323100
2020-07-29,50.233496535633336,50.428829193115234,50.20907762488064,50.428829193115234,,649600
2020-07-30,50.42881959419413,50.44509783001189,50.314875048225794,50.396263122558594,,188600
2020-07-31,50.40438486510914,50.46949467917429,50.282299694699056,50.46135711669922,,237800
2020-08-03,50.440156547990135,50.55434786611863,50.38306088892589,50.52172088623047,,543900
2020-08-04,50.56251416466819,50.62776502328565,50.54620067214369,50.61960983276367,,729000
2020-08-05,50.595136070873295,50.66039003843394,50.54619870668324,50.603294372558594,,363500
2020-08-06,50.66854564509792,50.7664265972434,50.61960828050564,50.7419548034668,,704200
2020-08-07,50.80721293786181,50.80721293786181,50.595140635636696,50.644081115722656,,324400
2020-08-10,50.72565028005092,50.72565028005092,50.51358106920149,50.55436325073242,,409600
2020-08-11,50.40754932504299,50.43202112529072,50.26073096948175,50.325984954833984,,331200
2020-08-12,50.334124005917865,50.334124005917865,50.16283701651916,50.252559661865234,,474800
2020-08-13,50.21178655931275,50.21994175059893,49.80395854242533,49.90183639526367,,1537500
2020-08-14,49.90998021862822,49.90998021862822,49.64897059618851,49.73869323730469,,655100
2020-08-17,49.77948270033466,49.90183234005063,49.746858826360246,49.83657836914063,,570500
2020-08-18,49.918150755007424,50.00787341811558,49.83658328332688,49.97524642944336,,410400
2020-08-19,50.016017486709785,50.06495795883446,49.8447305014937,49.87735748291016,,437600
2020-08-20,49.9915638542348,50.0405012296098,49.91815467969115,50.00787734985352,,260200
2020-08-21,49.983381596641344,50.08126252344517,49.92628594507894,50.06494903564453,,1124700
2020-08-24,50.0323314046659,50.13836753943476,49.99970442297082,50.01601791381836,,284700
2020-08-25,49.84474303950447,49.89368041245872,49.73055168730324,49.820274353027344,,476900
2020-08-26,49.82843780517578,49.85290649570929,49.68161943901174,49.82843780517578,,466300
2020-08-27,49.92631026750914,49.92631026750914,49.51032701611853,49.51848220825195,,395000
2020-08-28,49.6081951643231,49.66529083251953,49.53478600357332,49.66529083251953,,534900
2020-08-31,49.714246434044085,49.86921999322546,49.66530594149557,49.82843780517578,,651900
2020-09-01,49.707448273872615,50.08346176147461,49.707448273872615,50.08346176147461,,414700
2020-09-02,50.05895289439528,50.361398331928775,50.001730453351314,50.2469596862793,,3169300
2020-09-03,50.28779375301552,50.28779375301552,50.12430875557879,50.14883041381836,,731400
2020-09-04,49.95265226404213,50.001695581849226,49.69925035524296,49.7809944152832,,437200
2020-09-08,49.87910932697297,49.90363099824468,49.76467070341352,49.83006286621094,,426100
2020-09-09,49.86275855971254,49.919977869258005,49.78101757985287,49.79736328125,,458000
2020-09-10,49.80553454322956,49.88727551536419,49.70744475302436,49.84640502929688,,431200
2020-09-11,49.88727462404271,49.93632107737811,49.821882471146985,49.895450592041016,,203700
2020-09-14,50.009878898264304,50.01805174636119,49.91178913001416,49.9526596069336,,894600
2020-09-15,49.98536602849083,50.0098876953125,49.92814672709489,50.0098876953125,,380600
2020-09-16,50.0180768804879,50.09982099362076,49.94450873777786,50.00172805786133,,563800
2020-09-17,50.07527141717056,50.08344738354691,49.93631117094792,50.034400939941406,,1189000
2020-09-18,50.07528330631656,50.07528330631656,49.90362539026763,49.92815017700195,,229900
2020-09-21,50.01806418071421,50.01806418071421,49.838233413919774,49.96902084350586,,442900
2020-09-22,49.89544900652907,49.98536594234431,49.89544900652907,49.94449234008789,,393300
2020-09-23,49.93632803605792,49.96084970703366,49.61753384049886,49.64205551147461,,2266500
2020-09-24,49.64205133896392,49.69109779501156,49.478566270356815,49.56031036376953,,489000
2020-09-25,49.519414462162885,49.60115539540677,49.470368031286526,49.59297943115234,,431500
2020-09-28,49.625707910896175,49.7646713256836,49.625707910896175,49.7646713256836,,239200
2020-09-29,49.77283636524475,49.82188281892252,49.69109539399998,49.72379302978516,,468200
2020-09-30,49.67474951296085,49.707447150679165,49.58483256834466,49.68292236328125,,627000
2020-10-01,49.63539724619032,49.78287491271032,49.6272021324547,49.7664909362793,,382700
2020-10-02,49.76649009850145,49.79926117633193,49.65178038677454,49.75010299682617,,1520400
2020-10-05,49.676373840561865,49.74191913657151,49.61902053448314,49.62721252441406,,3307400
2020-10-06,49.72552569548905,49.774687005373046,49.5288867069938,49.57804489135742,,886600
2020-10-07,49.62720620124142,49.7173337066019,49.5288867069938,49.57804489135742,,1028500
2020-10-08,49.75829812345012,49.75829812345012,49.65178351860238,49.692752838134766,,1092200
2020-10-09,49.66817311245946,49.80746192971116,49.61901492738745,49.79926681518555,,498700
2020-10-12,49.92216527559759,50.06964607224351,49.89758618466334,50.06145095825195,,554000
2020-10-13,50.04506981213008,50.04506981213008,49.91397298501131,50.02868270874024,,635700
2020-10-14,50.0614508103904,50.0942250152194,49.97951842383809,50.045066833496094,,573600
2020-10-15,50.004103779272185,50.06145708214813,49.97952468533124,49.98771667480469,,497400
2020-10-16,50.01229989470818,50.09423229316405,49.922172381094335,49.963138580322266,,460600
2020-10-19,49.97131422575208,49.97131422575208,49.82383346557617,49.82383346557617,,509900
2020-10-20,49.79107482618034,49.84023613677278,49.75830061911872,49.79926681518555,,345200
2020-10-21,49.733723831946506,49.79926912358763,49.70914161275059,49.725528717041016,,430800
2020-10-22,49.70913147753669,49.70913147753669,49.586232908697205,49.6190071105957,,454500
2020-10-23,49.66817046144568,49.76649307738263,49.61901227899745,49.73371887207031,,517200
2020-10-26,49.80745613238516,49.83203522206029,49.75829482751484,49.79106903076172,,594800
2020-10-27,49.864810626903136,49.96313011349293,49.84023153663572,49.94674301147461,,632700
2020-10-28,49.995909094940366,50.036875291140674,49.75830078125,49.75830078125,,511000
2020-10-29,49.81565142017115,49.81565142017115,49.58623823328702,49.692752838134766,,427100
2020-10-30,49.69274429212562,49.7091282664966,49.487910231771465,49.512489318847656,,539600
2020-11-02,49.668533246365016,49.69316941333153,49.61104676825775,49.627471923828125,,400400
2020-11-03,49.64389793212892,49.6521089436661,49.56998629718171,49.60283660888672,,481500
2020-11-04,50.07915697789744,50.26804158378399,50.07915697789744,50.194129943847656,,1109900
2020-11-05,50.32551752892679,50.42406845005824,50.27624520113878,50.31730651855469,,453800
2020-11-06,50.28446945822366,50.28446945822366,50.14486031567601,50.20234680175781,,1107000
2020-11-09,50.210545269848105,50.24339557733864,49.85741229626923,49.890262603759766,,1497100
2020-11-10,49.857412129318455,49.95596305146005,49.79171464733513,49.80813980102539,,613000
2020-11-11,49.84921357511559,49.91491107351532,49.78351294393735,49.86563873291016,,307000
2020-11-12,49.98061765994842,50.08737963194464,49.939556326958765,50.06274032592773,,501100
2020-11-13,50.120206792011466,50.18590740476587,50.08735961841191,50.15305709838867,,1233400
2020-11-16,50.177701810660096,50.29267790256902,50.177701810660096,50.27625274658203,,674100
2020-11-17,50.31731608365797,50.41586389074521,50.31731608365797,50.39122772216797,,551900
2020-11-18,50.489767116897184,50.50619227080477,50.42406963404465,50.45691680908203,,610800
2020-11-19,50.60474107124505,50.752564326585166,50.530829443574994,50.72792816162109,,659300
2020-11-20,50.68686116426336,50.73613348867181,50.54724893529194,50.695072174072266,,710400
2020-11-23,50.71972079309833,50.75257110595703,50.67044845658855,50.75257110595703,,896700
2020-11-24,50.752565264668384,50.752565264668384,50.58831685205706,50.63759231567383,,3552500
2020-11-25,50.70330828148562,50.7279444543623,50.63760764344265,50.67866897583008,,587700
2020-11-27,50.77721234178853,50.83469882509257,50.768998196871735,50.82648468017578,,188000
2020-11-30,50.900395445174816,50.97430708426297,50.81005864931392,50.95788192749024,,860800
2020-12-01,50.87475249131566,50.96528896808992,50.71013529205095,50.792442321777344,,453900
2020-12-02,50.759522141410734,50.759522141410734,50.59490806935088,50.68544769287109,,499500
2020-12-03,50.80068045086863,50.89944952527816,50.751294343757735,50.817142486572266,,449100
2020-12-04,50.71833748362774,50.71833748362774,50.57018239788759,50.65249252319336,,487900
2020-12-07,50.69366942179195,50.784209031526366,50.64428332380636,50.718360900878906,,545100
2020-12-08,50.80066512145845,50.80066512145845,50.66897201538086,50.66897201538086,,694400
2020-12-09,50.57845745186559,50.57845745186559,50.438531691253,50.53730392456055,,882000
2020-12-10,50.60314456531343,50.743070313828525,50.594915116489055,50.72660827636719,,900500
2020-12-11,50.75127898280846,50.78420304425056,50.68543399973558,50.775970458984375,,923100
2020-12-14,50.66896168841562,50.80065476765253,50.66072910481981,50.76773071289063,,281800
2020-12-15,50.75129158573184,50.84183120727539,50.74306213823337,50.84183120727539,,572500
2020-12-16,50.76775407175873,50.858293694107,50.6442903794998,50.759521484375,,1102500
2020-12-17,50.946767274685776,50.946767274685776,50.773535817832006,50.8477783203125,,608700
2020-12-18,50.9137771127281,50.9137771127281,50.77353986495247,50.81478500366211,,388000
2020-12-21,50.86428578679698,50.86428578679698,50.68280338344019,50.78179550170898,,669800
2020-12-22,50.85604095458984,50.88078741218513,50.781798435001136,50.85604095458984,,301100
2020-12-23,50.87253189086914,50.88903057670706,50.69105264025717,50.87253189086914,,487700
2020-12-24,50.93852107914797,51.02101135253906,50.93852107914797,51.02101135253906,,525300
2020-12-28,50.93851766256029,51.04575752821762,50.92201897962825,51.01276016235352,,500300
2020-12-29,50.96326768795237,51.06225979248765,50.96326768795237,51.04576110839844,,448100
2020-12-30,51.04576758785979,51.111759185791016,51.02926890167633,51.111759185791016,,473300
2020-12-31,51.136497614463046,51.1612440649295,51.103500249306485,51.119998931884766,,431900
2021-01-04,51.0705237180536,51.0705237180536,50.92203866107744,50.97153472900391,,775800
2021-01-05,50.84777883129186,50.84777883129186,50.699293824838726,50.82303237915039,,449100
2021-01-06,50.4765625419779,50.52605858936311,50.34457622908593,50.5178108215332,,677300
2021-01-07,50.39406489394563,50.50130474083576,50.38581712732399,50.484806060791016,,840900
2021-01-08,50.49306932760486,50.49306932760486,50.3528352243781,50.45182418823242,,1367000
2021-01-11,50.34458274759533,50.36108143219329,50.27859115600586,50.27859115600586,,473800
2021-01-12,50.26209136717212,50.40232546297033,50.15485149304261,50.38582992553711,,4180300
2021-01-13,50.476571838279256,50.70755028848109,50.476571838279256,50.67455291748047,,2380800
2021-01-14,50.6993126079787,50.73230998759367,50.484835934088025,50.52608108520508,,1631600
2021-01-15,50.60855192886588,50.62505061232975,50.534309426679485,50.57555770874024,,2526000
2021-01-19,50.55906577854761,50.67455343141855,50.54256709287998,50.64980697631836,,1323800
2021-01-20,50.64154815673828,50.699291974162,50.61680170550013,50.64154815673828,,1123000
2021-01-21,50.50132675523079,50.5590705871582,50.443582923303374,50.5590705871582,,671900
2021-01-22,50.48481738681049,50.559059890267065,50.4518200193182,50.50131607055664,,659600
2021-01-25,50.58380018117588,50.69928780652988,50.56730149943935,50.6910400390625,,796900
2021-01-26,50.58380018117588,50.72403740253558,50.5755524137085,50.6910400390625,,614400
2021-01-27,50.71579487146363,50.72404578709664,50.59205945818909,50.63330459594727,,624600
2021-01-28,50.6085635020658,50.65805956377622,50.52607321268459,50.5590705871582,,573900
2021-01-29,50.42708091197132,50.58381371018511,50.39408353967285,50.493072509765625,,1190200
2021-02-01,50.50713082625128,50.60632877342792,50.47406799720471,50.58152770996094,,436900
2021-02-02,50.42445127875465,50.5153811216613,50.40791829337667,50.465782165527344,,625100
2021-02-03,50.41619662863697,50.43272646403627,50.36659766240352,50.391395568847656,,1218200
2021-02-04,50.34179567691378,50.44099044799805,50.2921967146992,50.44099044799805,,1413300
2021-02-05,50.44925436752904,50.49058841189639,50.31699362425015,50.333526611328125,,736100
2021-02-08,50.3831279191282,50.49059076346759,50.358326860683725,50.48232269287109,,1176100
2021-02-09,50.515395047416966,50.54019295564781,50.39139919957198,50.42446517944336,,1065600
2021-02-10,50.49886303560143,50.54019393456851,50.46579705508959,50.53192901611328,,1051500
2021-02-11,50.5484532894572,50.556718206487176,50.40792447318832,50.44099044799805,,743700
2021-02-12,50.30046463012695,50.38312957207891,50.24260074743314,50.30046463012695,,2012300
2021-02-16,50.11034276753646,50.11034276753646,49.994614995742666,50.035945892333984,,1240700
2021-02-17,50.17647915396806,50.20954513549805,50.0938142001431,50.20954513549805,,856900
2021-02-18,50.11860647746518,50.18473527558759,50.02767662086997,50.13513946533203,,652400
2021-02-19,50.01114420301981,50.0607431671857,49.82101957040147,49.86235046386719,,718100
2021-02-22,49.76316219733385,49.86235698529413,49.58957053006699,49.6143684387207,,564000
2021-02-23,49.49863819965562,49.65569686889648,49.44903923146863,49.65569686889648,,1057800
2021-02-24,49.38291024546416,49.705295654129735,49.32504320611968,49.68876266479492,,1218000
2021-02-25,49.424248160657456,49.45731414402264,48.77947409841938,49.0274658203125,,1299200
2021-02-26,49.325048388933205,49.581305020530905,49.16798970376755,49.5565071105957,,775000
2021-03-01,49.4753154624683,49.61613082885742,49.45874876290635,49.61613082885742,,1462800
2021-03-02,49.59128148599367,49.740378629150335,49.48360267353885,49.55815124511719,,1188900
2021-03-03,49.32621993810111,49.4007685086786,49.243389597359446,49.26823806762695,,906500
2021-03-04,49.26825618926879,49.30967137487278,48.9037981322671,48.94521331787109,,780800
2021-03-05,48.854086127126926,48.945201409152375,48.67185556307602,48.920352935791016,,558500
2021-03-08,48.8209419483458,48.82922687748806,48.51446592534992,48.52275085449219,,4057200
2021-03-09,48.72154489381172,48.87064202055471,48.72154489381172,48.82094192504883,,405400
2021-03-10,48.8789251657503,49.04458899565832,48.85407669718526,49.003173828125,,964400
2021-03-11,49.06943345797814,49.119130387850575,48.97003327868473,49.02801513671875,,2457400
2021-03-12,48.67185400165138,48.70498740492049,48.53932354835021,48.58074188232422,,1059500
2021-03-15,48.63043805901087,48.74640180884506,48.63043805901087,48.69670486450195,,916000
2021-03-16,48.74640068638968,48.78781901875549,48.62215516861763,48.671852111816406,,399400
2021-03-17,48.514474246388126,48.79610184981034,48.448210600758,48.704986572265625,,647500
2021-03-18,48.381944272047605,48.53104142590339,48.3156806257646,48.43992614746094,,576100
2021-03-19,48.44819788908988,48.547594911343225,48.40677956669116,48.514461517333984,,941400
2021-03-22,48.647003640217015,48.78781901875549,48.61387023823442,48.671852111816406,,508400
2021-03-23,48.72154442440728,48.82922638374525,48.680129258438726,48.79609298706055,,618500
2021-03-24,48.73812230855543,48.94520134569923,48.71327383522629,48.92863464355469,,3106800
2021-03-25,48.945203643076375,48.97833704892067,48.79610647655253,48.87065505981445,,1202600
2021-03-26,48.779531099940925,48.91206153997684,48.76296439996457,48.8375129699707,,1257900
2021-03-29,48.84581876475703,48.86238547180999,48.68843662764198,48.76298522949219,,940000
2021-03-30,48.70498686162002,48.85408401489258,48.6470049864335,48.85408401489258,,2601700
2021-03-31,48.9120712920156,49.044601758475295,48.854089410425445,48.90378952026367,,1290400
2021-04-01,49.11128849437316,49.16939163208008,49.03659124491637,49.16939163208008,,754500
2021-04-05,49.011685993732094,49.078087766352525,48.96188783047755,48.97848510742188,,1265600
2021-04-06,49.06148551746363,49.26898629994913,49.06148551746363,49.24408721923828,,2111500
2021-04-07,49.24409362925411,49.26069090774799,49.11959187707237,49.136192321777344,,1242100
2021-04-08,49.22748893241908,49.327088425834695,49.21918712767813,49.31878662109375,,475800
2021-04-09,49.2274927314628,49.35199131628758,49.185990036976825,49.25239181518555,,1260900
2021-04-12,49.19428589160592,49.24408721923828,49.15278636835096,49.24408721923828,,1239800
2021-04-13,49.20258688865031,49.43498992919922,49.20258688865031,49.43498992919922,,3379600
2021-04-14,49.36029266949921,49.418392641794085,49.31878997539342,49.36859130859375,,1515300
2021-04-15,49.5179885502476,49.72548934088159,49.5179885502476,49.61758804321289,,1660000
2021-04-16,49.41007723653449,49.48477763266845,49.36027908325195,49.36027908325195,,1033300
2021-04-19,49.2606888763522,49.31878884731815,49.244091598542745,49.28559112548828,,447100
2021-04-20,49.26898698022521,49.43498824174778,49.26068517573319,49.37688827514648,,933400
2021-04-21,49.37688885732195,49.48478698730469,49.33538616679394,49.48478698730469,,1670400
2021-04-22,49.51799392700195,49.55949345639269,49.426693062615655,49.51799392700195,,498200
2021-04-23,49.53458897941611,49.61758802916188,49.49308945454322,49.55118942260742,,2106200
2021-04-26,49.567781111231646,49.59268018851559,49.51797979045352,49.53458023071289,,570000
2021-04-27,49.52627714914061,49.52627714914061,49.34367864342106,49.36027908325195,,672700
2021-04-28,49.360292115429935,49.39348983764648,49.227491727930754,49.39348983764648,,2088200
2021-04-29,49.23578766647784,49.34368896484375,49.169389059475535,49.34368896484375,,857100
2021-04-30,49.35198492554585,49.42668533325195,49.31878404074077,49.42668533325195,,630300
2021-05-03,49.46410273766156,49.56389492900048,49.3975756675478,49.49736785888672,,553300
2021-05-04,49.59718964643368,49.61382221697144,49.46413225447005,49.53066253662109,,506900
2021-05-05,49.47243906414949,49.58886385954342,49.45580649733068,49.57223129272461,,613000
2021-05-06,49.54726192733874,49.65536880493164,49.53894406147077,49.65536880493164,,1118900
2021-05-07,49.75516416132924,49.83832378599092,49.59715643320121,49.65536880493164,,661400
2021-05-10,49.60547704900618,49.672004117956256,49.455787178447885,49.47241973876953,,2437600
2021-05-11,49.33935928344727,49.3726212296338,49.28114373986414,49.33935928344727,,790900
2021-05-12,49.20630434481359,49.23956946707859,49.06493233369235,49.11483001708984,,898500
2021-05-13,49.22294090507785,49.30610371749693,49.20630834259404,49.2728385925293,,1228600
2021-05-14,49.37262287095872,49.44746780395508,49.33936092366644,49.44746780395508,,1545000
2021-05-17,49.43916799219086,49.43916799219086,49.380955601486,49.40590286254883,,1130000
2021-05-18,49.3310523213816,49.33937018901897,49.28115463256836,49.28115463256836,,384000
2021-05-19,49.27283288505105,49.34767782139016,49.07324533070124,49.206302642822266,,3729500
2021-05-20,49.35599363881644,49.48905095396577,49.33104638358114,49.46410369873047,,1684400
2021-05-21,49.55558023486247,49.572212795475046,49.46410273766156,49.49736785888672,,898200
2021-05-24,49.54726448483933,49.62210624749617,49.372624188297216,49.588844299316406,,1798700
2021-05-25,49.64706019710185,49.763484954833984,49.64706019710185,49.763484954833984,,694100
2021-05-26,49.68863716493737,49.77179679502357,49.65537204396827,49.73021697998047,,790100
2021-05-27,49.68863870347086,49.69695339780231,49.5805286431421,49.622108459472656,,2109500
2021-05-28,49.6470588871403,49.76348364180051,49.622108459472656,49.622108459472656,,800100
2021-06-01,49.59461564252186,49.66127341878021,49.52795468769423,49.64461135864258,,569200
2021-06-02,49.702947414151566,49.74460892943736,49.68628217232328,49.73627471923828,,911000
2021-06-03,49.602941975637314,49.63627244989503,49.55294944281972,49.57794570922852,,874000
2021-06-04,49.6779409218102,49.85292434692383,49.66960989136165,49.85292434692383,,485400
2021-06-07,49.811257582273214,49.83625702971542,49.77793028329907,49.82792282104492,,548700
2021-06-08,49.94456454864652,49.96956399019972,49.91123725752315,49.93623352050781,,390000
2021-06-09,50.12788655084832,50.16954805499322,50.04456354255853,50.11122131347656,,897700
2021-06-10,50.0195602420937,50.28619766235352,49.99456397724708,50.28619766235352,,755200
2021-06-11,50.31954049095539,50.32787470032999,50.24454849943179,50.2945442199707,,722200
2021-06-14,50.244545304350055,50.244545304350055,50.08623030056517,50.13622283935547,,1527600
2021-06-15,50.111229816789226,50.18622180840295,50.07789933638989,50.17789077758789,,1846900
2021-06-16,50.21955765481193,50.30288068614386,49.91125862459992,50.02791213989258,,1496900
2021-06-17,50.16122694452759,50.44452967873012,50.144561703860425,50.26121520996094,,1597500
2021-06-18,50.34454164461531,50.527856125800575,50.277883856001495,50.4861946105957,,980800
2021-06-21,50.32787590445063,50.336206935455,50.21955342997609,50.25288391113281,,834800
2021-06-22,50.12787833407916,50.327857971191406,50.08621683676325,50.327857971191406,,644400
2021-06-23,50.25288391113281,50.31121066387227,50.21955342997609,50.25288391113281,,555800
2021-06-24,50.31121207122391,50.3528735845504,50.26955055789743,50.33620834350586,,599500
2021-06-25,50.35287391933136,50.35287391933136,50.11956690029607,50.22788619995117,,1477600
2021-06-28,50.30286259726103,50.41951607060516,50.294531568551626,50.3945198059082,,460500
2021-06-29,50.3028792638845,50.4278669859184,50.3028792638845,50.419532775878906,,548100
2021-06-30,50.50285985239162,50.561186609392415,50.46119833718676,50.4861946105957,,975800
2021-07-01,50.477002294784526,50.51874578869885,50.376817272425264,50.46030426025391,,451400
2021-07-02,50.47699752031911,50.58553314208984,50.4436014544167,50.58553314208984,,416800
2021-07-06,50.66066867457756,50.835993229405,50.66066867457756,50.75250625610352,,579800
2021-07-07,50.81096230412376,50.9361927998865,50.777566231323775,50.86940383911133,,2545100
2021-07-08,50.87775383559471,50.97794205905686,50.84436094593228,50.93619537353516,,1221100
2021-07-09,50.7358283996582,50.76922447618835,50.71078293467316,50.7358283996582,,783800
2021-07-12,50.78589775237239,50.79424517502233,50.68570957163149,50.71075820922852,,586600
2021-07-13,50.73581446788102,50.78590856892068,50.493697756759104,50.55213928222656,,797600
2021-07-14,50.68571978128063,50.77755737304688,50.67737235694926,50.77755737304688,,717500
2021-07-15,50.88610187551132,50.88610187551132,50.7358227327362,50.86940383911133,,603500
2021-07-16,50.71912236444015,50.84435603926986,50.71912236444015,50.79426193237305,,619100
2021-07-19,51.04471528738707,51.161598327235815,51.01131922319487,51.11150741577149,,744700
2021-07-20,51.26177835028078,51.29517122432722,51.00296367127415,51.061405181884766,,1038300
2021-07-21,50.88610100719842,50.936191930718856,50.81930886273818,50.87775039672852,,619300
2021-07-22,50.92784402049494,51.08647058484155,50.89444794858258,51.05307769775391,,589700
2021-07-23,50.90279315403839,51.028023633175486,50.87774451035146,51.019676208496094,,796300
2021-07-26,51.0614326446322,51.069780071427495,50.91950409533578,50.94454956054688,,772400
2021-07-27,51.094809383675376,51.11985483940754,51.01131922319487,51.11150741577149,,609700
2021-07-28,51.036374251547656,51.18665337439779,50.99463075849471,51.17830276489258,,1370700
2021-07-29,51.08647242586655,51.11986849898241,51.03638150101759,51.078125,,359200
2021-07-30,51.1031700892374,51.17830966078695,51.07812462699581,51.136566162109375,,530500
2021-08-02,51.18173671394775,51.35739145059926,51.15664454761058,51.248653411865234,,427900
2021-08-03,51.28211094626332,51.34066146062922,51.24865259783603,51.29047393798828,,330100
2021-08-04,51.39919995604768,51.44938427619002,51.123173432212845,51.298828125,,397100
2021-08-05,51.24029232337991,51.24029232337991,51.13155746459961,51.13155746459961,,349600
2021-08-06,50.90570931186904,50.95589364059998,50.805337463643625,50.82206344604492,,321700
2021-08-09,50.81369278198157,50.85551411319685,50.63804127641959,50.64640426635742,,514300
2021-08-10,50.68822985876714,50.68822985876714,50.55439967316976,50.57112884521485,,559500
2021-08-11,50.57113774585827,50.73006331287623,50.48749506167484,50.62968826293945,,438200
2021-08-12,50.63803783300555,50.68822215074611,50.58785032450217,50.67985916137695,,303200
2021-08-13,50.76351990513351,50.93917465209961,50.74679072967178,50.93917465209961,,457200
2021-08-16,51.04790277683644,51.12318246110813,50.95589391930842,50.96426010131836,,269900
2021-08-17,50.91407130402483,50.97262181357106,50.86388697627861,50.90570831298828,,386600
2021-08-18,50.88897995113823,50.94753046161753,50.80533727638592,50.863887786865234,,427100
2021-08-19,50.9391667627466,51.014446445283205,50.87225007126362,50.97262191772461,,463100
2021-08-20,51.014444168462,51.04789932194688,50.97261964277007,50.99771499633789,,1036900
2021-08-23,51.014442443847656,51.056263777362425,50.98098410073055,51.014442443847656,,1160000
2021-08-24,50.97262181357106,50.99771716820763,50.88897914015172,50.90570831298828,,636500
2021-08-25,50.93078088691957,50.94751005332144,50.74676324726114,50.80531692504883,,643300
2021-08-26,50.86387941944155,50.86387941944155,50.73841223718972,50.79696273803711,,5343700
2021-08-27,50.83878276716788,51.03952961547952,50.78023226781926,51.02280044555664,,1222500
2021-08-30,50.997720447945454,51.1064552922308,50.964262100120585,51.08972930908203,,893500
2021-08-31,51.07298795532528,51.15663061417676,50.9809791161309,51.02280044555664,,647100
2021-09-01,51.09822716529521,51.09822716529521,50.94739580168846,51.031192779541016,,1185200
2021-09-02,51.10659687796352,51.11497497558594,51.04793740849804,51.11497497558594,,988100
2021-09-03,50.97254357280003,51.02281856996632,50.94740287768858,50.98929977416992,,874900
2021-09-07,50.83007819144159,50.83845629013256,50.71276563060273,50.78818130493164,,492100
2021-09-08,50.87198209575948,50.96415717671346,50.8133258072484,50.92226028442383,,583000
2021-09-09,50.99767852789185,51.20716619637873,50.94740033670486,51.190406799316406,,940400
2021-09-10,51.148502892766295,51.16526228753101,51.00604963553008,51.05632781982422,,522400
2021-09-13,51.14012384424496,51.207161426249485,51.14012384424496,51.156883239746094,,389700
2021-09-14,51.207164618339775,51.35799599072445,51.18202712178501,51.290958404541016,,3016000
2021-09-15,51.26582200637068,51.28258140327562,51.173646921657614,51.240684509277344,,665500
2021-09-16,51.09822892867946,51.20716340538316,51.07309143272013,51.18202590942383,,5837400
2021-09-17,51.06470306099613,51.09822184864961,51.01442807604344,51.08984375,,717000
2021-09-20,51.12335771714334,51.23229217529297,51.11497961875988,51.23229217529297,,809200
2021-09-21,51.23229462789098,51.24905402198765,51.18201964212855,51.207157135009766,,590000
2021-09-22,51.21552565495946,51.31608200073242,51.16525067859996,51.31608200073242,,770700
2021-09-23,51.16525893674017,51.16525893674017,50.94739001559474,51.006046295166016,,1428700
2021-09-24,50.94739055282447,50.98090934051221,50.86359678013263,50.91387176513672,,1041400
2021-09-27,50.81332628539985,50.91387946714677,50.78818878909513,50.87198257446289,,606800
2021-09-28,50.62059853817348,50.62059853817348,50.44462966918945,50.44462966918945,,1240500
2021-09-29,50.58707974507327,50.65411733127369,50.40273277607821,50.44462966918945,,3177500
2021-09-30,50.43624407945016,50.45300347457368,50.3356909052368,50.3608283996582,,902300
2021-10-01,50.51948160782369,50.71255999906486,50.50269176480249,50.6537971496582,,588500
2021-10-04,50.56986900579273,50.6286318759633,50.502709609977096,50.57826232910156,,754100
2021-10-05,50.536280773561366,50.569860465798406,50.4103585288403,50.45233154296875,,1031100
2021-10-06,50.435544523827886,50.46912101347933,50.368385139853615,50.46072769165039,,968100
2021-10-07,50.33480853035219,50.35999490205279,50.24246597290039,50.24246597290039,,581400
2021-10-08,50.22567794541809,50.22567794541809,50.040992835599184,50.08296585083008,,1999500
2021-10-11,49.9990119934082,50.07456468993095,49.98222214947701,49.9990119934082,,263200
2021-10-12,49.98222853773339,50.25085967029587,49.98222853773339,50.23406982421875,,483200
2021-10-13,50.29282238348321,50.45232108504419,50.29282238348321,50.44392776489258,,614800
2021-10-14,50.51108670943946,50.603429247858,50.47751022465244,50.58663940429688,,634300
2021-10-15,50.46912346444128,50.48591331125022,50.40196727954135,50.47751998901367,,2412800
2021-10-18,50.37678598461105,50.46912855019763,50.301233267525305,50.41876220703125,,974600
2021-10-19,50.33480942361615,50.33480942361615,50.19210052490234,50.19210052490234,,701500
2021-10-20,50.175300867560416,50.259246885410434,50.11653801459835,50.12493133544922,,534700
2021-10-21,50.09975842792184,50.14173144544035,49.99902254541022,50.04938888549805,,533100
2021-10-22,50.12492246017703,50.21726498486279,50.07455613931917,50.183685302734375,,680100
2021-10-25,50.18369119775427,50.2844302559732,50.17529787740359,50.20887756347656,,339900
2021-10-26,50.30961384914672,50.37677001953125,50.208877992402336,50.37677001953125,,419300
2021-10-27,50.54466367883387,50.704165582920645,50.45232114538049,50.620216369628906,,447100
2021-10-28,50.59504972802003,50.62862942430177,50.47752399337002,50.56147003173828,,511100
2021-10-29,50.40197127790414,50.62023289906329,50.38518142976327,50.56147003173828,,958800
2021-11-01,50.355428677373446,50.50679795538789,50.355428677373446,50.4899787902832,,502900
2021-11-02,50.481569322509785,50.6581689581578,50.481569322509785,50.64134979248047,,460600
2021-11-03,50.68340169985362,50.691809679656885,50.43112060268912,50.523624420166016,,622100
2021-11-04,50.5908983074863,50.80954107141857,50.58249032761238,50.74226760864258,,690600
2021-11-05,50.94409400102744,51.087052113226,50.84317899578684,51.04500579833984,,613000
2021-11-08,50.99453839503767,50.99453839503767,50.868399474869314,50.918853759765625,,617700
2021-11-09,51.13750142134258,51.17954772949104,51.04499761865935,51.07022476196289,,1414900
2021-11-10,50.986134280380575,50.986134280380575,50.54884559988703,50.64975738525391,,693900
2021-11-11,50.66658253231889,50.67499051212216,50.48157489736511,50.523624420166016,,288100
2021-11-12,50.5740714078789,50.60770973808828,50.42270212986446,50.4899787902832,,292800
2021-11-15,50.44792518069524,50.45633315806691,50.17882178589245,50.187232971191406,,510600
2021-11-16,50.15360696801767,50.29656828187833,50.10315267553701,50.128379821777344,,1843600
2021-11-17,50.086315988755466,50.28813950393721,50.04426648249292,50.27132034301758,,553000
2021-11-18,50.24611105017617,50.39748034428375,50.237703070693776,50.36384201049805,,456200
2021-11-19,50.5404516097305,50.56568197060282,50.4647669429714,50.51522445678711,,1979200
2021-11-22,50.35544086637199,50.405895165971245,50.12838689438983,50.15361404418945,,808800
2021-11-23,50.06109117878658,50.086321526919285,49.8760868040681,49.88449478149414,,1032800
2021-11-24,49.86767285107265,50.07790756225586,49.81721857346203,50.07790756225586,,793500
2021-11-26,50.25451472868977,50.43111436198661,50.16201413058775,50.4142951965332,,581300
2021-11-29,50.20406044025736,50.447933527440014,50.14519496513435,50.4142951965332,,1475100
2021-11-30,50.58248624970112,50.72544435153012,50.42270577362405,50.50680160522461,,3390100
2021-12-01,50.42339770963365,50.52449957047614,50.35599968294002,50.49079895019531,,1195000
2021-12-02,50.54133379176972,50.60030825155379,50.44865872243276,50.583457946777344,,2222800
2021-12-03,50.5834616313352,51.00470963982959,50.56661132533135,50.88676071166992,,2533800
2021-12-06,50.878337088319824,50.89518739536247,50.65928952450032,50.67613983154297,,1501200
2021-12-07,50.676143741085625,50.81936654119624,50.63401636329526,50.66771697998047,,1328600
2021-12-08,50.600319788085805,50.600319788085805,50.34756837268045,50.43181991577149,,867000
2021-12-09,50.50764548986916,50.56661996402406,50.3981200890667,50.41497039794922,,605300
2021-12-10,50.50765084655961,50.60874949670913,50.42339929321156,50.45709991455078,,579300
2021-12-13,50.625589793389885,50.74353873087814,50.61716624665537,50.65086364746094,,520900
2021-12-14,50.54977040183324,50.58347102009608,50.39812083351831,50.47394561767578,,4327200
2021-12-15,50.347564525914464,50.524491145953824,50.32229067185205,50.50764083862305,,1511100
2021-12-16,50.545648338056914,50.638517091472586,50.46966510531534,50.52876281738281,,948500
2021-12-17,50.75668795116106,50.75668795116106,50.57095375480228,50.63849258422852,,1077700
2021-12-20,50.604734219504046,50.62161973623057,50.42744112475008,50.461212158203125,,582300
2021-12-21,50.317672927436185,50.52029585140105,50.29234626965887,50.50341033935547,,2123100
2021-12-22,50.57094955444336,50.58783184496104,50.47808085368642,50.57094955444336,,483100
2021-12-23,50.55406061430189,50.57094612425618,50.4105353899813,50.51184844970703,,1017500
2021-12-27,50.51185939004351,50.63849591125623,50.46964399572352,50.6047248840332,,1394600
2021-12-28,50.69759782327608,50.70604219107672,50.503419231436254,50.545631408691406,,723600
2021-12-29,50.38523435495138,50.42744654101006,50.27548009473212,50.35146331787109,,1187700
2021-12-30,50.45274755457616,50.52028959439332,50.33455220547786,50.51184844970703,,532800
2021-12-31,50.52876336097941,50.58786107368266,50.42745345642866,50.43589782714844,,516300
2022-01-03,50.21637711227429,50.21637711227429,50.0306396484375,50.0306396484375,,1122400
2022-01-04,49.979985135815895,50.08129501342773,49.9124430703527,50.08129501342773,,1101500
2022-01-05,50.12350145263758,50.13194582014469,49.8195686340332,49.8195686340332,,1531600
2022-01-06,49.7435820160239,49.81112406911579,49.67604318351436,49.76046752929688,,2099300
2022-01-07,49.70983069923236,49.71827184837767,49.515652063056,49.58319091796875,,1168200
2022-01-10,49.49876654418196,49.58319091796875,49.3890122817924,49.58319091796875,,744000
2022-01-11,49.540962798526685,49.68448483192372,49.49875062520887,49.6676025390625,,827500
2022-01-12,49.7267035587403,49.77735688188374,49.63383483886719,49.63383483886719,,646700
2022-01-13,49.701369843132646,49.77735304256984,49.59161883773185,49.76046752929688,,1087400
2022-01-14,49.60006070021263,49.608501846679815,49.3974377585938,49.42276763916016,,688400
2022-01-18,49.20327424238985,49.20327424238985,49.017539978027344,49.017539978027344,,1429700
2022-01-19,49.12728374388948,49.25392350497872,49.06818604753661,49.0850715637207,,3512100
2022-01-20,49.13572811227298,49.19482580862585,49.03441823575134,49.0850715637207,,882900
2022-01-21,49.28768958670266,49.4058849675364,49.262359704679305,49.355228424072266,,1299400
2022-01-24,49.36367526394192,49.37211641131741,49.20326447856274,49.22014999389648,,2253700
2022-01-25,49.2370370976644,49.30457916117834,49.08507067534089,49.11039733886719,,983800
2022-01-26,49.21170784695625,49.22859336194703,48.78957963393501,48.80646514892578,,980300
2022-01-27,48.949990985048,49.06818637855109,48.865566624140925,48.93310546875,,1405200
2022-01-28,48.73892656862484,48.975317354207135,48.71359990462185,48.95843505859375,,1266500
2022-01-31,48.85712273691601,49.009089164511884,48.83179607251102,48.96687698364258,,1242300
2022-02-01,48.98549240372648,49.04470444876378,48.82477445674159,49.010868072509766,,1243500
2022-02-02,49.0954590131448,49.19696491509239,49.010868072509766,49.010868072509766,,1224700
2022-02-03,48.7570915266617,48.79938537474356,48.65558564590248,48.7232551574707,,2124400
2022-02-04,48.4271968123444,48.4271968123444,48.241100001620445,48.33414840698242,,815900
2022-02-07,48.300308218417285,48.4356504627504,48.26647507744424,48.401817321777344,,1072000
2022-02-08,48.35953232174797,48.37645050986499,48.23265075109196,48.24956893920898,,3976000
2022-02-09,48.40182114504461,48.503327029609,48.35106658935547,48.35106658935547,,1470400
2022-02-10,48.114220610640665,48.207269020176064,47.809699716457175,47.81815719604492,,1267700
2022-02-11,47.91120816810384,48.1395988509569,47.750490232828376,48.1226806640625,,1495600
2022-02-14,47.89426860256004,47.95348061685276,47.758926394632006,47.77584457397461,,869800
2022-02-15,47.69973405373009,47.79278246508511,47.572852496548414,47.58976745605469,,1587300
2022-02-16,47.69128801840628,47.69128801840628,47.44597909811544,47.640533447265625,,4379600
2022-02-17,47.69127655029297,47.80123992109966,47.606685618733096,47.69127655029297,,796300
2022-02-18,47.79278212951839,47.80123960921215,47.65743986671976,47.76740646362305,,1151400
2022-02-22,47.64050675027881,47.71663695092019,47.5982129114365,47.70817947387695,,639200
2022-02-23,47.632061636286906,47.64051911552531,47.352916419211134,47.37829208374024,,809200
2022-02-24,47.32754043445346,47.56438857329296,47.32754043445346,47.53901290893555,,2413700
2022-02-25,47.564395882928416,47.64052611451412,47.51364131959982,47.6320686340332,,1284800
2022-02-28,47.792780892065885,48.07192611694336,47.77586270630235,48.07192611694336,,1749300
2022-03-01,48.13804070571611,48.44319520044773,48.07022715865224,48.17194747924805,,1219400
2022-03-02,47.93461006372317,47.951563452882006,47.53621673583984,47.53621673583984,,2975400
2022-03-03,47.688782628790975,47.78202463648016,47.61249400736599,47.71421432495117,,2447900
2022-03-04,47.91764849306594,47.960033575490336,47.688782628790975,47.71421432495117,,2670300
2022-03-07,47.47686519934367,47.59553889081639,47.23952428345317,47.28190612792969,,993000
2022-03-08,47.00218876443619,47.180194471792994,46.84961151997955,47.019142150878906,,983400
2022-03-09,47.053052755636166,47.18867663401512,47.03610260017608,47.06153106689453,,951600
2022-03-10,46.83266029955419,46.84113537640361,46.51903071967804,46.671607971191406,,874900
2022-03-11,46.663135223699456,46.705517080055,46.58684658884812,46.6377067565918,,642000
2022-03-14,46.29863461194163,46.29863461194163,46.061293685029085,46.0782470703125,,2019900
2022-03-15,46.28169075663104,46.34102600057704,46.16302026873905,46.31559753417969,,1228800
2022-03-16,46.4342652153155,46.61227416992188,46.05282530829861,46.61227416992188,,2846500
2022-03-17,46.73942016012821,46.98523943447879,46.68856322993714,46.90895080566406,,820800
2022-03-18,46.80723490279476,47.00219401838701,46.78180320352399,46.95981216430664,,1894200
2022-03-21,46.654647403857645,46.739411093418695,46.37492140795672,46.451210021972656,,1540200
2022-03-22,46.28167963237635,46.37492163145937,46.25625117209098,46.34101486206055,,838500
2022-03-23,46.35797739511854,46.485126188692135,46.26473861116313,46.45969772338867,,574300
2022-03-24,46.21386910437974,46.48511679120807,46.10367372112839,46.451210021972656,,1347800
2022-03-25,46.315590701182686,46.315590701182686,45.99348282904805,46.16301345825195,,12201700
2022-03-28,46.213880435062016,46.38341108927699,46.15454519111602,46.31559753417969,,1655300
2022-03-29,46.4596913548652,46.65465044036647,46.425784583422974,46.603790283203125,,1350300
2022-03-30,46.51902080370761,46.73940832362257,46.47663896143865,46.70550155639648,,1723700
2022-03-31,46.71400215482893,46.84114774230408,46.62923519631666,46.654666900634766,,2279600
2022-04-01,46.41598760909581,46.85763732670674,46.407492476097175,46.738731384277344,,1120400
2022-04-04,46.79818671590048,46.874626717024,46.66229374056357,46.84914779663086,,835100
2022-04-05,46.72175943984758,46.77272053445765,46.135721431584216,46.237640380859375,,5531700
2022-04-06,45.83845621535711,46.20366929142851,45.7535210581632,46.01681518554688,,1096600
2022-04-07,45.99981855510536,46.025297476974245,45.82145962213461,45.89789962768555,,838600
2022-04-08,45.6176227541367,45.71104979623831,45.49871678780541,45.609130859375,,683400
2022-04-11,45.40527871904503,45.43076087703096,45.20993278751982,45.32034683227539,,979000
2022-04-12,45.532679789143295,45.62610680855617,45.32034683227539,45.32034683227539,,1097600
2022-04-13,45.33734197771092,45.54967497260848,45.31185981516104,45.524192810058594,,757200
2022-04-14,45.48173008973096,45.49871711932271,45.06555920453911,45.08254623413086,,839600
2022-04-18,45.04007655160101,45.06555871568452,44.81075651451681,44.85322570800781,,880800
2022-04-19,44.65787596629572,44.72582083825519,44.54746190442425,44.572940826416016,,1926800
2022-04-20,44.76827060077894,44.99759053561952,44.700325753387176,44.88717651367188,,865000
2022-04-21,44.81924073859853,44.82773263126276,44.403066719288105,44.52197265625,,847800
2022-04-22,44.36910137865897,44.55595219980164,44.28416624182668,44.44554138183594,,1054600
2022-04-25,44.66636383006513,44.93814977326834,44.65787193681553,44.844722747802734,,1216000
2022-04-26,45.040064681886896,45.04855981432415,44.7937609202499,44.8617057800293,,1231300
2022-04-27,44.87869829584063,44.904177216382266,44.47951126098633,44.47951126098633,,1240300
2022-04-28,44.47101737687034,44.64088439941406,44.36060332622533,44.64088439941406,,588200
2022-04-29,44.2841810066772,44.49651405963591,44.16527501541157,44.21623611450195,,701700
2022-05-02,44.05277501332597,44.0868262467956,43.89954771001701,43.98467254638672,,1075100
2022-05-03,44.35071216636383,44.43584024423822,44.12938565849869,44.16343688964844,,1627800
2022-05-04,44.19748671403149,44.65716861178355,43.98467138143933,44.5805549621582,,2358000
2022-05-05,44.24004227388183,44.24004227388183,43.71225803154117,44.18045425415039,,1866400
2022-05-06,43.75484395325834,43.90807128848594,43.64417904508173,43.67823028564453,,1673100
2022-05-09,43.57607480977691,43.87401828175005,43.5079755786977,43.814430236816406,,1517800
2022-05-10,44.11236809843904,44.163444954491,43.9421151589039,43.95914077758789,,1303200
2022-05-11,43.8569840507325,44.20600106565852,43.74631916874008,44.01872253417969,,1199000
2022-05-12,44.20599228775854,44.35070512621736,44.14640426635742,44.14640426635742,,1506000
2022-05-13,44.07830796492113,44.11235919541668,43.899543875775606,43.99318313598633,,2638900
2022-05-16,44.02723756106322,44.18897604669658,44.01021194458008,44.01021194458008,,970800
2022-05-17,43.78889018376992,43.882529467895615,43.74632775843229,43.814430236816406,,728200
2022-05-18,43.72928962063784,43.95061936472217,43.72928962063784,43.93359375,,739000
2022-05-19,44.14642325348383,44.25708816109809,43.99319591903485,44.05278396606445,,963200
2022-05-20,44.129375616047554,44.23152603894648,44.07829878094639,44.214500427246094,,882100
2022-05-23,44.120880779423935,44.24856804352637,44.01021588602481,44.095340728759766,,976400
2022-05-24,44.21451791524472,44.56353497488955,44.20600672967983,44.546512603759766,,2359700
2022-05-25,44.68271280985392,44.86147692648136,44.64014714153871,44.85296249389648,,837900
2022-05-26,44.88701372962683,45.04024104310879,44.78486326974037,44.85296249389648,,4731100
2022-05-27,45.014702363444,45.125364003997625,44.90403747558594,44.90403747558594,,1136500
2022-05-31,44.73379019177676,44.86148071289063,44.54651487406257,44.86148071289063,,1848500
2022-06-01,44.90073015000248,44.96046100275208,44.4058169050647,44.55087661743164,,1834200
2022-06-02,44.627666786841885,44.64473320706525,44.3802085762333,44.56793594360352,,1419400
2022-06-03,44.32903274425352,44.47409249953683,44.32903274425352,44.46556091308594,,792200
2022-06-06,44.46554310646465,44.474074689499,44.201018461181945,44.22661972045898,,768100
2022-06-07,44.29488362446086,44.52527543510135,44.26075078101328,44.43141174316406,,979900
2022-06-08,44.32047333233001,44.43140342522402,44.20101165771485,44.20101165771485,,1159900
2022-06-09,44.17542116726506,44.21808559329677,43.970627365191,43.98769378662109,,849800
2022-06-10,43.834101699528816,43.834101699528816,43.450115333601325,43.64637756347656,,1682400
2022-06-13,42.96372666620783,43.091723185625554,42.54561077893843,42.84426498413086,,1806200
2022-06-14,42.963736988326445,43.07466711480053,42.54562100060389,42.59681701660156,,1468700
2022-06-15,43.01492788802024,43.19412041931332,42.71627366919844,43.18558883666992,,2093100
2022-06-16,42.66507440807748,43.22825326006063,42.60534356431312,43.18558883666992,,1490400
2022-06-17,43.27092689764062,43.34772417813198,43.040535056166526,43.25386047363281,,1643100
2022-06-21,43.10879376244072,43.24532187727866,42.78453826904297,42.78453826904297,,775400
2022-06-22,43.27091576048098,43.36477944082132,43.17705208014064,43.19411849975586,,925700
2022-06-23,43.347710421967655,43.731696702568485,43.347710421967655,43.44157409667969,,3872500
2022-06-24,43.43304822341216,43.66343676696653,43.39891538174227,43.45011138916016,,1284000
2022-06-27,43.27091661010255,43.36478029228589,43.15145492553711,43.15145492553711,,1000800
2022-06-28,43.11733298979617,43.160000678005794,42.997871275019456,43.1343994140625,,1766600
2022-06-29,43.21118781403587,43.364782345775225,43.13439054816619,43.35625076293945,,1186400
2022-06-30,43.39890747872567,43.62076439900551,43.39890747872567,43.49277114868164,,611900
2022-07-01,43.77422315262493,44.05652868927295,43.61168567789625,43.92820739746094,,1370300
2022-07-05,43.94532012939453,44.0650849361678,43.85121827740232,43.94532012939453,,2357200
2022-07-06,44.047978755667465,44.07364171061192,43.70579079412547,43.7143440246582,,1964100
2022-07-07,43.8169970175793,43.8854326435185,43.63734656487895,43.67156600952149,,767800
2022-07-08,43.58602918127373,43.63735509492464,43.50048055294472,43.57747268676758,,655700
2022-07-11,43.74855732210581,43.85121239079583,43.57746336539191,43.68867492675781,,647800
2022-07-12,43.84268896732658,43.971010337936015,43.705814361572266,43.705814361572266,,1642400
2022-07-13,43.38928680288306,43.996667582940965,43.37217707147117,43.96244812011719,,1597000
2022-07-14,43.57747155663629,43.85122063349675,43.48337296293447,43.75712203979492,,4252400
2022-07-15,43.80846136962489,44.10787675769562,43.79135163916249,44.01377487182617,,2910300
2022-07-18,43.94531797773116,43.96242770119621,43.73145132943708,43.76567077636719,,920700
2022-07-19,43.81699824761942,43.88543387547976,43.70578668108218,43.87688064575195,,549900
2022-07-20,44.02230779921791,44.03086429217596,43.78277820992704,43.808441162109375,,437800
2022-07-21,43.89399523274535,44.30461883544922,43.89399523274535,44.30461883544922,,671200
2022-07-22,44.58692851099716,44.775132250460814,44.43294422658997,44.60403823852539,,1260700
2022-07-25,44.36449292179275,44.4243753153332,44.24472813471187,44.31316375732422,,724900
2022-07-26,44.45860228442656,44.46715551494639,44.30461802829964,44.32172775268555,,988900
2022-07-27,44.47572166476328,44.74091429195418,44.45861193666274,44.57837677001953,,639600
2022-07-28,44.84356227168847,44.92055440423355,44.75801690812568,44.86067199707031,,1041100
2022-07-29,44.85211025036982,45.09163983354536,44.8093375767093,44.95476531982422,,798300
2022-08-01,44.96334174832806,45.11770785912938,44.9290374411636,45.02337265014648,,1084700
2022-08-02,45.03195909554886,45.19490296229722,44.5431340381831,44.57743835449219,,922900
2022-08-03,44.59459277761327,44.963356018066406,44.46595322064037,44.963356018066406,,529800
2022-08-04,44.937630099091045,45.057691942658224,44.81756498408399,45.04911422729492,,484600
2022-08-05,44.5259806243116,44.56886265420844,44.32873571825648,44.54313278198242,,953000
2022-08-08,44.72321900692884,44.85185525412791,44.68891469910021,44.7403678894043,,1090300
2022-08-09,44.56886265420844,44.62031585578134,44.49167958040952,44.54313278198242,,367300
2022-08-10,44.75752327387272,44.98049801941404,44.73179667686376,44.89473724365234,,660800
2022-08-11,44.98049976477949,45.13486589570127,44.50882692982481,44.53455352783203,,716000
2022-08-12,44.74036758286479,44.92046356201172,44.628883490343874,44.92046356201172,,541300
2022-08-15,44.980496741218325,45.03194993377412,44.886161526280695,44.911888122558594,,366400
2022-08-16,44.80040332923171,44.80897777071163,44.58600630640534,44.77467346191406,,631300
2022-08-17,44.51739120912463,44.61172640886759,44.36302511344313,44.46593475341797,,402000
2022-08-18,44.56028493965324,44.66319788567819,44.5345583388668,44.54313278198242,,532300
2022-08-19,44.23439053974813,44.23439053974813,44.054294573742,44.15720748901367,,597400
2022-08-22,44.020008133715805,44.04573473534338,43.86564198107103,43.91709518432617,,329300
2022-08-23,43.89135968267341,44.122908864688426,43.83132877675533,43.93423843383789,,916100
2022-08-24,43.882799066998,43.899951228434354,43.77988936982023,43.86565017700195,,499600
2022-08-25,43.91709523711307,44.26870630268442,43.87421647720235,44.20867538452149,,423500
2022-08-26,44.10576024128882,44.1829433081402,43.95996854992987,44.01142501831055,,423000
2022-08-29,43.83133345954264,43.839907902116,43.70269392086678,43.754150390625,,596400
2022-08-30,43.83989870524636,43.89992960498447,43.59977510629395,43.797019958496094,,333800
2022-08-31,43.71984215858362,43.78845077877811,43.43683977887903,43.46256637573242,,640000
2022-09-01,43.20806041752507,43.26825048803597,42.94150204803902,43.25105285644531,,889100
2022-09-02,43.42302126305501,43.56919619582319,43.29404067993164,43.29404067993164,,472400
2022-09-06,43.139252845947546,43.139252845947546,42.83830261230469,42.83830261230469,,712300
2022-09-07,42.99308163656726,43.31982997543648,42.99308163656726,43.28543472290039,,444800
2022-09-08,43.25103171589547,43.371411798077055,43.18224450326796,43.19084167480469,,562400
2022-09-09,43.28544811962664,43.4488206995687,43.24245568070639,43.25105285644531,,506100
2022-09-12,43.3800072561623,43.46599208207661,43.12204949830851,43.1822395324707,,708900
2022-09-13,42.84690530790531,42.97588258045674,42.78671197791392,42.92428970336914,,1718000
2022-09-14,42.90710379655888,43.12206923986807,42.88990616748066,43.044681549072266,,610900
2022-09-15,42.95868574217958,43.01887579316252,42.8555032662248,42.88129806518555,,389400
2022-09-16,42.71792251884754,42.92428745617078,42.70072489405202,42.83830261230469,,372100
2022-09-19,42.64913979563919,42.89850048047152,42.64054262172973,42.864105224609375,,426000
2022-09-20,42.56315213046249,42.67493506459,42.4857644499299,42.537357330322266,,429800
2022-09-21,42.64054870605469,42.75233166350075,42.33099791935028,42.64054870605469,,546400
2022-09-22,42.33099532404852,42.33959577877001,42.09023507364497,42.17621994018555,,1235600
2022-09-23,42.11603164672852,42.15042690683453,41.94405862631098,42.11603164672852,,577700
2022-09-26,41.91824748169503,41.99563514671184,41.47971956667394,41.49691390991211,,854300
2022-09-27,41.50551614228146,41.59150098260621,41.01539533618528,41.058387756347656,,2462000
2022-09-28,41.33354334263171,41.720481685824126,41.31634571847744,41.69468688964844,,3196600
2022-09-29,41.350739622695336,41.46252253600888,41.15297187151678,41.42812728881836,,1388000
2022-09-30,41.53991871669033,41.686093627045,41.30775567073412,41.31635284423828,,1409200
2022-10-03,41.74927874767575,42.171861204309096,41.69753294997557,41.88726425170898,,1426500
2022-10-04,42.094246782587554,42.206357749858064,41.982132525482925,42.033878326416016,,2027200
2022-10-05,41.7751579284668,41.826903735985766,41.55093267555365,41.7751579284668,,889300
2022-10-06,41.74927840481421,41.8268954558101,41.59404430282243,41.645790100097656,,436800
2022-10-07,41.49919012256447,41.50781606941138,41.31808471679688,41.31808471679688,,567700
2022-10-10,41.34395424840026,41.34395424840026,40.93862358908841,41.08523178100586,,421400
2022-10-11,41.15421177126826,41.28357131471472,40.947231895987,41.02484893798828,,1383100
2022-10-12,40.96448900391213,41.0766032633922,40.86962334510854,40.990360260009766,,5187700
2022-10-13,40.31768413456685,41.128348684696896,40.30906147853581,40.99898910522461,,1641500
2022-10-14,41.214587857882016,41.214587857882016,40.66264580790632,40.671268463134766,,579400
2022-10-17,41.00760912719092,41.11972338739961,40.81788109818493,40.82650375366211,,1231400
2022-10-18,41.033485412597656,41.07660527147975,40.7230171649116,41.033485412597656,,660200
2022-10-19,40.72302131005426,40.80926103659669,40.54191262057968,40.56778717041016,,637000
2022-10-20,40.5074092851636,40.65401744416363,40.2573095305747,40.30905532836914,,605000
2022-10-21,40.12794817918882,40.43841639787898,40.08482832433386,40.378047943115234,,4557400
2022-10-24,40.386679144145816,40.55053592985355,40.18832186429635,40.36943054199219,,813800
2022-10-25,40.67126905088431,40.90412022342669,40.67126905088431,40.74888610839844,,869500
2022-10-26,40.83512699478195,41.0766041194511,40.83512699478195,40.90412139892578,,1545600
2022-10-27,41.033490159952265,41.197346958595325,40.90412727850503,41.05073547363281,,789600
2022-10-28,40.90413162996339,41.162854130546506,40.89550568237073,41.10248565673828,,670800
2022-10-31,40.99036349369358,41.024860697768,40.80063545095317,40.91274642944336,,915700
2022-11-01,41.26738029444034,41.31062778070745,40.955993114002446,41.12898635864258,,2820900
2022-11-02,41.15494212949624,41.46632604546504,40.8695027487264,40.93004989624024,,1634300
2022-11-03,40.6705507884051,40.93869044119462,40.56675617746805,40.843544006347656,,758800
2022-11-04,40.95598627909862,41.059784188303496,40.79164453888095,40.91273880004883,,1377600
2022-11-07,40.930038965533335,40.94733861728472,40.739746095839415,40.843544006347656,,704700
2022-11-08,40.89545058349746,41.04249601286824,40.86085457032674,40.93004989624024,,542900
2022-11-09,40.85220717183925,41.05114829061831,40.80030819754248,40.88680648803711,,952500
2022-11-10,41.587416031704514,42.01124598676221,41.587416031704514,41.98529815673828,,1740200
2022-11-11,41.933402738315785,42.12369564008506,41.88150377431369,42.06314849853516,,705300
2022-11-14,41.95069147393505,42.00259042442874,41.87284469797997,41.89014434814453,,598300
2022-11-15,42.19289344170889,42.357238520932654,42.12369811853989,42.3139877319336,,616700
2022-11-16,42.44373240653362,42.66862462507702,42.39183344081472,42.64267349243164,,1342900
2022-11-17,42.3485867629502,42.46968105237323,42.26209178466857,42.42643356323242,,10024600
2022-11-18,42.52158002256567,42.58212716728214,42.37453789956048,42.40913391113281,,999500
2022-11-21,42.56482368493236,42.59942299296596,42.38318226711335,42.39183044433594,,1024600
2022-11-22,42.52157565744709,42.69456889583753,42.504276003650894,42.65132141113281,,466900
2022-11-23,42.75511446287047,43.01460266113281,42.75511446287047,43.01460266113281,,665000
2022-11-25,42.99730300797246,43.02325413749872,42.92810769490252,43.01460266113281,,388500
2022-11-28,43.031895435217656,43.08379438640215,42.79835510424384,42.81565475463867,,739700
2022-11-29,42.67727687128527,42.79837116993463,42.6080782437301,42.66862869262695,,1881300
2022-11-30,42.6340161589344,43.1616439819336,42.56481755283626,43.1616439819336,,1707400
2022-12-01,43.243185939058655,43.564083099365234,43.19982199444267,43.564083099365234,,771600
2022-12-02,43.31255745718494,43.77222442626953,43.25184728723235,43.77222442626953,,2131000
2022-12-05,43.5207016147641,43.529373076809705,43.32122490315939,43.459991455078125,,1200100
2022-12-06,43.55538794871846,43.62476956068344,43.468656798193365,43.58140563964844,,992400
2022-12-07,43.76353666324172,43.98035957969668,43.73751897197277,43.95434188842773,,1998200
2022-12-08,43.858937764835495,43.96301183478095,43.77220992462345,43.83292007446289,,1132300
2022-12-09,43.74618986296347,43.77221086234855,43.58140563964844,43.58140563964844,,2767700
2022-12-12,43.82425457535658,43.85894704216179,43.538049995353,43.5727424621582,,652700
2022-12-13,44.17985470369925,44.26658589155044,43.83293987766407,43.89365005493164,,1562700
2022-12-14,43.89365224968734,43.98905490686568,43.61611905159946,43.9283447265625,,813300
2022-12-15,43.9387668682616,43.990962204638905,43.84308039585779,43.9561653137207,,870300
2022-12-16,43.63431534295819,43.869189448872106,43.63431534295819,43.83439254760742,,1040400
2022-12-19,43.66040925552167,43.66040925552167,43.43423604503173,43.52122497558594,,946600
2022-12-20,43.2080524815732,43.22545092853446,43.086266671258834,43.147159576416016,,619500
2022-12-21,43.364639667695634,43.40813744880165,43.24285384479428,43.38203811645508,,602900
2022-12-22,43.37334055128275,43.40813744880165,43.29504919107263,43.38203811645508,,792200
2022-12-23,43.22544518328092,43.32983585117353,43.17325316774863,43.24284362792969,,699500
2022-12-27,43.00797703207349,43.077570822690326,42.82529830932617,42.82529830932617,,793400
2022-12-28,42.92967617808503,42.98187150949875,42.7122006081486,42.72090148925781,,908300
2022-12-29,42.85140077175015,42.98188748959076,42.816607189619056,42.95579147338867,,1279200
2022-12-30,42.86008572128057,42.90358017158509,42.668706157844085,42.72090148925781,,1324700
2023-01-03,43.24285402672046,43.24285402672046,42.89489500531197,43.17326354980469,,1109200
2023-01-04,43.251556396484375,43.28634997693038,43.1036712355329,43.251556396484375,,930600
2023-01-05,43.016676973398205,43.24285015112243,42.964481631578224,43.18195724487305,,1791700
2023-01-06,43.26894964813263,43.81698580649096,43.21675430611132,43.78219223022461,,728600
2023-01-09,43.70389129739333,43.973558876028086,43.677791972895854,43.88656997680664,,828100
2023-01-10,43.738705503275966,43.834395328617184,43.65171656301051,43.76480484008789,,1409600
2023-01-11,43.956174812527166,44.06056550784031,43.90398278328547,44.05186462402344,,834700
2023-01-12,44.15624037170507,44.45200729370117,43.95616323600388,44.45200729370117,,1499100
2023-01-13,44.32152938842773,44.460713644228136,44.26933404809718,44.32152938842773,,766300
2023-01-17,44.1649482287339,44.3215309367813,44.1649482287339,44.20844268798828,,1333400
2023-01-18,44.73039064950899,44.79998445120448,44.46942052998112,44.62600326538086,,1818600
2023-01-19,44.49551154033383,44.6172973521014,44.47811309316496,44.58250045776367,,2981300
2023-01-20,44.399821848090085,44.43461874251244,44.2693351532135,44.382423400878906,,3860000
2023-01-23,44.26931802070377,44.39980466508119,44.2519195802259,44.28671646118164,,875900
2023-01-24,44.30412291048492,44.52159847815138,44.20843312976547,44.49550247192383,,1924400
2023-01-25,44.47810778795332,44.53900068657399,44.356321990711976,44.50420379638672,,848000
2023-01-26,44.53029941530478,44.58249475012912,44.36501916598215,44.4868049621582,,1955400
2023-01-27,44.34763026283699,44.44332007139644,44.321534249017056,44.3911247253418,,976500
2023-01-30,44.28674239693941,44.425926683860006,44.25194549560547,44.25194549560547,,527700
2023-01-31,44.47810934115131,44.57379913330078,44.30412820255357,44.57379913330078,,2065000
2023-02-01,44.65581393320867,44.98737424760864,44.48130832939724,44.90011978149414,,861000
2023-02-02,45.12698255200397,45.170608125190185,44.94374981915327,44.96120071411133,,1785900
2023-02-03,44.559838257328266,44.65581651138668,44.46386000326985,44.56856536865234,,4591400
2023-02-06,44.332984703404286,44.35915938137602,44.24573022946876,44.28063201904297,,1559200
2023-02-07,44.21082374928266,44.45513292196394,44.13229972369859,44.16719818115234,,2725600
2023-02-08,44.17593222554525,44.26318337550056,44.05377928424062,44.21083068847656,,480200
2023-02-09,44.36788486809451,44.36788486809451,43.93162246691986,43.94034957885742,,1974900
2023-02-10,43.8879985511192,43.90544944723586,43.69604535067221,43.70476913452149,,618900
2023-02-13,43.71348616778981,43.84436620424414,43.70476238528773,43.81819152832031,,990400
2023-02-14,43.800742880703446,43.87927024091888,43.53898612279127,43.74839019775391,,847100
2023-02-15,43.67860505718352,43.69605595753624,43.52155028242795,43.59135055541992,,363200
2023-02-16,43.44301562629654,43.51281588760975,43.32958645719195,43.33831024169922,,629600
2023-02-17,43.22487654370611,43.48663330078125,43.21614943236688,43.48663330078125,,414800
2023-02-21,43.19870182315389,43.21615271874165,42.99802151652161,43.015472412109375,,602200
2023-02-22,43.16380288149494,43.23360313465356,43.07654840452421,43.1114501953125,,773300
2023-02-23,43.20742300781838,43.36447771814497,43.16379743904268,43.34702682495117,,576600
2023-02-24,43.076546631129006,43.14635020983189,43.0154701639729,43.08527374267578,,4670400
2023-02-27,43.14634010083333,43.23359122535154,43.07653653848512,43.10271453857422,,548700
2023-02-28,42.98056430974445,43.1463461292761,42.910764066060736,43.13761901855469,,455000
2023-03-01,43.02733465700906,43.06234549476992,42.86103818587085,42.89604568481445,,519800
2023-03-02,42.75602122861684,42.91356671704363,42.71225933490239,42.904815673828125,,714800
2023-03-03,43.13237130992868,43.28116572680226,43.053598580717455,43.27241134643555,,595600
2023-03-06,43.37744696709205,43.38619800926414,43.14987980480085,43.158634185791016,,1477700
2023-03-07,43.23740210009475,43.24615314129119,42.99232954196432,43.06235122680664,,602500
2023-03-08,43.13236902320329,43.24615259021329,42.91355626908587,43.00108337402344,,470300
2023-03-09,43.04485298882911,43.1673876189338,42.97483129230172,43.02734756469727,,2629100
2023-03-10,43.42119722326224,43.63125556729951,43.351175549371696,43.53498077392578,,750100
2023-03-13,43.78881576916566,44.077650263191686,43.47372480798028,43.50873565673828,,1644700
2023-03-14,43.54374224119578,43.76255501627717,43.42995866328442,43.47372055053711,,961900
2023-03-15,43.596258109633325,43.91134569825567,43.56999830646801,43.79756546020508,,1016900
2023-03-16,43.89383846202913,43.95510576419302,43.56999319194279,43.65752029418945,,777700
2023-03-17,43.85883296346346,44.17392389229679,43.780060231255135,43.85007858276367,,1137900
2023-03-20,43.86758323733288,43.93760492643348,43.71003777567445,43.77130508422852,,1668600
2023-03-21,43.88508628399473,43.91134274657717,43.753800632264806,43.902591705322266,,522100
2023-03-22,43.85883961136305,44.37523796993115,43.76256144197974,44.11266326904297,,1165800
2023-03-23,44.060121689300246,44.28768540902697,44.01635982075471,44.25267791748047,,1109300
2023-03-24,44.37522865764542,44.418990542140136,44.2789505084664,44.357723236083984,,3399300
2023-03-27,43.99886985321484,44.15641530634493,43.77130271477462,43.902591705322266,,854900
2023-03-28,43.858837000525554,43.91134993428611,43.78006426106645,43.86758804321289,,2017700
2023-03-29,43.78881279817003,44.007625579833984,43.74505090960085,44.007625579833984,,657100
2023-03-30,43.9988789206376,44.12141355636493,43.98137349570249,44.03388977050781,,512900
2023-03-31,44.21768297883928,44.40148489607841,44.13015587147464,44.34021759033203,,427200
2023-04-03,44.32091129272627,44.63698806097919,44.3033511001273,44.60186767578125,,1103700
2023-04-04,44.4350417382112,44.70721629440038,44.39992136023079,44.68087768554688,,1222100
2023-04-05,44.71600073805171,44.856478909111935,44.689662127622846,44.81258010864258,,1531100
2023-04-06,44.83013875923045,44.86525578884175,44.74233781204298,44.77745819091797,,621500
2023-04-10,44.575529061514935,44.61064944671287,44.42626909905582,44.60186767578125,,967100
2023-04-11,44.60185355251701,44.62819550770638,44.496495779549214,44.58429336547852,,863500
2023-04-12,44.759907621079066,44.759907621079066,44.47017280625114,44.52285003662109,,669900
2023-04-13,44.645766482646536,44.689668638776105,44.54040867631699,44.60186767578125,,757200
2023-04-14,44.45260887564776,44.52284629332389,44.34724772523739,44.47016906738281,,326200
2023-04-17,44.356026505101575,44.38236511629627,44.19798813940563,44.23310852050781,,666400
2023-04-18,44.32090531533939,44.391146076262174,44.29456670462525,44.35602569580078,,603000
2023-04-19,44.26822595788123,44.26822595788123,44.14530797216143,44.17164993286133,,632100
2023-04-20,44.285773842821335,44.37357477198372,44.05749812552512,44.34723281860352,,431100
2023-04-21,44.47016257373962,44.48771941364687,44.25066523299908,44.33846282958984,,2274300
2023-04-24,44.43503531526268,44.51405447966483,44.40869671021633,44.49649429321289,,482500
2023-04-25,44.67210842582073,44.76868781043892,44.62820961897545,44.716007232666016,,764300
2023-04-26,44.74234130454142,44.75112307457749,44.49650533175443,44.55796432495117,,459600
2023-04-27,44.505286511272,44.505286511272,44.3823685172592,44.40871047973633,,528800
2023-04-28,44.65453907669336,44.69843787453708,44.53162110302552,44.68087768554688,,644600
2023-05-01,44.45801491421344,44.49324756058199,44.079236243354615,44.1232795715332,,656100
2023-05-02,44.28185371930642,44.56373515052571,44.22899969084341,44.55492782592773,,609100
2023-05-03,44.616583854858725,44.7839498845821,44.51087581054692,44.643009185791016,,672600
2023-05-04,44.4403887053807,44.6958446660557,44.42277070530415,44.581329345703125,,3910400
2023-05-05,44.484435323401904,44.52847864671357,44.36111267401317,44.41396331787109,,889100
2023-05-08,44.211371214005126,44.2554179074418,44.12328454771362,44.167327880859375,,516600
2023-05-09,44.15851211547852,44.24659876492832,44.149701434359365,44.15851211547852,,616600
2023-05-10,44.37873783527932,44.44920649188908,44.34350182682908,44.44039916992188,,532300
2023-05-11,44.64300467623115,44.65181199888848,44.52848931993999,44.572532653808594,,485300
2023-05-12,44.59015122037487,44.59015122037487,44.343505859375,44.343505859375,,404900
2023-05-15,44.19374684463743,44.20255752617237,44.123278193810144,44.17613220214844,,1663300
2023-05-16,44.02639481482251,44.07043815558739,43.97354078972974,43.99996948242188,,619400
2023-05-17,44.04400391674855,44.10566525340873,43.95591725303138,43.99114990234375,,861700
2023-05-18,43.85019856692599,43.88543456796548,43.77091924473216,43.83258056640625,,1337100
2023-05-19,43.81497330367159,43.87663463572813,43.72688328624042,43.76211929321289,,399300
2023-05-22,43.77974366114052,43.86783033108663,43.73570032616746,43.75331497192383,,462900
2023-05-23,43.70045359333013,43.84139424684251,43.66521758987948,43.82377624511719,,892000
2023-05-24,43.84139884340307,43.84139884340307,43.6564148463278,43.66522216796875,,925900
2023-05-25,43.71808579073844,43.71808579073844,43.51548374554569,43.55071640014648,,665600
2023-05-26,43.54189950325191,43.68284017154125,43.51547417803846,43.66522216796875,,714200
2023-05-30,43.80615504885656,43.93828837201566,43.79734772878128,43.92947769165039,,667200
2023-05-31,43.920691275561694,44.096868003528215,43.88545525791008,44.04401397705078,,625900
2023-06-01,44.18276396288333,44.24463193427859,44.1208926199365,44.19160079956055,,1409700
2023-06-02,44.18276813410373,44.20044180912672,44.03251492399325,44.04135513305664,,858100
2023-06-05,43.94412058389199,44.11204742133938,43.89992629422867,43.97063446044922,,710600
2023-06-06,44.00600103990689,44.05019197056813,43.89993876045765,44.04135513305664,,468500
2023-06-07,44.02367041574264,44.05902113118093,43.7231674194336,43.7231674194336,,523900
2023-06-08,43.802723081861295,44.014840912281706,43.77620582439465,43.98832702636719,,783600
2023-06-09,43.85574774407756,43.94413297677917,43.83807069753723,43.8911018371582,,601300
2023-06-12,43.926459044865226,43.99716386448799,43.78504603406758,43.98832702636719,,649900
2023-06-13,44.04134886774882,44.08553979212348,43.78503678620388,43.84690475463867,,715400
2023-06-14,43.93529328901508,44.03251536036443,43.76736640221744,43.926456451416016,,705800
2023-06-15,44.12973871019231,44.23579762221335,44.05019368328853,44.21812057495117,,1351300
2023-06-16,44.11205699391548,44.18276517548012,44.02367513851135,44.12973403930664,,714400
2023-06-20,44.209265468775264,44.31532433697025,44.209265468775264,44.27113342285156,,1148900
2023-06-21,44.1120657260968,44.2799926332272,44.04136090208749,44.235801696777344,,442100
2023-06-22,44.129743152403975,44.191611138273366,44.0148440194098,44.08555221557617,,364900
2023-06-23,44.29766708525294,44.30650729495607,44.09438609225867,44.17393112182617,,438600
2023-06-26,44.26230950404962,44.27998317761363,44.19160132358711,44.22695541381836,,1448800
2023-06-27,44.26230462961903,44.30649555176572,44.09437440528985,44.15624237060547,,1756100
2023-06-28,44.21811226417525,44.324174527813945,44.1474074599675,44.31533432006836,,588700
2023-06-29,44.05902880807962,44.05902880807962,43.9352928536074,44.04135513305664,,898800
2023-06-30,44.12972047474137,44.27113342285156,44.06785252066508,44.27113342285156,,536100
2023-07-03,44.27824000222781,44.38465581383464,44.17182419062098,44.18069076538086,,781500
2023-07-05,44.13634953205556,44.13634953205556,43.89691142741288,43.9323844909668,,607900
2023-07-06,43.66634589001509,43.69294899782182,43.48011398667481,43.61313629150391,,2379500
2023-07-07,43.622002275068944,43.7195515129014,43.58653259277344,43.58653259277344,,523300
2023-07-10,43.63974257958755,43.79936800385619,43.6042695113283,43.78163146972656,,600500
2023-07-11,43.8259698909789,43.95012562642267,43.80823674024196,43.92351913452149,,914000
2023-07-12,44.10975401925663,44.28711260176316,44.10975401925663,44.2605094909668,,923700
2023-07-13,44.40239914959496,44.52655151264185,44.375796038341534,44.51768493652344,,551800
2023-07-14,44.44672855198297,44.482201614077226,44.21616041416512,44.24276351928711,,527400
2023-07-17,44.2516587490322,44.322601530839776,44.20731570464073,44.28712844848633,,930800
2023-07-18,44.46446872681116,44.50880836661384,44.393525979706425,44.41126251220703,,649500
2023-07-19,44.55316860985091,44.606374845020135,44.47335587419809,44.58863830566406,,511600
2023-07-20,44.43786400194748,44.4467305764262,44.25163549181648,44.35805130004883,,1495900
2023-07-21,44.4910655739692,44.4910655739692,44.39351973328765,44.42898941040039,,3803500
2023-07-24,44.49108350357033,44.52655657787568,44.36693112640016,44.37580108642578,,733800
2023-07-25,44.269375667917416,44.36692491715562,44.269375667917416,44.33145523071289,,881200
2023-07-26,44.42899103060327,44.51767368386214,44.34031176024171,44.482200622558594,,863700
2023-07-27,44.44673301112339,44.464469543949946,44.02993632984147,44.07427597045898,,1534200
2023-07-28,44.25164652629201,44.30485275222677,44.17183380449146,44.29598617553711,,779400
2023-07-31,44.32258063484675,44.45560293950884,44.29597752707343,44.40239334106445,,592400
2023-08-01,44.2057582796972,44.241351492094665,44.03669561234257,44.06338882446289,,946200
2023-08-02,43.89431793684283,43.9121111453538,43.74304850966021,43.88541793823242,,727600
2023-08-03,43.6095702786896,43.64516348000859,43.51169406659415,43.60067367553711,,836100
2023-08-04,43.71636181877463,44.00999732394301,43.71636181877463,43.96550750732422,,896700
2023-08-07,43.921008056371406,43.94770126161628,43.82312844466728,43.87651824951172,,494100
2023-08-08,44.01889069073456,44.098973706322965,43.97439748646496,44.00999069213867,,472800
2023-08-09,44.07225902839881,44.0989556188818,44.00997264119439,44.05446243286133,,536000
2023-08-10,44.09897590946265,44.17905892905192,43.787540435791016,43.787540435791016,,518000
2023-08-11,43.662962828152295,43.80533224803232,43.65406622443998,43.68075942993164,,538600
2023-08-14,43.66296109081731,43.76084069953174,43.56508148210288,43.645164489746094,,657200
2023-08-15,43.573974937297606,43.64515793653997,43.48499194530206,43.50278854370117,,654900
2023-08-16,43.46721276746104,43.56509240070677,43.298150106444574,43.3426399230957,,501800
2023-08-17,43.33373676536654,43.3515333682072,43.16467073555774,43.26255035400391,,508500
2023-08-18,43.25365264191542,43.44941187379381,43.25365264191542,43.4049186706543,,3347600
2023-08-21,43.23585058533151,43.27144378561111,43.120174381600016,43.18246078491211,,596900
2023-08-22,43.21806054407972,43.29814355968522,43.16467073555774,43.26255035400391,,815700
2023-08-23,43.52948721679573,43.74304303007992,43.50279401301815,43.72524642944336,,734700
2023-08-24,43.66296317001386,43.7163529757699,43.59178015669387,43.60957336425781,,893500
2023-08-25,43.58288747256249,43.716360312174416,43.47611123748614,43.61848068237305,,515500
2023-08-28,43.76083963071648,43.77863623135303,43.6451634237561,43.72524642944336,,2232000
2023-08-29,43.68075793265432,44.02778316956947,43.68075793265432,44.01888656616211,,585200
2023-08-30,44.02778173902907,44.081171540802295,43.96549533413757,43.97439193725586,,676900
2023-08-31,44.03668521380615,44.12566482943319,44.01888861180979,44.04558181762695,,627100
2023-09-01,44.05093785292984,44.05093785292984,43.76517960870905,43.81875991821289,,816700
2023-09-05,43.720529390981504,43.720529390981504,43.55979187505048,43.57765197753906,,618700
2023-09-06,43.631237756080345,43.631237756080345,43.46156846439648,43.55086898803711,,534500
2023-09-07,43.58658929443165,43.702674865722656,43.559797434046544,43.702674865722656,,1208900
2023-09-08,43.7830401220633,43.863408883838815,43.71160311518861,43.72053146362305,,781700
2023-09-11,43.66694991466768,43.68480660963691,43.59550950892663,43.64908981323242,,925100
2023-09-12,43.64016537901146,43.65802548344238,43.57765671673653,43.6312370300293,,1121100
2023-09-13,43.58657633818321,43.74731382684744,43.58657633818321,43.71159362792969,,2076900
2023-09-14,43.7651756747249,43.7741074287392,43.649090124267545,43.66695022583008,,872400
2023-09-15,43.64016858065087,43.64910033675491,43.54193970230759,43.59552001953125,,508200
2023-09-18,43.53300116734413,43.67587857337831,43.53300116734413,43.66695022583008,,812400
2023-09-19,43.57766281029223,43.622311374379535,43.54194259643555,43.54194259643555,,836300
2023-09-20,43.67589169516455,43.738400366180194,43.54194259643555,43.54194259643555,,902700
2023-09-21,43.29190166736966,43.30083342277893,43.21153290101913,43.22939300537109,,546300
2023-09-22,43.32762515799791,43.46157084108365,43.2740448408835,43.4437141418457,,568400
2023-09-25,43.17582074615093,43.27404963517662,43.11331207249227,43.13117218017578,,480300
2023-09-26,43.17580587257808,43.20259772810746,43.00614001773354,43.03292846679688,,1973100
2023-09-27,43.17581529875329,43.2026071601319,42.76504309326052,42.89006042480469,,1038800
2023-09-28,42.74717282336934,42.97041897846219,42.66680407127728,42.96149063110352,,1403900
2023-09-29,43.11331108136223,43.18475151045392,42.8364879347998,42.92578506469727,,753300
2023-10-02,42.73579987500791,42.78956810220502,42.60138443463552,42.6372299194336,,2370300
2023-10-03,42.49385333769723,42.56554431633188,42.18917693374199,42.23398208618164,,1873200
2023-10-04,42.40423805703588,42.538656916995926,42.26981919707584,42.502811431884766,,2088500
2023-10-05,42.59242172624905,42.6372302918448,42.431120461662445,42.502811431884766,,739300
2023-10-06,42.18917486205052,42.46696884458376,42.12644354961861,42.38631820678711,,812500
2023-10-09,42.556578456338485,42.82541275024414,42.51176989200962,42.82541275024414,,476000
2023-10-10,42.664111326685166,42.9060632157969,42.6013834389614,42.798526763916016,,487000
2023-10-11,42.95982231655305,43.013590535350936,42.8433296367772,42.97774505615234,,3868700
2023-10-12,42.9419060507,42.9777515353025,42.58346145991559,42.66411209106445,,509300
2023-10-13,42.91502556669444,42.93294830979765,42.77164704028247,42.84333801269531,,612500
2023-10-16,42.69100366726741,42.69996674955049,42.60139335492235,42.61931610107422,,473000
2023-10-17,42.3056604138033,42.43111618062103,42.21605012848015,42.33254623413086,,856000
2023-10-18,42.21605590552815,42.23397864872807,42.054754635142615,42.09955978393555,,715700
2023-10-19,42.05475702039213,42.13540766015921,41.84865058952378,41.86657333374024,,6561400
2023-10-20,41.92032975358018,42.03682585845225,41.92032975358018,42.00098037719727,,1199200
2023-10-23,41.92929719123857,42.33255035123821,41.86656930172902,42.25189971923828,,986500
2023-10-24,42.29671187153745,42.42216767133481,42.21606122617997,42.4132080078125,,725500
2023-10-25,42.242935946667686,42.242935946667686,42.04578920091716,42.1085205078125,,939500
2023-10-26,42.16228547396976,42.36839188238415,42.10852066559165,42.35943222045898,,574000
2023-10-27,42.3146385893697,42.35944374801577,42.18918277779491,42.3056755065918,,914500
2023-10-30,42.21605048748173,42.27877837142402,42.108517460496834,42.19812774658203,,3728800
2023-10-31,42.23397475495442,42.350467447393214,42.14436104721679,42.15332412719727,,1010900
2023-11-01,42.30445132503793,42.637276406670736,42.286460501863296,42.619285583496094,,1245600
2023-11-02,42.96109564725711,43.01506811014474,42.86215127906048,42.9700927734375,,1081900
2023-11-03,43.36587998876043,43.446836966362895,43.14099987668671,43.16798782348633,,1261600
2023-11-06,43.042053989254086,43.10502014891833,42.934112491458,42.97908782958984,,746900
2023-11-07,43.105015733420366,43.30291131860688,43.06903752543936,43.221954345703125,,1043300
2023-11-08,43.26693055648883,43.41085368552496,43.26693055648883,43.38386917114258,,701700
2023-11-09,43.35687905098483,43.35687905098483,43.00606668377951,43.060035705566406,,820400
2023-11-10,43.26692967922788,43.27592680477162,43.14099737279937,43.221954345703125,,525200
2023-11-13,43.096028289702375,43.22196061439546,43.03306212735584,43.21296691894531,,988100
2023-11-14,43.75267274102829,43.80664520160716,43.69870371184751,43.74367904663086,,790500
2023-11-15,43.62674479454573,43.63573848984269,43.47382795470826,43.5457878112793,,841900
2023-11-16,43.770670362105534,43.85162734985352,43.70770419734584,43.85162734985352,,3180400
2023-11-17,43.923592973649576,43.98655914175206,43.851629677876,43.93258666992188,,555700
2023-11-20,43.87860196072287,44.067503843746,43.87860196072287,44.0405158996582,,697300
2023-11-21,44.07651067107466,44.112492319648,43.98655998104017,44.09450149536133,,891800
2023-11-22,44.18443402551539,44.23840647619262,44.07649255555837,44.211421966552734,,546900
2023-11-24,44.07649753751002,44.121472869125874,44.03152220589418,44.0405158996582,,335600
2023-11-27,44.12147538933334,44.31037385174845,44.076500055148514,44.3013801574707,,1393500
2023-11-28,44.22942289842303,44.48129098066031,44.22042920292101,44.472293853759766,,1032300
2023-11-29,44.634199533908,44.76912896116697,44.60721502101536,44.7601318359375,,652700
2023-11-30,44.65218668963387,44.67917120031266,44.50826358035099,44.62520217895508,,651000
2023-12-01,44.61436145629588,45.02963333761713,44.57825370275981,45.00254821777344,,906600
2023-12-04,44.86714617875436,44.921309542747736,44.758816007013536,44.84909057617188,,1043600
2023-12-05,44.97547730832743,45.17408549721037,44.966451228721,45.12894821166992,,907400
2023-12-06,45.2463029181582,45.34560700920404,45.1921395548634,45.26435852050781,,1727200
2023-12-07,45.23728331474253,45.38172471046269,45.20117210487386,45.291446685791016,,749600
2023-12-08,45.08381652832031,45.17409456126939,45.020623627133375,45.08381652832031,,865800
2023-12-11,45.029646037729776,45.08380940518671,44.92131241530733,45.07478332519531,,979600
2023-12-12,45.07477986146796,45.28241412285742,45.00255745206952,45.26435852050781,,2223900
2023-12-13,45.39977773391156,45.93240599604773,45.33658484211187,45.86921310424805,,1761800
2023-12-14,46.18812281776329,46.369324463217225,46.1428232704333,46.26060485839844,,1099400
2023-12-15,46.21531020304939,46.26967174334536,46.151890134104704,46.19719314575195,,794900
2023-12-18,46.15187594549201,46.1881169612143,46.0703353881836,46.0703353881836,,598200
2023-12-19,46.16094970703125,46.25154881332295,46.13376721023625,46.16094970703125,,574600
2023-12-20,46.251548066908775,46.30590960348712,46.1428284498864,46.26966857910156,,803400
2023-12-21,46.38744183277769,46.42368285064161,46.19718167319264,46.28778076171875,,1592200
2023-12-22,46.36026143780958,46.39650245731239,46.19718376231463,46.2334213256836,,757500
2023-12-26,46.25154874404115,46.333089322035285,46.21530771912501,46.29684829711914,,894100
2023-12-27,46.51429222031057,46.6592528676735,46.432751640160525,46.64113235473633,,704200
2023-12-28,46.57770678086709,46.64112684058212,46.51428672115205,46.541465759277344,,697100
2023-12-29,46.45993112101876,46.54147170194019,46.39651105320591,46.44181060791016,,1443000
2024-01-02,46.17906776146196,46.27872884675861,46.17000577763453,46.21530532836914,,1620400
2024-01-03,45.94350978066053,46.17907300102262,45.880089711209486,46.13376998901367,,1561800
2024-01-04,45.93444580584905,46.01598637920913,45.89820478299253,45.943504333496094,,1188200
2024-01-05,45.82571688299735,46.12469662048445,45.79853439331055,45.79853439331055,,2009800
2024-01-08,45.86195198310063,46.106573640363706,45.83477295100472,46.05221557617188,,1778200
2024-01-09,46.00691845206624,46.12470003306733,45.97973941650204,46.08845901489258,,3118500
2024-01-10,46.20623746907545,46.260598992658885,46.04315635445862,46.0703353881836,,1068100
2024-01-11,46.07034707559481,46.342151306331495,45.952568928818906,46.29684829711914,,1046300
2024-01-12,46.43274932384791,46.52334842787975,46.29684721166586,46.42369079589844,,3610300
2024-01-16,46.24247779754281,46.278718812726495,45.9797356216613,46.043155670166016,,1020500
2024-01-17,45.943504333496094,45.99786586778088,45.82572619341367,45.943504333496094,,843200
2024-01-18,46.00693206341705,46.01599404870862,45.8438508895161,45.89821243286133,,944000
2024-01-19,45.86195927181661,45.93444131043613,45.75323967002116,45.91632080078125,,782600
2024-01-22,46.08845278324651,46.1065732898838,45.98879172480802,46.00691223144531,,1031600
2024-01-23,45.93444062816111,45.93444062816111,45.8257210279805,45.88914108276367,,812400
2024-01-24,46.08846326376494,46.09752524721091,45.81666251466454,45.843841552734375,,921600
2024-01-25,46.02503584659747,46.08845589604474,45.9616157971502,46.0703353881836,,2279200
2024-01-26,46.07939739334466,46.07939739334466,45.96161582025474,45.979736328125,,1828200
2024-01-29,46.12470313423928,46.19718517546208,46.06128307623631,46.15188217163086,,1134100
2024-01-30,46.22436972645637,46.26061075139057,46.070347098553206,46.25154876708984,,981000
2024-01-31,46.4236866405698,46.52334426363088,46.26060550300225,46.37838363647461,,1426700
2024-02-01,46.61203305592031,46.76658659989487,46.49384280762328,46.65748977661133,,1530700
2024-02-02,46.26655581123808,46.35747272089336,46.19382575163934,46.32110595703125,,1112300
2024-02-05,46.07563476412394,46.07563476412394,45.893804415855314,45.97562789916992,,758700
2024-02-06,46.03019600123076,46.266573118506805,46.00291918406779,46.18474960327149,,737000
2024-02-07,46.08472696162509,46.22110059648871,46.04836366470364,46.06654357910156,,1180800
2024-02-08,45.99381460861959,46.00290456603427,45.8756243534747,45.911991119384766,,1624200
2024-02-09,45.83926265511839,45.89381281001405,45.79380592676838,45.87562942504883,,888900
2024-02-12,45.90289988280649,45.92107979712922,45.80289301340349,45.89380645751953,,901300
2024-02-13,45.56652021169882,45.61197694144028,45.45742336669409,45.50288009643555,,1146800
2024-02-14,45.54832464280929,45.68469826368232,45.53923468654287,45.65742492675781,,1021300
2024-02-15,45.86653087898772,45.87562083570537,45.72106729462735,45.80289077758789,,2624400
2024-02-16,45.611971085443294,45.684704618192505,45.5665143615379,45.63924789428711,,705100
2024-02-20,45.784716283039415,45.82108305321981,45.67561944062432,45.76653289794922,,737100
2024-02-21,45.79380447981967,45.80289790607799,45.63015748842953,45.68470764160156,,866400
2024-02-22,45.73926035073882,45.78471708019271,45.67562023587814,45.72107696533203,,765100
2024-02-23,45.748346649683306,45.88472029526176,45.72107330781797,45.83926010131836,,924500
2024-02-26,45.839257401460905,45.839257401460905,45.657430508900106,45.739253997802734,,930500
2024-02-27,45.7119809841246,45.78471452168731,45.66652425721089,45.68470764160156,,972000
2024-02-28,45.68471019451846,45.73926035073882,45.62107007965778,45.72107696533203,,976900
2024-02-29,45.748356675727855,45.90291373913065,45.70289993994819,45.757450103759766,,1520200
2024-03-01,45.71547296764925,46.02571784305892,45.58772569204272,45.99834442138672,,1218600
2024-03-04,45.89795303344727,45.95270333672807,45.843206211017325,45.89795303344727,,1208400
2024-03-05,46.080456632787104,46.18083046159671,46.03483311446946,46.10783004760742,,795500
2024-03-06,46.18995462855505,46.3085785630594,46.180831317063046,46.19908142089844,,745400
2024-03-07,46.33594664327146,46.33594664327146,46.20819941198391,46.2994499206543,,720400
2024-03-08,46.372452374417335,46.45457610158448,46.31770206268877,46.35420227050781,,783400
2024-03-11,46.36332702636719,46.436323957947465,46.30857671704354,46.36332702636719,,1058200
2024-03-12,46.2812074466165,46.30858086330359,46.18083361096176,46.23558044433594,,724700
2024-03-13,46.22645542892744,46.299455845205,46.17170511671928,46.18083190917969,,1020900
2024-03-14,46.07134375470129,46.07134375470129,45.89796947264035,45.92534637451172,,741200
2024-03-15,45.92533696693213,45.970960486235846,45.85233655136506,45.91621017456055,,747900
2024-03-18,45.91619990665251,45.95270010627376,45.86144960722062,45.87969970703125,,925600
2024-03-19,45.9253422203281,46.04396268791646,45.90709211434871,45.98921585083008,,787900
2024-03-20,45.98920552693423,46.10782596789406,45.87058160512338,46.06220245361328,,1189600
2024-03-21,46.14433203403997,46.19908234664324,46.07133509808706,46.11695861816406,,997400
2024-03-22,46.32683419480424,46.32683419480424,46.217337039577615,46.25383377075195,,884800
2024-03-25,46.24469966560356,46.24469966560356,46.10782564287504,46.126075744628906,,806500
2024-03-26,46.126075744628906,46.153452637685206,46.06220212891586,46.126075744628906,,3428700
2024-03-27,46.16257937303174,46.37245033749551,46.15345606190343,46.36332702636719,,729800
2024-03-28,46.317689768879895,46.408940264207466,46.29031636070686,46.32681655883789,,719600
2024-04-01,46.184872630338376,46.184872630338376,45.94675711432106,45.98339080810547,,793300
2024-04-02,45.83685960019849,45.95591735839844,45.74527885917165,45.95591735839844,,688400
2024-04-03,45.83686472887283,46.029186402696816,45.772757504264845,45.974239349365234,,830500
2024-04-04,46.09329696675463,46.1024536444187,45.94676217547582,46.0291862487793,,742200
2024-04-05,45.88264605577167,46.001703803813015,45.84601585863521,45.87348937988281,,1171000
2024-04-08,45.84602488687405,45.92844896042927,45.80023101766869,45.86434173583984,,1638100
2024-04-09,45.9833857706479,46.08412667072824,45.9833857706479,46.04749298095703,,909800
2024-04-10,45.736120761636926,45.736120761636926,45.46137503252387,45.498008728027344,,1289200
2024-04-11,45.59874697880655,45.6262205020377,45.37894831221357,45.46137237548828,,990200
2024-04-12,45.62621569817385,45.63537586734064,45.53463496799149,45.55295181274414,,577400
2024-04-15,45.36979281567126,45.36979281567126,45.12252061941592,45.17747116088867,,1772300
2024-04-16,45.02178698355633,45.1042110622967,44.95767975493404,45.06757736206055,,1809900
2024-04-17,45.25989424196447,45.314844786483725,45.16831349468062,45.2690544128418,,1528800
2024-04-18,45.2690529877437,45.28736983534016,45.131678377561,45.16831207275391,,829900
2024-04-19,45.30567921127093,45.30567921127093,45.19577814381671,45.2232551574707,,908800
2024-04-22,45.2140989051741,45.31483981227696,45.20494222888348,45.30568313598633,,947900
2024-04-23,45.26906204178435,45.49801744216012,45.22327166042562,45.37895965576172,,718100
2024-04-24,45.29652909845694,45.30568926956888,45.14084112537056,45.232421875,,701700
2024-04-25,45.02177325099088,45.14998766912744,44.94850936644751,45.14083099365234,,721200
2024-04-26,45.28737234441477,45.32400604163732,45.23242179858095,45.25989532470703,,1377200
2024-04-29,45.39727152965459,45.433905228157904,45.324007626229736,45.41558837890625,,1248800
2024-04-30,45.278204684644585,45.34231189739037,45.17746727431626,45.20494079589844,,1031800
2024-05-01,45.292277288841625,45.54967087996453,45.24631464853034,45.3750114440918,,2143400
2024-05-02,45.420983696469314,45.623223564706905,45.36582641238849,45.61402893066406,,1187400
2024-05-03,45.91738077072549,45.94495765462122,45.73352669572935,45.84383773803711,,668500
2024-05-06,45.8990027127701,45.95415999653981,45.87142582424794,45.94496536254883,,747800
2024-05-07,45.944964920825,46.10124213664066,45.93577379364778,45.97254180908203,,2177600
2024-05-08,45.87141374984023,45.94495326878382,45.87141374984023,45.89899063110352,,969800
2024-05-09,45.87140829690166,45.99091043931981,45.83463678843882,45.93575668334961,,805400
2024-05-10,45.87141812865765,45.90818613827703,45.79787509596928,45.84383773803711,,725300
2024-05-13,45.926571896449126,45.94495765462122,45.83464661231346,45.84383773803711,,766500
2024-05-14,45.944964920825,46.00931333124164,45.89900227148817,45.97254180908203,,665200
2024-05-15,46.25750948875312,46.34024364887975,46.17477532862649,46.294281005859375,,751500
2024-05-16,46.321858459238456,46.331053091990384,46.2299331720687,46.2391242980957,,1339700
2024-05-17,46.21154338909408,46.23912027149856,46.14719499233385,46.16558074951172,,752500
2024-05-20,46.11042360580032,46.17477200273892,46.11042360580032,46.13800048828125,,654000
2024-05-21,46.24832058310432,46.24832058310432,46.183972178441614,46.20235443115234,,591900
2024-05-22,46.11043001851434,46.20235531071821,46.08285313219821,46.14720153808594,,1093800
2024-05-23,46.183965900281045,46.21154278232345,45.95414919866221,45.99091720581055,,751900
2024-05-24,46.0184953876882,46.10122953657232,45.97252924418915,46.08284378051758,,525700
2024-05-28,46.13799352449092,46.13799352449092,45.86221422113214,45.88059997558594,,555600
2024-05-29,45.76109139458016,45.76109139458016,45.63239462836906,45.69674301147461,,709200
2024-05-30,45.84383336185246,45.9265675123668,45.816256480589175,45.89899063110352,,585800
2024-05-31,46.027689886798406,46.11961516708705,46.00011300405675,46.11042404174805,,649900
2024-06-03,46.16394152780791,46.33926157196606,46.16394152780791,46.33003234863281,,1034500
2024-06-04,46.44075157547485,46.53302266877171,46.39461250890984,46.49611282348633,,500400
2024-06-05,46.54226210272441,46.63453674316406,46.40385542194135,46.63453674316406,,537900
2024-06-06,46.52380544484549,46.61608008185431,46.52380544484549,46.57917022705078,,2256400
2024-06-07,46.29311665607428,46.33002650491703,46.22852618055792,46.25621032714844,,808100
2024-06-10,46.182395935058594,46.21008008482958,46.14548608197551,46.182395935058594,,599700
2024-06-11,46.20084991505114,46.3577150274818,46.1731692857646,46.33926010131836,,778900
2024-06-12,46.68066793359928,46.80062319498289,46.54225774585532,46.55148696899414,,601400
2024-06-13,46.73603820800781,46.80062869790508,46.643763565356224,46.73603820800781,,941900
2024-06-14,46.726812182055085,46.80063190122904,46.7083572522616,46.78217697143555,,795300
2024-06-17,46.60684967041016,46.63453382076601,46.5238042591774,46.60684967041016,,1271800
2024-06-18,46.6622073538845,46.81907244898383,46.6622073538845,46.75447845458984,,1568400
2024-06-20,46.560712038185066,46.67144159483932,46.55148633508917,46.66221237182617,,1952100
2024-06-21,46.66221852967516,46.73603824385305,46.588402335414976,46.67144775390625,,1097800
2024-06-24,46.70834732055664,46.76371209816476,46.6622117658418,46.70834732055664,,1114000
2024-06-25,46.68989239468726,46.72680224642601,46.63453113699634,46.70834732055664,,1096200
2024-06-26,46.45921294380173,46.52380342694765,46.42230661051645,46.50535202026367,,1510200
2024-06-27,46.597625154452544,46.63453500925608,46.56071529964902,46.57917022705078,,1352600
2024-06-28,46.64375906353347,46.67144321361587,46.33003234863281,46.33003234863281,,819300
2024-07-01,46.19758529200381,46.3179854338222,46.114229445242806,46.14201354980469,,878400
2024-07-02,46.29020194096037,46.364297598205,46.24389392172018,46.35503387451172,,688000
2024-07-03,46.49396664214162,46.62363052368164,46.43839489302056,46.62363052368164,,848900
2024-07-05,46.77181103189336,46.8459066858398,46.68845518774123,46.818119049072266,,696900
2024-07-08,46.82738494873047,46.88295315869768,46.78107339632392,46.82738494873047,,600100
2024-07-09,46.76254436164565,46.818112561329976,46.67918852904442,46.75328063964844,,1871800
2024-07-10,46.79961063853742,46.84592220413285,46.74404241274517,46.8366584777832,,1006200
2024-07-11,47.068191273731685,47.15154712619351,47.03114344306519,47.04966735839844,,951900
2024-07-12,47.10523947388622,47.22564315795898,47.05893145172766,47.22564315795898,,2020900
2024-07-15,47.10524459508813,47.151552622281216,47.02188873291016,47.02188873291016,,869100
2024-07-16,47.08672124895555,47.24416924993777,47.07746105663497,47.23490905761719,,885200
2024-07-17,47.12376172744319,47.2719495129698,47.10523781261792,47.25342559814453,,1225800
2024-07-18,47.17932217557121,47.262678012031095,47.09596633911133,47.09596633911133,,968000
2024-07-19,47.1144985566154,47.1144985566154,46.94778685430634,46.9755744934082,,437800
2024-07-22,47.05893391210437,47.09597821192264,46.91074611360391,46.9570541381836,,748500
2024-07-23,46.99409979403545,47.0496680077265,46.93852804726876,46.94778823852539,,672400
2024-07-24,47.01261409267413,47.02187781580759,46.74402618408203,46.74402618408203,,1216200
2024-07-25,46.82739522494559,46.97558303917013,46.79960758078861,46.89222717285156,,957800
2024-07-26,47.04966786717507,47.11449980500471,47.01262003610795,47.08671569824219,,519400
2024-07-29,47.21638056499907,47.21638056499907,47.09597687804141,47.1793327331543,,480000
2024-07-30,47.19785907775864,47.2349069115098,47.12376694333221,47.207122802734375,,526600
2024-07-31,47.46644948407764,47.46644948407764,47.26268993619588,47.44792556762695,,841400
2024-08-01,47.71939104361348,47.71939104361348,47.54275359032548,47.57994079589844,,1586500
2024-08-02,47.61711964720143,48.0168731710575,47.61711964720143,47.9982795715332,,1059800
2024-08-05,48.00757920000696,48.02617280131359,47.7658694757544,47.88672256469727,,2039500
2024-08-06,47.88672545539618,47.88672545539618,47.645015716552734,47.645015716552734,,837300
2024-08-07,47.67290555982155,47.71939134026029,47.44978941773103,47.48697662353516,,943300
2024-08-08,47.46837817297362,47.54274903061971,47.41259736996398,47.50556182861328,,779100
2024-08-09,47.77516724022416,47.77516724022416,47.663609172360125,47.691497802734375,,656600
2024-08-12,47.67290113474411,47.81235137038204,47.62641890498706,47.765869140625,,952900
2024-08-13,47.95180177933275,48.02617263793945,47.8960209756026,48.02617263793945,,896100
2024-08-14,48.08195924106565,48.22140594766012,48.0633656375796,48.15633010864258,,2985400
2024-08-15,47.933208178089366,48.05406126662112,47.91461457684599,48.02617263793945,,1129500
2024-08-16,48.09124145172374,48.15631727339642,48.01687060396909,48.14702224731445,,675000
2024-08-19,48.147026545508446,48.26787962719436,48.11913437203994,48.22139739990234,,833900
2024-08-20,48.25858901803748,48.37014708302405,48.23999541614523,48.34225845336914,,1127300
2024-08-21,48.35155319090298,48.52819063463565,48.33296313548927,48.43522262573242,,1225800
2024-08-22,48.37014633642673,48.3794449104128,48.19351244072711,48.26788330078125,,773000
2024-08-23,48.416627087499066,48.54677873885796,48.34225268879883,48.51888656616211,,597800
2024-08-26,48.61186019303977,48.61186019303977,48.45381635068599,48.48170852661133,,674600
2024-08-27,48.33295475972972,48.47240142936905,48.31436116117122,48.45380783081055,,532500
2024-08-28,48.44450988777583,48.472398510751205,48.37013549802004,48.38872909545898,,644200
2024-08-29,48.30507748590453,48.37015332774541,48.267890277319054,48.332969665527344,,1821200
2024-08-30,48.36085694125878,48.42593278127294,48.21211165745967,48.23070526123047,,1722100
2024-09-03,48.418258918936814,48.50223754183142,48.287626296539,48.3716049194336,,1477700
2024-09-04,48.399580412641896,48.62352451858601,48.38091810719065,48.604862213134766,,1332900
2024-09-05,48.735501723144566,48.79148864746094,48.58620681777222,48.79148864746094,,3509100
2024-09-06,48.810148515597234,49.024759708874825,48.716836979734495,48.80081558227539,,893600
2024-09-09,48.80082896110614,48.92213221124763,48.7448455837117,48.88480758666992,,719800
2024-09-10,48.894131591782745,49.00610188559179,48.87546928290266,48.996768951416016,,764100
2024-09-11,48.92212246705217,49.07141737615466,48.8847978499087,49.01543045043945,,747000
2024-09-12,48.98743901154564,49.02476362887519,48.884798093625065,48.96877670288086,,842300
2024-09-13,49.12740025259016,49.17405424043838,49.06208395770841,49.10873794555664,,633100
2024-09-16,49.13673190612878,49.29535974353782,49.09940729033004,49.267364501953125,,987500
2024-09-17,49.3326794224835,49.3326794224835,49.2113797637312,49.258033752441406,,689900
2024-09-18,49.14606882261207,49.39800467871039,49.090085449793655,49.09941482543945,,721900
2024-09-19,49.13673263362952,49.211381866332246,49.08074570910248,49.127403259277344,,579900
2024-09-20,49.09007596533275,49.20204624880815,49.01542673670173,49.18338394165039,,521800
2024-09-23,49.07142151770835,49.20205412926431,49.015434587267926,49.13673782348633,,615200
2024-09-24,49.02475886479375,49.23003712121513,48.996763624781366,49.20204544067383,,579300
2024-09-25,49.108741426484805,49.108741426484805,48.97810882746181,48.9874382019043,,589000
2024-09-26,49.06208743532965,49.07141680977213,48.88479728568013,48.9874382019043,,1280600
2024-09-27,49.08074083651144,49.17405236812615,49.071411463085454,49.14605712890625,,489400
2024-09-30,49.17405065787318,49.17405065787318,48.99676053370679,49.06208038330078,,632400
2024-10-01,49.24283218383789,49.30838910862128,49.167907942608615,49.24283218383789,,851700
2024-10-02,49.02743124915472,49.16791242798287,48.98997269770736,49.1491813659668,,1029900
2024-10-03,49.064889368459085,49.064889368459085,48.91504445714578,48.92441177368164,,562400
2024-10-04,48.718381774414766,48.72774551992172,48.63409377451188,48.6809196472168,,656600
2024-10-07,48.5497993107023,48.58726143291257,48.45614757776122,48.46551132202149,,729300
2024-10-08,48.44679076557034,48.559173583984375,48.39059757007063,48.559173583984375,,895400
2024-10-09,48.48424238312662,48.52170450533689,48.41868545555094,48.46551132202149,,1303100
2024-10-10,48.43741741401352,48.465512219899416,48.32503104530062,48.44678115844727,,2035100
2024-10-11,48.41868793080623,48.52170698585872,48.37186206194187,48.45615005493164,,920500
2024-10-14,48.33439746687013,48.46551132202149,48.30630266150473,48.46551132202149,,362200
2024-10-15,48.55916750895913,48.671553885898376,48.55916750895913,48.64345550537109,,446900
2024-10-16,48.74647006749747,48.802663250782985,48.69028045679656,48.73710632324219,,1146900
2024-10-17,48.5778907355007,48.61535285510397,48.45614420566665,48.49360275268555,,740300
2024-10-18,48.54043690577784,48.57789545643706,48.46551265928996,48.474876403808594,,468000
2024-10-21,48.29694102321095,48.30630834115719,48.07217540869152,48.081539154052734,,2722900
2024-10-22,48.14709608933632,48.14709608933632,47.98788741010048,48.081539154052734,,744000
2024-10-23,47.94105216535869,48.034707470565024,47.91295736008909,47.96915054321289,,2103200
2024-10-24,48.0347103688165,48.1470931692603,47.97851718230219,48.06280517578125,,990400
2024-10-25,48.19391657243392,48.19391657243392,47.96915098304701,47.99724578857422,,802000
2024-10-28,48.05343312670352,48.05343312670352,47.86612610994317,47.95977783203125,,1049700
2024-10-29,47.79120901928748,48.00661087036133,47.75375046840248,48.00661087036133,,826800
2024-10-30,48.128366177519766,48.20329043254218,47.922328048793226,47.94105911254883,,843700
2024-10-31,47.87550062491645,47.9691559406608,47.76311781860823,47.85676956176758,,994400
2024-11-01,47.98932464774053,48.04572867174063,47.65090767571824,47.67911148071289,,681600
2024-11-04,47.98931951796112,48.03632107327576,47.838912389361,47.94231796264648,,692300
2024-11-05,47.89531463209427,48.09272330869208,47.820109277587285,48.08332443237305,,811600
2024-11-06,47.67910699510842,47.876515681553,47.613304099626895,47.72610855102539,,755500
2024-11-07,47.942309221944775,48.17732054166019,47.89530767519932,48.14912033081055,,648900
2024-11-08,48.2243258835987,48.34653278354493,48.16792545746078,48.26192855834961,,868800
2024-11-11,48.15852158951232,48.205523138584255,48.12091891585944,48.18672180175781,,938800
2024-11-12,47.98931321064385,48.09271877033857,47.80130342810694,47.84830856323242,,798000
2024-11-13,48.02691261134808,48.055112821710864,47.7072970786134,47.74489974975586,,1208700
2024-11-14,47.820111662859325,47.89531702111756,47.68850587189628,47.72610855102539,,940800
2024-11-15,47.6227017717997,47.84831425487868,47.51929619980469,47.763710021972656,,636800
2024-11-18,47.67909620888636,47.86710239002246,47.67909620888636,47.791900634765625,,1523000
2024-11-19,47.94231230372684,47.97991497793559,47.88590829241369,47.91411209106445,,747600
2024-11-20,47.754311236857845,47.88591703462652,47.74491235958396,47.82011413574219,,1133300
2024-11-21,47.80130965199154,47.93291902709517,47.73550675743412,47.77310943603516,,854200
2024-11-22,47.85770787459674,47.85770787459674,47.74490343844241,47.80130386352539,,639000
2024-11-25,48.233725071504345,48.28072661875861,48.14912085205138,48.27132415771485,,892900
2024-11-26,48.19612754049751,48.19612754049751,48.04572042164666,48.17732620239258,,685400
2024-11-27,48.28073434610203,48.37473745565579,48.205528989668,48.327735900878906,,576700
2024-11-29,48.49693309295449,48.55333709716797,48.48753421857955,48.55333709716797,,356200
2024-12-02,48.547680756622285,48.642038267327656,48.406140891055934,48.60429382324219,,929000
2024-12-03,48.66091295188213,48.67035086313526,48.472194321412886,48.481632232666016,,2292700
2024-12-04,48.40614251842552,48.69865657065949,48.38727029574832,48.6514778137207,,819800
2024-12-05,48.58543007851477,48.6797875986933,48.55711994285428,48.66091537475586,,869300
2024-12-06,48.84019094623015,48.84019094623015,48.66091023701638,48.76470565795898,,654500
2024-12-09,48.69865183790712,48.70808614857464,48.623162954534656,48.67034530639648,,789200
2024-12-10,48.56655297866502,48.65147617810317,48.547680756622285,48.60429382324219,,763800
2024-12-11,48.65147772166257,48.71752870115358,48.50050354003906,48.50050354003906,,833600
2024-12-12,48.41558243132116,48.425016743295615,48.27404255514421,48.30234909057617,,769700
2024-12-13,48.23629334276353,48.25516556435656,48.06644694793447,48.094757080078125,,569300
2024-12-16,48.18911926374248,48.20799148716645,48.085323834664905,48.15137481689453,,922300
2024-12-17,48.10419605808888,48.18911926374248,48.09476174613118,48.15137481689453,,697400
2024-12-18,48.122011535719366,48.18832110604255,47.65784454345703,47.65784454345703,,879600
2024-12-19,47.61995117427981,47.62942242112485,47.41154760768412,47.496803283691406,,954500
2024-12-20,47.71467608149568,47.81887786039167,47.60100305615474,47.66731262207031,,881000
2024-12-23,47.61047316276159,47.667311480871454,47.50627499996052,47.55363845825195,,1019300
2024-12-24,47.50627929506109,47.65784454345703,47.44944097181239,47.65784454345703,,509700
2024-12-26,47.52521316211155,47.70519934625981,47.496795812446,47.69572448730469,,876700
2024-12-27,47.62941777053668,47.676784840938346,47.5346908569336,47.5346908569336,,792400
2024-12-30,47.676782845141176,47.733617545483824,47.65783674049364,47.7052001953125,,973700
2024-12-31,47.75256147252959,47.79992492518859,47.57257890698544,47.62941360473633,,867000
2025-01-02,47.75256147252959,47.79045368009671,47.5441579445102,47.62941360473633,,1592800
2025-01-03,47.667311480871454,47.71467493916289,47.5252174923969,47.55363845825195,,1002000
2025-01-06,47.51574342984937,47.553635639676685,47.43996262379476,47.468379974365234,,1463200
2025-01-07,47.42102298898609,47.46838645093248,47.2410367745491,47.30734634399414,,1641800
2025-01-08,47.288397739423466,47.4020743784127,47.25050914002738,47.373653411865234,,1133200
2025-01-10,47.15577251475646,47.26944913905805,47.07999171215525,47.14630126953125,,1309300
2025-01-13,47.136834197238166,47.136834197238166,47.00421506057881,47.05157852172852,,1133200
2025-01-14,47.08946926285086,47.10841536943809,46.99474234351507,47.07999801635742,,1974700
2025-01-15,47.49680096394727,47.58205663579066,47.43049139846911,47.5157470703125,,1446300
2025-01-16,47.4778599781312,47.66731744861646,47.4210252665061,47.582061767578125,,1039000
2025-01-17,47.66730898193148,47.70520119201824,47.60099942107966,47.61994552612305,,1017300
2025-01-21,47.79046295967043,47.84729766845703,47.74309949781477,47.84729766845703,,1229500
2025-01-22,47.84729120935632,47.86623731426108,47.70520084297068,47.71467208862305,,1549700
2025-01-23,47.553639596729376,47.67678748211558,47.553639596729376,47.66731262207031,,890000
2025-01-24,47.648365514552914,47.790459503444126,47.629419408460734,47.752567291259766,,663700
2025-01-27,47.93254371778496,48.02727423606978,47.894655124070816,48.017799377441406,,1313800
2025-01-28,47.90413119663146,47.989386864879535,47.88518509106521,47.97991561889648,,1007200
2025-01-29,48.02727457899885,48.03674582409506,47.80939980578774,47.923072814941406,,579100
2025-01-30,47.99885940551758,48.0746438298267,47.97044205320178,47.99885940551758,,698200
2025-01-31,48.036752823217824,48.08411628279955,47.8188780182616,47.91360855102539,,1071900
2025-02-03,47.95640563964844,48.08953805048832,47.87082000016765,47.95640563964844,,1354600
2025-02-04,47.84228365350354,48.070509564083466,47.84228365350354,48.032470703125,,1536400
2025-02-05,48.251193623292814,48.36530658161811,48.2036432320372,48.29874038696289,,1206200
2025-02-06,48.232171593470106,48.32726511568645,48.18462120477659,48.22266006469727,,1395800
2025-02-07,48.08002788653571,48.13708255844945,48.013461684245705,48.06100845336914,,814100
2025-02-10,48.08953326992673,48.18462680319168,48.051494405586446,48.09904479980469,,623100
2025-02-11,47.9563999565323,48.03247405617437,47.9563999565323,48.013458251953125,,590700
2025-02-12,47.71865872228958,47.83277167651087,47.68061986168736,47.78522491455078,,1078700
2025-02-13,47.956400872321495,48.137080036559205,47.956400872321495,48.09904479980469,,737100
2025-02-14,48.251195489614176,48.35579692270004,48.24168395996094,48.24168395996094,,932000
2025-02-18,48.14659091714321,48.222665017212094,48.06100528732463,48.08002471923828,,2133100
2025-02-19,48.08002434034046,48.16560996948456,48.03247394713819,48.12757110595703,,623700
2025-02-20,48.13707230794809,48.23216945353055,48.13707230794809,48.21315002441406,,1260500
2025-02-21,48.25119389527951,48.45089248037084,48.24168236594056,48.36530685424805,,988400
2025-02-24,48.38432339634653,48.50794424968714,48.33677663524742,48.45088958740234,,1431900
2025-02-25,48.6600967907254,48.76470184326172,48.6600967907254,48.76470184326172,,830000
2025-02-26,48.76471205801929,48.85980922914752,48.69814585202261,48.84078979492188,,920900
2025-02-27,48.70764094880452,48.79322656014997,48.66960209318767,48.688621520996094,,637800
2025-02-28,48.7932356722364,48.91685653469984,48.70765004490792,48.9073486328125,,823700
2025-03-03,48.817618909613536,48.99899291992188,48.76034597285379,48.99899291992188,,1464600
2025-03-04,48.94170686954701,49.0276198995225,48.855793839571525,48.90352249145508,,1434500
2025-03-05,48.97034463174226,48.97989254724994,48.73169772452961,48.76033782958984,,993800
2025-03-06,48.70306657753599,48.75079523589618,48.56942487754214,48.63624572753906,,1138400
2025-03-07,48.85579579507065,48.85579579507065,48.550328041034,48.5885124206543,,680200
2025-03-10,48.74125262879077,48.8462542241912,48.68397605192053,48.73170471191406,,9002700
2025-03-11,48.68397543271915,48.73170409210562,48.473964961662695,48.48351287841797,,6733400
2025-03-12,48.52169485284284,48.52169485284284,48.34986877441406,48.34986877441406,,789200
2025-03-13,48.22577347885944,48.49305688310282,48.21622556215745,48.47396469116211,,2552500
2025-03-14,48.48350842282091,48.55032926811385,48.44532404223553,48.45486831665039,,6995000
2025-03-17,48.5598788384361,48.664884075766224,48.51215017823059,48.53124237060547,,971000
2025-03-18,48.4835077625352,48.69351456996886,48.4739598467874,48.62669372558594,,638200
2025-03-19,48.57897264333776,48.87489617277613,48.5694283675652,48.82716751098633,,659700
2025-03-20,49.02762943556615,49.04672162832561,48.788982488268,48.798526763916016,,669200
2025-03-21,48.817614304589945,48.86534296120858,48.73170126609118,48.75079345703125,,646300
2025-03-24,48.73169810956279,48.73169810956279,48.55032776957477,48.57896423339844,,498700
2025-03-25,48.59805726126837,48.69351456996886,48.55032860691813,48.62669372558594,,730400
2025-03-26,48.52169689431063,48.5598776366521,48.454872401920696,48.46442031860352,,759600
2025-03-27,48.40713956358377,48.4453239440918,48.37850309893423,48.4453239440918,,607700
2025-03-28,48.59805827075364,48.69351558143698,48.55032961541197,48.6744270324707,,1616600
2025-03-31,48.80806648273981,48.80806648273981,48.626692502722,48.76033782958984,,1384700
2025-04-01,48.81304423229711,48.9759479341196,48.81304423229711,48.88970565795898,,1609200
2025-04-02,48.97594101899263,49.004687221848044,48.784291137315805,48.9567756652832,,1346400
2025-04-03,49.10052100555581,49.20592498289091,48.95678265990744,48.995113372802734,,982400
2025-04-04,49.215510446385984,49.215510446385984,48.832210620811296,48.937618255615234,,1497900
2025-04-07,48.61181232706921,48.678889245233066,48.08477783203125,48.08477783203125,,4997000
2025-04-08,48.22852121748956,48.3051789939427,47.62482523546618,47.69190216064453,,2094000
2025-04-09,47.13611926864134,48.32434591310784,47.13611926864134,48.247684478759766,,3179600
2025-04-10,47.87396438663216,48.07519514875189,47.59607219775177,47.653568267822266,,1880600
2025-04-11,47.53857780176843,47.7206431996098,47.04987036508275,47.66315078735352,,1534000
2025-04-14,47.87396208563724,47.96020435888887,47.75897360644101,47.89312744140625,,1039200
2025-04-15,47.94104495648619,48.142279389341375,47.89313338882288,48.094364166259766,,1343800
2025-04-16,48.10393946472541,48.23809329066955,48.03686255175335,48.19018173217773,,1142300
2025-04-17,48.24767764226237,48.29559285964972,48.1518545183234,48.2093505859375,,596900
2025-04-21,48.07519563019631,48.11352634396051,47.816472450833146,47.84521865844727,,2076600
2025-04-22,48.06561685115362,48.06561685115362,47.9314630026148,47.941043853759766,,1357500
2025-04-23,48.487244869768205,48.5543217955805,48.08478331489442,48.094364166259766,,2365200
2025-04-24,48.30517871390531,48.49682863705451,48.28601335604856,48.46808242797852,,2633600
2025-04-25,48.61181330875306,48.68847473415581,48.54473638923462,48.67889022827149,,1533300
2025-04-28,48.62139821337077,48.80346361706845,48.62139821337077,48.765132904052734,,6521300
2025-04-29,48.69805440204928,48.860958099365234,48.69805440204928,48.860958099365234,,2555800
2025-04-30,48.75554966458461,48.81304207587319,48.64055753117184,48.688472747802734,,5157700
2025-05-01,48.74907324504804,48.78755011065911,48.537454153543,48.585548400878906,,1171300
2025-05-02,48.441267475403166,48.53745597368202,48.40279060834922,48.470123291015625,,1433000
2025-05-05,48.412410736083984,48.43164549988796,48.29698013712456,48.412410736083984,,4375300
2025-05-06,48.345078198621366,48.49898200668401,48.28736656394552,48.48936462402344,,852200
2025-05-07,48.575927734375,48.6047835469541,48.508595058786696,48.575927734375,,5633500
2025-05-08,48.65288695338669,48.65288695338669,48.37393516910922,48.38355255126953,,1018100
2025-05-09,48.48935880963263,48.50859724200309,48.3643108339025,48.373931884765625,,747200
2025-05-12,48.31621750098681,48.42202704634662,48.31621750098681,48.35469436645508,,1283800
2025-05-13,48.35469673543256,48.43164680078316,48.30660248591894,48.38355255126953,,994300
2025-05-14,48.364311964796485,48.37393301588458,48.171934975305085,48.19116973876953,,1524900
2025-05-15,48.316219492155845,48.4893617245426,48.26812524301642,48.470123291015625,,951200
2025-05-16,48.66250832161168,48.66250832161168,48.489366073695294,48.53746032714844,,792400
2025-05-19,48.22003493567112,48.57593681162364,48.210413883443145,48.54708099365234,,1722700
2025-05-20,48.42202865739688,48.50859977290287,48.37393440863933,48.47974395751953,,1456700
2025-05-21,48.27774320974697,48.35469694478677,48.02765090957971,48.06612777709961,,2811100
2025-05-22,48.09497850924581,48.27773810661291,47.98916896942856,48.24888229370117,,2036800
2025-05-23,48.35469764417248,48.36431502651353,48.22964965760217,48.2873649597168,,1594000
2025-05-27,48.508601233475424,48.65288765344845,48.43164749766152,48.60478973388672,,1120600
2025-05-28,48.5182186089911,48.56631652854611,48.4124127262959,48.52783966064453,,852100
2025-05-29,48.652883463697805,48.72983352352906,48.60478554827803,48.69135665893555,,1496200
2025-05-30,48.70098746344241,48.80679702758789,48.6721279745395,48.80679702758789,,1344100
2025-06-02,48.67835669596287,48.71698353270358,48.581793287769,48.70732498168945,,822800
2025-06-03,48.77492036693131,48.82320575494629,48.68801182562545,48.716983795166016,,675900
2025-06-04,48.890802834071685,49.054961372185815,48.86183086337185,49.016334533691406,,694000
2025-06-05,49.01633177453186,49.0356451926919,48.86182811290941,48.87148666381836,,1068400
2025-06-06,48.74595458799666,48.79423629483678,48.649391174316406,48.649391174316406,,672900
2025-06-09,48.66870313882671,48.81354825501692,48.66870313882671,48.77492141723633,,1900900
2025-06-10,48.900454422981966,48.91976784093416,48.78457759892662,48.8425178527832,,674300
2025-06-11,48.91011953883354,49.03565124688579,48.89080611828896,48.98736953735352,,1089200
2025-06-12,49.11289741320411,49.19980595052572,49.08392912864949,49.19014739990234,,894600
2025-06-13,49.07427004946966,49.10323833371228,48.87148469245593,48.968048095703125,,830700
2025-06-16,48.977709411150585,49.09358623832033,48.91011428833008,48.91011428833008,,1264700
2025-06-17,49.00668387111702,49.07427900245347,48.93908873978056,49.03565216064453,,1253600
2025-06-18,49.12255412220685,49.20946266278742,49.00667729598538,49.08393096923828,,1061500
2025-06-20,49.01632940646484,49.18049161106527,48.97770625566858,49.14186477661133,,933100
2025-06-23,49.20946568151184,49.33500106641976,49.1998108135919,49.23843765258789,,1372500
2025-06-24,49.19015578007959,49.46053998873123,49.19015578007959,49.421913146972656,,1253900
2025-06-25,49.354313682872736,49.41225025676592,49.28671855755865,49.39294052124024,,1417200
2025-06-26,49.4412135517052,49.53777694702149,49.35430502245759,49.53777694702149,,1172500
2025-06-27,49.45087498497734,49.60537864819632,49.43156156661773,49.4798469543457,,2514100
2025-06-30,49.61504087180026,49.72126283881191,49.55710061243259,49.672977447509766,,1587900
2025-07-01,49.70108492025834,49.74955412846796,49.613838866295616,49.71077728271485,,1794200
2025-07-02,49.60414202410794,49.71077649926664,49.56536887692944,49.70108413696289,,2315200
2025-07-03,49.652615041029854,49.69138818829543,49.584757410860725,49.61383819580078,,616400
2025-07-07,49.54598506429904,49.54598506429904,49.35210451851326,49.40057373046875,,1721200
2025-07-08,49.31333160400391,49.33272002992568,49.2551700242027,49.31333160400391,,1332300
2025-07-09,49.410273028127584,49.53629224787364,49.361800115033176,49.5265998840332,,1349000
2025-07-10,49.5169083017983,49.565377517693705,49.43935459799435,49.53629302978516,,1122000
2025-07-11,49.3811863261183,49.390882387487984,49.29394026361073,49.32302474975586,,1010800
2025-07-14,49.29394026361073,49.36179790134285,49.25516711202373,49.32302474975586,,725500
2025-07-15,49.390881274447466,49.390881274447466,49.15822388034897,49.1776123046875,,763700
2025-07-16,49.255165100097656,49.332715098067865,49.10006140619348,49.255165100097656,,1408800
2025-07-17,49.32302643052089,49.37149564512923,49.29394194338465,49.34241485595703,,1840900
2025-07-18,49.4490484421821,49.4587445044299,49.38119079830448,49.41996765136719,,713300
2025-07-21,49.623534041003246,49.66231088895391,49.55567640607147,49.565372467041016,,1036000
2025-07-22,49.57506639147434,49.68170087771536,49.57506639147434,49.6720085144043,,685100
2025-07-23,49.594456501105725,49.63323335159521,49.56537571222061,49.604148864746094,,1200500
2025-07-24,49.45874302394534,49.61384673358911,49.45874302394534,49.53629302978516,,808400
2025-07-25,49.56537402816328,49.68170087771536,49.52659717899129,49.6720085144043,,657000
2025-07-28,49.62353269048655,49.64292111393422,49.5750634808492,49.59445190429688,,840400
2025-07-29,49.642919092961904,49.83679962158203,49.642919092961904,49.83679962158203,,956900
2025-07-30,49.71077728271485,49.83680018243068,49.67200413492528,49.71077728271485,,1040400
2025-07-31,49.81741266133805,49.84649344719752,49.7107781825685,49.72047424316406,,1604600
2025-08-01,49.96377481074165,50.11948568573371,49.9053818404546,50.10002136230469,,1224400
2025-08-04,50.13894578491315,50.18760473316608,50.090286836660205,50.16814041137695,,1040300
2025-08-05,50.10975323358264,50.197340829041,50.09028891098745,50.18760681152344,,1192400
2025-08-06,50.11948146312401,50.197338750280544,49.973500905925405,50.16814041137695,,897800
2025-08-07,50.19734604756139,50.24600500288797,50.10975844299741,50.12921905517578,,923800
2025-08-08,50.10002078619127,50.10002078619127,50.02216720581055,50.02216720581055,,573000
2025-08-11,50.07082193331975,50.1292111855692,50.04162359475528,50.09028625488281,,556300
2025-08-12,50.0318984245376,50.13895034790039,49.99296977741656,50.13895034790039,,806400
2025-08-13,50.26546437325344,50.35305196918464,50.26546437325344,50.333587646484375,,1045800
2025-08-14,50.22653654725201,50.2557311755587,50.1486792551808,50.19734191894531,,749300
2025-08-15,50.18760647085386,50.216801098328496,50.119483198453096,50.14867782592773,,814800
2025-08-18,50.16813873636778,50.18760305750704,50.05135652197188,50.08055114746094,,833600
2025-08-19,50.11948146312401,50.17787442849141,50.11948146312401,50.16814041137695,,1023300
2025-08-20,50.12921285704872,50.216800450783104,50.119482552162616,50.17787551879883,,868400
2025-08-21,50.09029245741304,50.10975678138632,49.97350651357341,50.041629791259766,,852600
2025-08-22,50.13895020053455,50.39197898119737,50.11948587703124,50.35305404663086,,727000
2025-08-25,50.26545987729517,50.3238491277334,50.24599555633588,50.2557258605957,,822900
2025-08-26,50.236268415325846,50.29466138619578,50.17787915689605,50.28492736816406,,989300
2025-08-27,50.168148295592125,50.32385918193627,50.168148295592125,50.31412887573242,,786500
2025-08-28,50.3335840724889,50.40170734088265,50.29465542985255,50.37250900268555,,631400
2025-08-29,50.2946555938702,50.30438589834117,50.22653232525428,50.26546096801758,,1370200
2025-09-02,50.0515039069562,50.14920574170578,50.03196354000628,50.12966537475586,,1103400
2025-09-03,50.207818034928536,50.403217957710666,50.18827766995597,50.34459686279297,,3035900
2025-09-04,50.471613451695966,50.59862397584618,50.452073084369474,50.58885192871094,,1094600
2025-09-05,50.89172167412978,50.92103036144151,50.83310057256236,50.842872619628906,,857500
2025-09-08,50.98941923721776,51.01873165115962,50.940570183239885,50.99919128417969,,692100
2025-09-09,50.96010626143563,50.98941494596696,50.84286779636669,50.9307975769043,,1831300
2025-09-10,51.018725984226286,51.13596444613964,50.98941357354032,51.04803466796875,,682300
2025-09-11,51.0871175599902,51.2532050774856,51.0871175599902,51.19458770751953,,887000
2025-09-12,51.135968374652506,51.15550874096317,51.038270270042986,51.14573669433594,,839200
2025-09-15,51.2336690004146,51.29229010223126,51.21412863314237,51.26298141479492,,794500
2025-09-16,51.243438720703125,51.29228777319359,51.21412630765379,51.243438720703125,,1004300
2025-09-17,51.32159477272918,51.37044755055802,51.08711783770296,51.16527557373047,,1268300
2025-09-18,51.048040441772585,51.1164298628692,50.9894193407138,51.09688949584961,,854200
2025-09-19,51.048040441772585,51.10666154283137,51.00895970773339,51.09688949584961,,6098500
2025-09-22,51.03826586926801,51.06757455273496,50.95033609192367,50.97964477539063,,15239200
2025-09-23,51.057804107666016,51.07734447290442,50.989414692803386,51.057804107666016,,1077100
2025-09-24,51.0089579222454,51.0089579222454,50.8819511314796,50.92102813720703,,1858100
2025-09-25,50.83310057256236,50.842872619628906,50.715862096371474,50.842872619628906,,957800
2025-09-26,50.852635273394334,50.95033709845342,50.8135545433707,50.89171600341797,,1835100
2025-09-29,50.9894215629926,51.05781098706984,50.969881195121374,51.01873397827149,,2683300
2025-09-30,51.05781098706984,51.11643209068352,50.969881195121374,51.01873397827149,,5588800
2025-10-01,51.14133232940935,51.1707565250261,51.06286656055397,51.16094970703125,,2448600
2025-10-02,51.160954532725725,51.23942405061486,51.131530334333576,51.21980667114258,,1440100
2025-10-03,51.21980183989695,51.24922603551369,51.1511428890364,51.16094970703125,,1286600
2025-10-06,51.07267523428354,51.14133418763881,51.043251037597656,51.043251037597656,,1528100
2025-10-07,51.09229439466271,51.16095335041274,51.04325281793161,51.11191177368164,,1942300
2025-10-08,51.21980310408493,51.21980310408493,51.07267463910542,51.08248519897461,,1637600
2025-10-09,51.04324858509764,51.062865962489774,50.97458963504125,51.01382064819336,,2090600
2025-10-10,51.17076016910597,51.1903775481249,51.09229439466271,51.11191177368164,,2235400
2025-10-13,51.12171310279796,51.28845893573706,51.1119062851578,51.27864837646485,,896900
2025-10-14,51.209994420830704,51.40616446744802,51.17075966318075,51.38654708862305,,1505300
2025-10-15,51.49443782211077,51.533672577490776,51.32769572419407,51.39635467529297,,1665500
2025-10-16,51.38654226514945,51.5238601624023,51.35711807049015,51.51405334472656,,1584600
2025-10-17,51.47482061915863,51.48463117885304,51.41596848588883,51.44539642333984,,1288300
2025-10-20,51.54348618230924,51.57291412353516,51.514061982716015,51.57291412353516,,998800
2025-10-21,51.65136998229859,51.69060473530885,51.58271103534663,51.5925178527832,,1214200
2025-10-22,51.56309450049971,51.621946630975735,51.52385974684903,51.60232925415039,,1581300
2025-10-23,51.563097297323,51.62194943099121,51.5434799194336,51.5434799194336,,1483500
2025-10-24,51.6709898149655,51.6709898149655,51.5729066694095,51.6219482421875,,996200
2025-10-27,51.63175600323047,51.70041495470028,51.56309705176066,51.6807975769043,,1565200
2025-10-28,51.6807975769043,51.71022551441438,51.621949185148594,51.6807975769043,,2607200
2025-10-29,51.68079824513208,51.69060880497304,51.44539719180109,51.455204010009766,,1310100
2025-10-30,51.22960764612864,51.39635348180551,51.22960764612864,51.28845977783203,,1454100
2025-10-31,51.33750236399613,51.33750236399613,51.14133232940935,51.16094970703125,,1588100
2025-11-03,51.07429722126047,51.10383956625025,51.01522004363817,51.05460357666016,,1660700
2025-11-04,51.05460467284071,51.221998777448114,51.0447597284185,51.11368560791016,,1624200
2025-11-05,51.12352677060506,51.12352677060506,50.975830078125,50.975830078125,,2940200
2025-11-06,51.14322226954385,51.19245825833516,51.12352862526304,51.18260955810547,,1711700
2025-11-07,51.09399196288701,51.1727665429796,51.07429831786386,51.11368560791016,,1213000
2025-11-10,51.12352916434941,51.19245879814838,51.12352916434941,51.14322280883789,,1033800
2025-11-11,51.23184477253994,51.33031299967508,51.23184477253994,51.31061935424805,,999600
2025-11-12,51.28108348549296,51.30077337578606,51.23184749122321,51.25154113769531,,959600
2025-11-13,51.12353194192048,51.202306524154245,51.06445476142398,51.08414840698242,,1246100
2025-11-14,51.13337547047747,51.13337547047747,50.9659813782526,50.975830078125,,851200
2025-11-17,51.005367279052734,51.09398679460345,50.97582869259527,51.005367279052734,,1009500
2025-11-18,51.09399225561897,51.103840956276336,50.98567908546046,51.02506637573242,,1284800
2025-11-19,51.09399310428272,51.12353169438796,51.00537357778824,51.034915924072266,,890300
2025-11-20,51.13338064278911,51.172767933906,51.04476111586554,51.08414840698242,,1032100
2025-11-21,51.23184506675096,51.26138741315056,51.11368694968904,51.22200012207031,,872600
2025-11-24,51.31061960144285,51.37954548268011,51.27123231039904,51.3598518371582,,1236600
2025-11-25,51.39923829328387,51.576477343923166,51.39923829328387,51.48785781860352,,1429500
2025-11-26,51.48785692802072,51.61585998535156,51.43862469395665,51.61585998535156,,909400
2025-11-28,51.5764745647595,51.60601315288147,51.478006344055366,51.54693222045898,,1001100
2025-12-01,51.29190854254889,51.35121833224768,51.282025462963375,51.3413314819336,,1288300
2025-12-02,51.34132931409923,51.41052218046193,51.31167630586619,51.36109924316406,,1637300
2025-12-03,51.41052358520836,51.48960330362846,51.39075742633185,51.46983337402344,,851900
2025-12-04,51.43029757634037,51.43029757634037,51.34133477145649,51.38087463378906,,957600
2025-12-05,51.41052435121789,51.41052435121789,51.29190854254889,51.3413314819336,,1128100
2025-12-08,51.36110250318419,51.36110250318419,51.18317690103574,51.26225662231445,,1106000
2025-12-09,51.33144921508808,51.34133229483008,51.183176623857776,51.212833404541016,,1206600
2025-12-10,51.18317613452074,51.420411524075405,51.18317613452074,51.3907585144043,,1293000
2025-12-11,51.45994888848821,51.51925490495429,51.34132931409923,51.36109924316406,,1414100
2025-12-12,51.18317550075902,51.23260221057032,51.12386948215114,51.15352249145508,,1142800
2025-12-15,51.29190935466285,51.31167928487547,51.173293544115786,51.212833404541016,,935200
2025-12-16,51.16340264424012,51.32155830269495,51.16340264424012,51.30179214477539,,1537100
2025-12-17,51.26225662231445,51.31167956274932,51.222716761675095,51.26225662231445,,1321100
2025-12-18,51.40064319567931,51.44018305695857,51.33145032380496,51.410526275634766,,1304200
2025-12-19,51.36685700048916,51.3966317107928,51.30731515132759,51.32716369628906,,1112900
2025-12-22,51.32716401940856,51.33708639909034,51.277540763831055,51.31723785400391,,1444600
2025-12-23,51.2279241038087,51.35693776108539,51.21800172358269,51.347015380859375,,1528200
2025-12-24,51.39663390668949,51.49587285001394,51.38670774092323,51.4859504699707,,912700
2025-12-26,51.5256427472768,51.55541745825817,51.43632997150153,51.51572036743164,,1210100
2025-12-29,51.52564139697665,51.55541610717773,51.48594809291328,51.55541610717773,,882400
2025-12-30,51.495874958757376,51.5653429790738,51.46610403168553,51.53557205200195,,1386300
2025-12-31,51.466101841458,51.515721313040494,51.35693673254272,51.37678527832031,,1231300
2026-01-02,51.42640507374292,51.43633123955573,51.3172399641402,51.36685943603516,,1736000
2026-01-05,51.39663422967169,51.49587317361977,51.36685951790883,51.47602462768555,,1840300
2026-01-06,51.42640483254222,51.4859504699707,51.3569368150705,51.4859504699707,,1900400
2026-01-07,51.56533983810333,51.5851883835166,51.49587182201837,51.51572036743164,,3267500
2026-01-08,51.416481341333,51.456174646371146,51.3867066304007,51.40655517578125,,3083900
2026-01-09,51.426403454354606,51.5454909402971,51.38670636379947,51.52564239501953,,2126400
2026-01-12,51.44625405402748,51.53557061848174,51.41648312778374,51.466102600097656,,2765000
2026-01-13,51.545493079734406,51.58519017193721,51.495873607342446,51.57526779174805,,2547800
2026-01-14,51.59511709401392,51.67450749385997,51.58519092795621,51.66458511352539,,8050300
2026-01-15,51.72412864733663,51.72412864733663,51.595118770180285,51.61496353149414,,4486000
2026-01-16,51.62488582741486,51.62488582741486,51.49587217420776,51.50579833984375,,2459300
2026-01-20,51.27754211425781,51.36685867663751,51.25769735437164,51.27754211425781,,1981700
2026-01-21,51.376784686636654,51.5454916452188,51.33708759553863,51.50579833984375,,2534600
2026-01-22,51.515722153443846,51.60503871803861,51.476025061241046,51.57526779174805,,1781700
2026-01-23,51.57526676351196,51.61496006920033,51.49587258068921,51.60503768920898,,2072200
2026-01-26,51.68443398387687,51.71420491079035,51.63481072472353,51.65465927124024,,1821200
2026-01-27,51.634808614906014,51.68443187203173,51.59511530921764,51.60503768920898,,1571300
2026-01-28,51.60503871803861,51.60503871803861,51.50579977325469,51.57526779174805,,2207100
2026-01-29,51.50579942119607,51.60503836530167,51.47602470938595,51.58518981933594,,1810900
2026-01-30,51.565338134765625,51.61495760379825,51.54548959000801,51.565338134765625,,1852400
2026-02-02,51.57928738210525,51.62909661032852,51.49959945678711,51.49959945678711,,2560800
2026-02-03,51.47967455406339,51.5394433456961,51.44979205820227,51.52947998046875,,3164700
2026-02-04,51.48963609117821,51.5095590224854,51.42987109716727,51.49959945678711,,2395200
2026-02-05,51.56932425255479,51.70878096215692,51.54940132262444,51.68885803222656,,1782300
2026-02-06,51.70878280524048,51.72870573588095,51.62909488258905,51.71874237060547,,1776800
2026-02-09,51.66893694395952,51.738665301245945,51.62909488258905,51.71874237060547,,1462400
2026-02-10,51.858202030286606,51.89804409100034,51.79843323935037,51.82831573486328,,1421000
2026-02-11,51.74862855142427,51.84823940449462,51.72870562082811,51.77851104736328,,3020500
2026-02-12,51.8582011790912,51.96777159414352,51.8582011790912,51.93788909912109,,1791400
2026-02-13,52.10723433094969,52.10723433094969,52.04746553844015,52.09727096557617,,1938800
2026-02-17,52.10723237386684,52.15703779913223,52.06738651369038,52.12715530395508,,1735900
2026-02-18,52.09727096557617,52.147076392712194,52.067388469276665,52.09727096557617,,2165700
2026-02-19,52.04746676977238,52.12715849500376,52.03750720407376,52.11719512939453,,1760200
2026-02-20,52.11719389641268,52.1371168272492,52.03750597297715,52.09727096557617,,2077700
2026-02-23,52.12715775475524,52.1968861133872,52.10723482373031,52.16699981689453,,1837800
2026-02-24,52.12715591331028,52.1669979740421,52.067387122346894,52.137115478515625,,2001700
2026-02-25,52.08731263238807,52.17696392331807,52.08731263238807,52.11719512939453,,2205500
2026-02-26,52.1271565224327,52.1669985836301,52.08731066132484,52.14707565307617,,3041400
2026-02-27,52.13711732031242,52.25665110655141,52.13711732031242,52.16699981689453,,2196100
2026-03-02,52.13999938964844,52.13999938964844,51.93000030517578,52.02000045776367,,9580200
2026-03-03,51.7400016784668,52.06999969482422,51.7400016784668,51.97999954223633,,6039800
2026-03-04,51.97999954223633,52.08000183105469,51.970001220703125,51.9900016784668,,8555300
2026-03-05,51.810001373291016,51.869998931884766,51.7400016784668,51.83000183105469,,3404100
2026-03-06,51.65999984741211,51.84000015258789,51.56999969482422,51.70000076293945,,3634200
2026-03-09,51.619998931884766,51.959999084472656,51.61000061035156,51.93999862670898,,10189400
2026-03-10,51.7599983215332,51.900001525878906,51.66999816894531,51.68000030517578,,4555500
2026-03-11,51.56999969482422,51.56999969482422,51.290000915527344,51.34999847412109,,3311800
2026-03-12,51.27000045776367,51.27999877929688,51.02999877929688,51.09999847412109,,6809200
2026-03-13,51.20000076293945,51.275001525878906,50.914798736572266,50.970001220703125,,2707611
